
:=========== Few-shot Seg. with Matcher ===========
|             datapath: /content/datasets       
|            benchmark: fss                     
|                  bsz: 1                       
|              nworker: 0                       
|                 fold: 0                       
|                nshot: 1                       
|             img_size: 518                     
| use_original_imgsize: False                   
|             log_root: output/fss/fold0_forward_only
|            visualize: 0                       
|          dinov2_size: vit_large               
|             sam_size: vit_h                   
|       dinov2_weights: models/dinov2_vitl14_pretrain.pth
|          sam_weights: models/sam_vit_h_4b8939.pth
|     use_semantic_sam: False                   
| semantic_sam_weights: models/swint_only_sam_many2many.pth
|      points_per_side: 64                      
|      pred_iou_thresh: 0.88                    
| sel_stability_score_thresh: 0.0                     
| stability_score_thresh: 0.95                    
|           iou_filter: 0.0                     
|       box_nms_thresh: 1.0                     
|         output_layer: 3                       
| dense_multimask_output: 0                       
|       use_dense_mask: 0                       
|     multimask_output: 0                       
|          num_centers: 8                       
|              use_box: False                   
| use_points_or_centers: False                   
|         sample_range: (4, 6)                  
| max_sample_iterations: 30                      
|                alpha: 0.8                     
|                 beta: 0.2                     
|                  exp: 1.0                     
|           emd_filter: 0.0                     
|        purity_filter: 0.0                     
|      coverage_filter: 0.0                     
|     use_score_filter: False                   
| deep_score_norm_filter: 0.1                     
|    deep_score_filter: 0.33                    
| topk_scores_threshold: 0.7                     
|     num_merging_mask: 10                      
:================================================

# available GPUs: 1
using MLP layer as FFN
Pretrained weights found at models/dinov2_vitl14_pretrain.pth and loaded with msg: <All keys matched successfully>
[Batch: 0001/2400] mIoU:  0.26  |  FB-IoU: 74.88 |  0: 63.22    |  1:  0.00    |  2:  0.00    |  3:  0.00    |  4:  0.00    |  5:  0.00    |  6:  0.00    |  7:  0.00    |  8:  0.00    |  9:  0.00    |  10:  0.00    |  11:  0.00    |  12:  0.00    |  13:  0.00    |  14:  0.00    |  15:  0.00    |  16:  0.00    |  17:  0.00    |  18:  0.00    |  19:  0.00   
[Batch: 0002/2400] mIoU:  0.32  |  FB-IoU: 85.04 |  0: 77.54    |  1:  0.00    |  2:  0.00    |  3:  0.00    |  4:  0.00    |  5:  0.00    |  6:  0.00    |  7:  0.00    |  8:  0.00    |  9:  0.00    |  10:  0.00    |  11:  0.00    |  12:  0.00    |  13:  0.00    |  14:  0.00    |  15:  0.00    |  16:  0.00    |  17:  0.00    |  18:  0.00    |  19:  0.00   
[Batch: 0003/2400] mIoU:  0.35  |  FB-IoU: 89.35 |  0: 84.19    |  1:  0.00    |  2:  0.00    |  3:  0.00    |  4:  0.00    |  5:  0.00    |  6:  0.00    |  7:  0.00    |  8:  0.00    |  9:  0.00    |  10:  0.00    |  11:  0.00    |  12:  0.00    |  13:  0.00    |  14:  0.00    |  15:  0.00    |  16:  0.00    |  17:  0.00    |  18:  0.00    |  19:  0.00   
[Batch: 0004/2400] mIoU:  0.36  |  FB-IoU: 90.93 |  0: 86.32    |  1:  0.00    |  2:  0.00    |  3:  0.00    |  4:  0.00    |  5:  0.00    |  6:  0.00    |  7:  0.00    |  8:  0.00    |  9:  0.00    |  10:  0.00    |  11:  0.00    |  12:  0.00    |  13:  0.00    |  14:  0.00    |  15:  0.00    |  16:  0.00    |  17:  0.00    |  18:  0.00    |  19:  0.00   
[Batch: 0005/2400] mIoU:  0.36  |  FB-IoU: 91.94 |  0: 87.59    |  1:  0.00    |  2:  0.00    |  3:  0.00    |  4:  0.00    |  5:  0.00    |  6:  0.00    |  7:  0.00    |  8:  0.00    |  9:  0.00    |  10:  0.00    |  11:  0.00    |  12:  0.00    |  13:  0.00    |  14:  0.00    |  15:  0.00    |  16:  0.00    |  17:  0.00    |  18:  0.00    |  19:  0.00   
[Batch: 0006/2400] mIoU:  0.37  |  FB-IoU: 92.03 |  0: 87.79    |  1:  0.00    |  2:  0.00    |  3:  0.00    |  4:  0.00    |  5:  0.00    |  6:  0.00    |  7:  0.00    |  8:  0.00    |  9:  0.00    |  10:  0.00    |  11:  0.00    |  12:  0.00    |  13:  0.00    |  14:  0.00    |  15:  0.00    |  16:  0.00    |  17:  0.00    |  18:  0.00    |  19:  0.00   
[Batch: 0007/2400] mIoU:  0.37  |  FB-IoU: 92.23 |  0: 88.10    |  1:  0.00    |  2:  0.00    |  3:  0.00    |  4:  0.00    |  5:  0.00    |  6:  0.00    |  7:  0.00    |  8:  0.00    |  9:  0.00    |  10:  0.00    |  11:  0.00    |  12:  0.00    |  13:  0.00    |  14:  0.00    |  15:  0.00    |  16:  0.00    |  17:  0.00    |  18:  0.00    |  19:  0.00   
[Batch: 0008/2400] mIoU:  0.36  |  FB-IoU: 91.74 |  0: 87.15    |  1:  0.00    |  2:  0.00    |  3:  0.00    |  4:  0.00    |  5:  0.00    |  6:  0.00    |  7:  0.00    |  8:  0.00    |  9:  0.00    |  10:  0.00    |  11:  0.00    |  12:  0.00    |  13:  0.00    |  14:  0.00    |  15:  0.00    |  16:  0.00    |  17:  0.00    |  18:  0.00    |  19:  0.00   
[Batch: 0009/2400] mIoU:  0.37  |  FB-IoU: 92.22 |  0: 87.90    |  1:  0.00    |  2:  0.00    |  3:  0.00    |  4:  0.00    |  5:  0.00    |  6:  0.00    |  7:  0.00    |  8:  0.00    |  9:  0.00    |  10:  0.00    |  11:  0.00    |  12:  0.00    |  13:  0.00    |  14:  0.00    |  15:  0.00    |  16:  0.00    |  17:  0.00    |  18:  0.00    |  19:  0.00   
[Batch: 0010/2400] mIoU:  0.37  |  FB-IoU: 92.61 |  0: 88.53    |  1:  0.00    |  2:  0.00    |  3:  0.00    |  4:  0.00    |  5:  0.00    |  6:  0.00    |  7:  0.00    |  8:  0.00    |  9:  0.00    |  10:  0.00    |  11:  0.00    |  12:  0.00    |  13:  0.00    |  14:  0.00    |  15:  0.00    |  16:  0.00    |  17:  0.00    |  18:  0.00    |  19:  0.00   
[Batch: 0011/2400] mIoU:  0.77  |  FB-IoU: 93.24 |  0: 88.53    |  1: 96.76    |  2:  0.00    |  3:  0.00    |  4:  0.00    |  5:  0.00    |  6:  0.00    |  7:  0.00    |  8:  0.00    |  9:  0.00    |  10:  0.00    |  11:  0.00    |  12:  0.00    |  13:  0.00    |  14:  0.00    |  15:  0.00    |  16:  0.00    |  17:  0.00    |  18:  0.00    |  19:  0.00   
[Batch: 0012/2400] mIoU:  0.77  |  FB-IoU: 93.49 |  0: 88.53    |  1: 96.39    |  2:  0.00    |  3:  0.00    |  4:  0.00    |  5:  0.00    |  6:  0.00    |  7:  0.00    |  8:  0.00    |  9:  0.00    |  10:  0.00    |  11:  0.00    |  12:  0.00    |  13:  0.00    |  14:  0.00    |  15:  0.00    |  16:  0.00    |  17:  0.00    |  18:  0.00    |  19:  0.00   
[Batch: 0013/2400] mIoU:  0.68  |  FB-IoU: 89.52 |  0: 88.53    |  1: 74.13    |  2:  0.00    |  3:  0.00    |  4:  0.00    |  5:  0.00    |  6:  0.00    |  7:  0.00    |  8:  0.00    |  9:  0.00    |  10:  0.00    |  11:  0.00    |  12:  0.00    |  13:  0.00    |  14:  0.00    |  15:  0.00    |  16:  0.00    |  17:  0.00    |  18:  0.00    |  19:  0.00   
[Batch: 0014/2400] mIoU:  0.71  |  FB-IoU: 90.32 |  0: 88.53    |  1: 80.96    |  2:  0.00    |  3:  0.00    |  4:  0.00    |  5:  0.00    |  6:  0.00    |  7:  0.00    |  8:  0.00    |  9:  0.00    |  10:  0.00    |  11:  0.00    |  12:  0.00    |  13:  0.00    |  14:  0.00    |  15:  0.00    |  16:  0.00    |  17:  0.00    |  18:  0.00    |  19:  0.00   
[Batch: 0015/2400] mIoU:  0.70  |  FB-IoU: 90.10 |  0: 88.53    |  1: 80.51    |  2:  0.00    |  3:  0.00    |  4:  0.00    |  5:  0.00    |  6:  0.00    |  7:  0.00    |  8:  0.00    |  9:  0.00    |  10:  0.00    |  11:  0.00    |  12:  0.00    |  13:  0.00    |  14:  0.00    |  15:  0.00    |  16:  0.00    |  17:  0.00    |  18:  0.00    |  19:  0.00   
[Batch: 0016/2400] mIoU:  0.72  |  FB-IoU: 90.64 |  0: 88.53    |  1: 83.61    |  2:  0.00    |  3:  0.00    |  4:  0.00    |  5:  0.00    |  6:  0.00    |  7:  0.00    |  8:  0.00    |  9:  0.00    |  10:  0.00    |  11:  0.00    |  12:  0.00    |  13:  0.00    |  14:  0.00    |  15:  0.00    |  16:  0.00    |  17:  0.00    |  18:  0.00    |  19:  0.00   
[Batch: 0017/2400] mIoU:  0.72  |  FB-IoU: 91.03 |  0: 88.53    |  1: 85.05    |  2:  0.00    |  3:  0.00    |  4:  0.00    |  5:  0.00    |  6:  0.00    |  7:  0.00    |  8:  0.00    |  9:  0.00    |  10:  0.00    |  11:  0.00    |  12:  0.00    |  13:  0.00    |  14:  0.00    |  15:  0.00    |  16:  0.00    |  17:  0.00    |  18:  0.00    |  19:  0.00   
[Batch: 0018/2400] mIoU:  0.73  |  FB-IoU: 91.36 |  0: 88.53    |  1: 86.13    |  2:  0.00    |  3:  0.00    |  4:  0.00    |  5:  0.00    |  6:  0.00    |  7:  0.00    |  8:  0.00    |  9:  0.00    |  10:  0.00    |  11:  0.00    |  12:  0.00    |  13:  0.00    |  14:  0.00    |  15:  0.00    |  16:  0.00    |  17:  0.00    |  18:  0.00    |  19:  0.00   
[Batch: 0019/2400] mIoU:  0.73  |  FB-IoU: 91.43 |  0: 88.53    |  1: 86.75    |  2:  0.00    |  3:  0.00    |  4:  0.00    |  5:  0.00    |  6:  0.00    |  7:  0.00    |  8:  0.00    |  9:  0.00    |  10:  0.00    |  11:  0.00    |  12:  0.00    |  13:  0.00    |  14:  0.00    |  15:  0.00    |  16:  0.00    |  17:  0.00    |  18:  0.00    |  19:  0.00   
[Batch: 0020/2400] mIoU:  0.73  |  FB-IoU: 91.62 |  0: 88.53    |  1: 87.24    |  2:  0.00    |  3:  0.00    |  4:  0.00    |  5:  0.00    |  6:  0.00    |  7:  0.00    |  8:  0.00    |  9:  0.00    |  10:  0.00    |  11:  0.00    |  12:  0.00    |  13:  0.00    |  14:  0.00    |  15:  0.00    |  16:  0.00    |  17:  0.00    |  18:  0.00    |  19:  0.00   
[Batch: 0021/2400] mIoU:  1.12  |  FB-IoU: 91.82 |  0: 88.53    |  1: 87.24    |  2: 93.37    |  3:  0.00    |  4:  0.00    |  5:  0.00    |  6:  0.00    |  7:  0.00    |  8:  0.00    |  9:  0.00    |  10:  0.00    |  11:  0.00    |  12:  0.00    |  13:  0.00    |  14:  0.00    |  15:  0.00    |  16:  0.00    |  17:  0.00    |  18:  0.00    |  19:  0.00   
[Batch: 0022/2400] mIoU:  1.12  |  FB-IoU: 91.94 |  0: 88.53    |  1: 87.24    |  2: 92.88    |  3:  0.00    |  4:  0.00    |  5:  0.00    |  6:  0.00    |  7:  0.00    |  8:  0.00    |  9:  0.00    |  10:  0.00    |  11:  0.00    |  12:  0.00    |  13:  0.00    |  14:  0.00    |  15:  0.00    |  16:  0.00    |  17:  0.00    |  18:  0.00    |  19:  0.00   
[Batch: 0023/2400] mIoU:  1.12  |  FB-IoU: 92.09 |  0: 88.53    |  1: 87.24    |  2: 93.01    |  3:  0.00    |  4:  0.00    |  5:  0.00    |  6:  0.00    |  7:  0.00    |  8:  0.00    |  9:  0.00    |  10:  0.00    |  11:  0.00    |  12:  0.00    |  13:  0.00    |  14:  0.00    |  15:  0.00    |  16:  0.00    |  17:  0.00    |  18:  0.00    |  19:  0.00   
[Batch: 0024/2400] mIoU:  1.12  |  FB-IoU: 92.18 |  0: 88.53    |  1: 87.24    |  2: 92.72    |  3:  0.00    |  4:  0.00    |  5:  0.00    |  6:  0.00    |  7:  0.00    |  8:  0.00    |  9:  0.00    |  10:  0.00    |  11:  0.00    |  12:  0.00    |  13:  0.00    |  14:  0.00    |  15:  0.00    |  16:  0.00    |  17:  0.00    |  18:  0.00    |  19:  0.00   
[Batch: 0025/2400] mIoU:  1.12  |  FB-IoU: 92.27 |  0: 88.53    |  1: 87.24    |  2: 92.56    |  3:  0.00    |  4:  0.00    |  5:  0.00    |  6:  0.00    |  7:  0.00    |  8:  0.00    |  9:  0.00    |  10:  0.00    |  11:  0.00    |  12:  0.00    |  13:  0.00    |  14:  0.00    |  15:  0.00    |  16:  0.00    |  17:  0.00    |  18:  0.00    |  19:  0.00   
[Batch: 0026/2400] mIoU:  1.12  |  FB-IoU: 92.38 |  0: 88.53    |  1: 87.24    |  2: 92.67    |  3:  0.00    |  4:  0.00    |  5:  0.00    |  6:  0.00    |  7:  0.00    |  8:  0.00    |  9:  0.00    |  10:  0.00    |  11:  0.00    |  12:  0.00    |  13:  0.00    |  14:  0.00    |  15:  0.00    |  16:  0.00    |  17:  0.00    |  18:  0.00    |  19:  0.00   
[Batch: 0027/2400] mIoU:  1.11  |  FB-IoU: 92.29 |  0: 88.53    |  1: 87.24    |  2: 91.80    |  3:  0.00    |  4:  0.00    |  5:  0.00    |  6:  0.00    |  7:  0.00    |  8:  0.00    |  9:  0.00    |  10:  0.00    |  11:  0.00    |  12:  0.00    |  13:  0.00    |  14:  0.00    |  15:  0.00    |  16:  0.00    |  17:  0.00    |  18:  0.00    |  19:  0.00   
[Batch: 0028/2400] mIoU:  1.11  |  FB-IoU: 92.16 |  0: 88.53    |  1: 87.24    |  2: 90.77    |  3:  0.00    |  4:  0.00    |  5:  0.00    |  6:  0.00    |  7:  0.00    |  8:  0.00    |  9:  0.00    |  10:  0.00    |  11:  0.00    |  12:  0.00    |  13:  0.00    |  14:  0.00    |  15:  0.00    |  16:  0.00    |  17:  0.00    |  18:  0.00    |  19:  0.00   
[Batch: 0029/2400] mIoU:  1.11  |  FB-IoU: 92.25 |  0: 88.53    |  1: 87.24    |  2: 91.00    |  3:  0.00    |  4:  0.00    |  5:  0.00    |  6:  0.00    |  7:  0.00    |  8:  0.00    |  9:  0.00    |  10:  0.00    |  11:  0.00    |  12:  0.00    |  13:  0.00    |  14:  0.00    |  15:  0.00    |  16:  0.00    |  17:  0.00    |  18:  0.00    |  19:  0.00   
[Batch: 0030/2400] mIoU:  1.11  |  FB-IoU: 92.39 |  0: 88.53    |  1: 87.24    |  2: 91.34    |  3:  0.00    |  4:  0.00    |  5:  0.00    |  6:  0.00    |  7:  0.00    |  8:  0.00    |  9:  0.00    |  10:  0.00    |  11:  0.00    |  12:  0.00    |  13:  0.00    |  14:  0.00    |  15:  0.00    |  16:  0.00    |  17:  0.00    |  18:  0.00    |  19:  0.00   
[Batch: 0031/2400] mIoU:  1.43  |  FB-IoU: 92.26 |  0: 88.53    |  1: 87.24    |  2: 91.34    |  3: 75.34    |  4:  0.00    |  5:  0.00    |  6:  0.00    |  7:  0.00    |  8:  0.00    |  9:  0.00    |  10:  0.00    |  11:  0.00    |  12:  0.00    |  13:  0.00    |  14:  0.00    |  15:  0.00    |  16:  0.00    |  17:  0.00    |  18:  0.00    |  19:  0.00   
[Batch: 0032/2400] mIoU:  1.47  |  FB-IoU: 92.34 |  0: 88.53    |  1: 87.24    |  2: 91.34    |  3: 85.74    |  4:  0.00    |  5:  0.00    |  6:  0.00    |  7:  0.00    |  8:  0.00    |  9:  0.00    |  10:  0.00    |  11:  0.00    |  12:  0.00    |  13:  0.00    |  14:  0.00    |  15:  0.00    |  16:  0.00    |  17:  0.00    |  18:  0.00    |  19:  0.00   
[Batch: 0033/2400] mIoU:  1.47  |  FB-IoU: 92.40 |  0: 88.53    |  1: 87.24    |  2: 91.34    |  3: 86.60    |  4:  0.00    |  5:  0.00    |  6:  0.00    |  7:  0.00    |  8:  0.00    |  9:  0.00    |  10:  0.00    |  11:  0.00    |  12:  0.00    |  13:  0.00    |  14:  0.00    |  15:  0.00    |  16:  0.00    |  17:  0.00    |  18:  0.00    |  19:  0.00   
[Batch: 0034/2400] mIoU:  1.48  |  FB-IoU: 92.48 |  0: 88.53    |  1: 87.24    |  2: 91.34    |  3: 87.79    |  4:  0.00    |  5:  0.00    |  6:  0.00    |  7:  0.00    |  8:  0.00    |  9:  0.00    |  10:  0.00    |  11:  0.00    |  12:  0.00    |  13:  0.00    |  14:  0.00    |  15:  0.00    |  16:  0.00    |  17:  0.00    |  18:  0.00    |  19:  0.00   
[Batch: 0035/2400] mIoU:  1.49  |  FB-IoU: 92.65 |  0: 88.53    |  1: 87.24    |  2: 91.34    |  3: 90.92    |  4:  0.00    |  5:  0.00    |  6:  0.00    |  7:  0.00    |  8:  0.00    |  9:  0.00    |  10:  0.00    |  11:  0.00    |  12:  0.00    |  13:  0.00    |  14:  0.00    |  15:  0.00    |  16:  0.00    |  17:  0.00    |  18:  0.00    |  19:  0.00   
[Batch: 0036/2400] mIoU:  1.49  |  FB-IoU: 92.71 |  0: 88.53    |  1: 87.24    |  2: 91.34    |  3: 90.99    |  4:  0.00    |  5:  0.00    |  6:  0.00    |  7:  0.00    |  8:  0.00    |  9:  0.00    |  10:  0.00    |  11:  0.00    |  12:  0.00    |  13:  0.00    |  14:  0.00    |  15:  0.00    |  16:  0.00    |  17:  0.00    |  18:  0.00    |  19:  0.00   
[Batch: 0037/2400] mIoU:  1.49  |  FB-IoU: 92.78 |  0: 88.53    |  1: 87.24    |  2: 91.34    |  3: 91.16    |  4:  0.00    |  5:  0.00    |  6:  0.00    |  7:  0.00    |  8:  0.00    |  9:  0.00    |  10:  0.00    |  11:  0.00    |  12:  0.00    |  13:  0.00    |  14:  0.00    |  15:  0.00    |  16:  0.00    |  17:  0.00    |  18:  0.00    |  19:  0.00   
[Batch: 0038/2400] mIoU:  1.49  |  FB-IoU: 92.80 |  0: 88.53    |  1: 87.24    |  2: 91.34    |  3: 90.84    |  4:  0.00    |  5:  0.00    |  6:  0.00    |  7:  0.00    |  8:  0.00    |  9:  0.00    |  10:  0.00    |  11:  0.00    |  12:  0.00    |  13:  0.00    |  14:  0.00    |  15:  0.00    |  16:  0.00    |  17:  0.00    |  18:  0.00    |  19:  0.00   
[Batch: 0039/2400] mIoU:  1.49  |  FB-IoU: 92.82 |  0: 88.53    |  1: 87.24    |  2: 91.34    |  3: 90.60    |  4:  0.00    |  5:  0.00    |  6:  0.00    |  7:  0.00    |  8:  0.00    |  9:  0.00    |  10:  0.00    |  11:  0.00    |  12:  0.00    |  13:  0.00    |  14:  0.00    |  15:  0.00    |  16:  0.00    |  17:  0.00    |  18:  0.00    |  19:  0.00   
[Batch: 0040/2400] mIoU:  1.49  |  FB-IoU: 92.88 |  0: 88.53    |  1: 87.24    |  2: 91.34    |  3: 90.86    |  4:  0.00    |  5:  0.00    |  6:  0.00    |  7:  0.00    |  8:  0.00    |  9:  0.00    |  10:  0.00    |  11:  0.00    |  12:  0.00    |  13:  0.00    |  14:  0.00    |  15:  0.00    |  16:  0.00    |  17:  0.00    |  18:  0.00    |  19:  0.00   
[Batch: 0041/2400] mIoU:  1.88  |  FB-IoU: 92.93 |  0: 88.53    |  1: 87.24    |  2: 91.34    |  3: 90.86    |  4: 92.60    |  5:  0.00    |  6:  0.00    |  7:  0.00    |  8:  0.00    |  9:  0.00    |  10:  0.00    |  11:  0.00    |  12:  0.00    |  13:  0.00    |  14:  0.00    |  15:  0.00    |  16:  0.00    |  17:  0.00    |  18:  0.00    |  19:  0.00   
[Batch: 0042/2400] mIoU:  1.87  |  FB-IoU: 92.94 |  0: 88.53    |  1: 87.24    |  2: 91.34    |  3: 90.86    |  4: 90.91    |  5:  0.00    |  6:  0.00    |  7:  0.00    |  8:  0.00    |  9:  0.00    |  10:  0.00    |  11:  0.00    |  12:  0.00    |  13:  0.00    |  14:  0.00    |  15:  0.00    |  16:  0.00    |  17:  0.00    |  18:  0.00    |  19:  0.00   
[Batch: 0043/2400] mIoU:  1.66  |  FB-IoU: 89.22 |  0: 88.53    |  1: 87.24    |  2: 91.34    |  3: 90.86    |  4: 40.15    |  5:  0.00    |  6:  0.00    |  7:  0.00    |  8:  0.00    |  9:  0.00    |  10:  0.00    |  11:  0.00    |  12:  0.00    |  13:  0.00    |  14:  0.00    |  15:  0.00    |  16:  0.00    |  17:  0.00    |  18:  0.00    |  19:  0.00   
[Batch: 0044/2400] mIoU:  1.69  |  FB-IoU: 89.38 |  0: 88.53    |  1: 87.24    |  2: 91.34    |  3: 90.86    |  4: 47.62    |  5:  0.00    |  6:  0.00    |  7:  0.00    |  8:  0.00    |  9:  0.00    |  10:  0.00    |  11:  0.00    |  12:  0.00    |  13:  0.00    |  14:  0.00    |  15:  0.00    |  16:  0.00    |  17:  0.00    |  18:  0.00    |  19:  0.00   
[Batch: 0045/2400] mIoU:  1.69  |  FB-IoU: 89.31 |  0: 88.53    |  1: 87.24    |  2: 91.34    |  3: 90.86    |  4: 48.75    |  5:  0.00    |  6:  0.00    |  7:  0.00    |  8:  0.00    |  9:  0.00    |  10:  0.00    |  11:  0.00    |  12:  0.00    |  13:  0.00    |  14:  0.00    |  15:  0.00    |  16:  0.00    |  17:  0.00    |  18:  0.00    |  19:  0.00   
[Batch: 0046/2400] mIoU:  1.62  |  FB-IoU: 84.99 |  0: 88.53    |  1: 87.24    |  2: 91.34    |  3: 90.86    |  4: 31.01    |  5:  0.00    |  6:  0.00    |  7:  0.00    |  8:  0.00    |  9:  0.00    |  10:  0.00    |  11:  0.00    |  12:  0.00    |  13:  0.00    |  14:  0.00    |  15:  0.00    |  16:  0.00    |  17:  0.00    |  18:  0.00    |  19:  0.00   
[Batch: 0047/2400] mIoU:  1.64  |  FB-IoU: 85.18 |  0: 88.53    |  1: 87.24    |  2: 91.34    |  3: 90.86    |  4: 35.05    |  5:  0.00    |  6:  0.00    |  7:  0.00    |  8:  0.00    |  9:  0.00    |  10:  0.00    |  11:  0.00    |  12:  0.00    |  13:  0.00    |  14:  0.00    |  15:  0.00    |  16:  0.00    |  17:  0.00    |  18:  0.00    |  19:  0.00   
[Batch: 0048/2400] mIoU:  1.65  |  FB-IoU: 85.14 |  0: 88.53    |  1: 87.24    |  2: 91.34    |  3: 90.86    |  4: 37.65    |  5:  0.00    |  6:  0.00    |  7:  0.00    |  8:  0.00    |  9:  0.00    |  10:  0.00    |  11:  0.00    |  12:  0.00    |  13:  0.00    |  14:  0.00    |  15:  0.00    |  16:  0.00    |  17:  0.00    |  18:  0.00    |  19:  0.00   
[Batch: 0049/2400] mIoU:  1.66  |  FB-IoU: 85.25 |  0: 88.53    |  1: 87.24    |  2: 91.34    |  3: 90.86    |  4: 39.47    |  5:  0.00    |  6:  0.00    |  7:  0.00    |  8:  0.00    |  9:  0.00    |  10:  0.00    |  11:  0.00    |  12:  0.00    |  13:  0.00    |  14:  0.00    |  15:  0.00    |  16:  0.00    |  17:  0.00    |  18:  0.00    |  19:  0.00   
[Batch: 0050/2400] mIoU:  1.67  |  FB-IoU: 85.44 |  0: 88.53    |  1: 87.24    |  2: 91.34    |  3: 90.86    |  4: 43.35    |  5:  0.00    |  6:  0.00    |  7:  0.00    |  8:  0.00    |  9:  0.00    |  10:  0.00    |  11:  0.00    |  12:  0.00    |  13:  0.00    |  14:  0.00    |  15:  0.00    |  16:  0.00    |  17:  0.00    |  18:  0.00    |  19:  0.00   
[Batch: 0051/2400] mIoU:  2.05  |  FB-IoU: 85.58 |  0: 88.53    |  1: 87.24    |  2: 91.34    |  3: 90.86    |  4: 43.35    |  5: 91.58    |  6:  0.00    |  7:  0.00    |  8:  0.00    |  9:  0.00    |  10:  0.00    |  11:  0.00    |  12:  0.00    |  13:  0.00    |  14:  0.00    |  15:  0.00    |  16:  0.00    |  17:  0.00    |  18:  0.00    |  19:  0.00   
[Batch: 0052/2400] mIoU:  2.04  |  FB-IoU: 85.65 |  0: 88.53    |  1: 87.24    |  2: 91.34    |  3: 90.86    |  4: 43.35    |  5: 88.07    |  6:  0.00    |  7:  0.00    |  8:  0.00    |  9:  0.00    |  10:  0.00    |  11:  0.00    |  12:  0.00    |  13:  0.00    |  14:  0.00    |  15:  0.00    |  16:  0.00    |  17:  0.00    |  18:  0.00    |  19:  0.00   
[Batch: 0053/2400] mIoU:  2.03  |  FB-IoU: 85.73 |  0: 88.53    |  1: 87.24    |  2: 91.34    |  3: 90.86    |  4: 43.35    |  5: 86.25    |  6:  0.00    |  7:  0.00    |  8:  0.00    |  9:  0.00    |  10:  0.00    |  11:  0.00    |  12:  0.00    |  13:  0.00    |  14:  0.00    |  15:  0.00    |  16:  0.00    |  17:  0.00    |  18:  0.00    |  19:  0.00   
[Batch: 0054/2400] mIoU:  2.03  |  FB-IoU: 85.82 |  0: 88.53    |  1: 87.24    |  2: 91.34    |  3: 90.86    |  4: 43.35    |  5: 86.37    |  6:  0.00    |  7:  0.00    |  8:  0.00    |  9:  0.00    |  10:  0.00    |  11:  0.00    |  12:  0.00    |  13:  0.00    |  14:  0.00    |  15:  0.00    |  16:  0.00    |  17:  0.00    |  18:  0.00    |  19:  0.00   
[Batch: 0055/2400] mIoU:  2.01  |  FB-IoU: 85.76 |  0: 88.53    |  1: 87.24    |  2: 91.34    |  3: 90.86    |  4: 43.35    |  5: 82.19    |  6:  0.00    |  7:  0.00    |  8:  0.00    |  9:  0.00    |  10:  0.00    |  11:  0.00    |  12:  0.00    |  13:  0.00    |  14:  0.00    |  15:  0.00    |  16:  0.00    |  17:  0.00    |  18:  0.00    |  19:  0.00   
[Batch: 0056/2400] mIoU:  2.02  |  FB-IoU: 85.83 |  0: 88.53    |  1: 87.24    |  2: 91.34    |  3: 90.86    |  4: 43.35    |  5: 82.49    |  6:  0.00    |  7:  0.00    |  8:  0.00    |  9:  0.00    |  10:  0.00    |  11:  0.00    |  12:  0.00    |  13:  0.00    |  14:  0.00    |  15:  0.00    |  16:  0.00    |  17:  0.00    |  18:  0.00    |  19:  0.00   
[Batch: 0057/2400] mIoU:  2.02  |  FB-IoU: 85.95 |  0: 88.53    |  1: 87.24    |  2: 91.34    |  3: 90.86    |  4: 43.35    |  5: 83.97    |  6:  0.00    |  7:  0.00    |  8:  0.00    |  9:  0.00    |  10:  0.00    |  11:  0.00    |  12:  0.00    |  13:  0.00    |  14:  0.00    |  15:  0.00    |  16:  0.00    |  17:  0.00    |  18:  0.00    |  19:  0.00   
[Batch: 0058/2400] mIoU:  2.02  |  FB-IoU: 85.90 |  0: 88.53    |  1: 87.24    |  2: 91.34    |  3: 90.86    |  4: 43.35    |  5: 82.31    |  6:  0.00    |  7:  0.00    |  8:  0.00    |  9:  0.00    |  10:  0.00    |  11:  0.00    |  12:  0.00    |  13:  0.00    |  14:  0.00    |  15:  0.00    |  16:  0.00    |  17:  0.00    |  18:  0.00    |  19:  0.00   
[Batch: 0059/2400] mIoU:  2.02  |  FB-IoU: 86.02 |  0: 88.53    |  1: 87.24    |  2: 91.34    |  3: 90.86    |  4: 43.35    |  5: 83.29    |  6:  0.00    |  7:  0.00    |  8:  0.00    |  9:  0.00    |  10:  0.00    |  11:  0.00    |  12:  0.00    |  13:  0.00    |  14:  0.00    |  15:  0.00    |  16:  0.00    |  17:  0.00    |  18:  0.00    |  19:  0.00   
[Batch: 0060/2400] mIoU:  2.02  |  FB-IoU: 86.10 |  0: 88.53    |  1: 87.24    |  2: 91.34    |  3: 90.86    |  4: 43.35    |  5: 83.62    |  6:  0.00    |  7:  0.00    |  8:  0.00    |  9:  0.00    |  10:  0.00    |  11:  0.00    |  12:  0.00    |  13:  0.00    |  14:  0.00    |  15:  0.00    |  16:  0.00    |  17:  0.00    |  18:  0.00    |  19:  0.00   
[Batch: 0061/2400] mIoU:  2.43  |  FB-IoU: 86.31 |  0: 88.53    |  1: 87.24    |  2: 91.34    |  3: 90.86    |  4: 43.35    |  5: 83.62    |  6: 97.93    |  7:  0.00    |  8:  0.00    |  9:  0.00    |  10:  0.00    |  11:  0.00    |  12:  0.00    |  13:  0.00    |  14:  0.00    |  15:  0.00    |  16:  0.00    |  17:  0.00    |  18:  0.00    |  19:  0.00   
[Batch: 0062/2400] mIoU:  2.43  |  FB-IoU: 86.40 |  0: 88.53    |  1: 87.24    |  2: 91.34    |  3: 90.86    |  4: 43.35    |  5: 83.62    |  6: 97.65    |  7:  0.00    |  8:  0.00    |  9:  0.00    |  10:  0.00    |  11:  0.00    |  12:  0.00    |  13:  0.00    |  14:  0.00    |  15:  0.00    |  16:  0.00    |  17:  0.00    |  18:  0.00    |  19:  0.00   
[Batch: 0063/2400] mIoU:  2.43  |  FB-IoU: 86.50 |  0: 88.53    |  1: 87.24    |  2: 91.34    |  3: 90.86    |  4: 43.35    |  5: 83.62    |  6: 97.56    |  7:  0.00    |  8:  0.00    |  9:  0.00    |  10:  0.00    |  11:  0.00    |  12:  0.00    |  13:  0.00    |  14:  0.00    |  15:  0.00    |  16:  0.00    |  17:  0.00    |  18:  0.00    |  19:  0.00   
[Batch: 0064/2400] mIoU:  2.25  |  FB-IoU: 85.50 |  0: 88.53    |  1: 87.24    |  2: 91.34    |  3: 90.86    |  4: 43.35    |  5: 83.62    |  6: 56.03    |  7:  0.00    |  8:  0.00    |  9:  0.00    |  10:  0.00    |  11:  0.00    |  12:  0.00    |  13:  0.00    |  14:  0.00    |  15:  0.00    |  16:  0.00    |  17:  0.00    |  18:  0.00    |  19:  0.00   
[Batch: 0065/2400] mIoU:  2.27  |  FB-IoU: 85.59 |  0: 88.53    |  1: 87.24    |  2: 91.34    |  3: 90.86    |  4: 43.35    |  5: 83.62    |  6: 58.79    |  7:  0.00    |  8:  0.00    |  9:  0.00    |  10:  0.00    |  11:  0.00    |  12:  0.00    |  13:  0.00    |  14:  0.00    |  15:  0.00    |  16:  0.00    |  17:  0.00    |  18:  0.00    |  19:  0.00   
[Batch: 0066/2400] mIoU:  2.14  |  FB-IoU: 82.64 |  0: 88.53    |  1: 87.24    |  2: 91.34    |  3: 90.86    |  4: 43.35    |  5: 83.62    |  6: 28.13    |  7:  0.00    |  8:  0.00    |  9:  0.00    |  10:  0.00    |  11:  0.00    |  12:  0.00    |  13:  0.00    |  14:  0.00    |  15:  0.00    |  16:  0.00    |  17:  0.00    |  18:  0.00    |  19:  0.00   
[Batch: 0067/2400] mIoU:  2.16  |  FB-IoU: 82.76 |  0: 88.53    |  1: 87.24    |  2: 91.34    |  3: 90.86    |  4: 43.35    |  5: 83.62    |  6: 32.30    |  7:  0.00    |  8:  0.00    |  9:  0.00    |  10:  0.00    |  11:  0.00    |  12:  0.00    |  13:  0.00    |  14:  0.00    |  15:  0.00    |  16:  0.00    |  17:  0.00    |  18:  0.00    |  19:  0.00   
[Batch: 0068/2400] mIoU:  2.12  |  FB-IoU: 80.19 |  0: 88.53    |  1: 87.24    |  2: 91.34    |  3: 90.86    |  4: 43.35    |  5: 83.62    |  6: 22.81    |  7:  0.00    |  8:  0.00    |  9:  0.00    |  10:  0.00    |  11:  0.00    |  12:  0.00    |  13:  0.00    |  14:  0.00    |  15:  0.00    |  16:  0.00    |  17:  0.00    |  18:  0.00    |  19:  0.00   
[Batch: 0069/2400] mIoU:  2.12  |  FB-IoU: 80.30 |  0: 88.53    |  1: 87.24    |  2: 91.34    |  3: 90.86    |  4: 43.35    |  5: 83.62    |  6: 23.51    |  7:  0.00    |  8:  0.00    |  9:  0.00    |  10:  0.00    |  11:  0.00    |  12:  0.00    |  13:  0.00    |  14:  0.00    |  15:  0.00    |  16:  0.00    |  17:  0.00    |  18:  0.00    |  19:  0.00   
[Batch: 0070/2400] mIoU:  2.13  |  FB-IoU: 80.45 |  0: 88.53    |  1: 87.24    |  2: 91.34    |  3: 90.86    |  4: 43.35    |  5: 83.62    |  6: 26.14    |  7:  0.00    |  8:  0.00    |  9:  0.00    |  10:  0.00    |  11:  0.00    |  12:  0.00    |  13:  0.00    |  14:  0.00    |  15:  0.00    |  16:  0.00    |  17:  0.00    |  18:  0.00    |  19:  0.00   
[Batch: 0071/2400] mIoU:  2.52  |  FB-IoU: 80.62 |  0: 88.53    |  1: 87.24    |  2: 91.34    |  3: 90.86    |  4: 43.35    |  5: 83.62    |  6: 26.14    |  7: 93.29    |  8:  0.00    |  9:  0.00    |  10:  0.00    |  11:  0.00    |  12:  0.00    |  13:  0.00    |  14:  0.00    |  15:  0.00    |  16:  0.00    |  17:  0.00    |  18:  0.00    |  19:  0.00   
[Batch: 0072/2400] mIoU:  2.39  |  FB-IoU: 80.18 |  0: 88.53    |  1: 87.24    |  2: 91.34    |  3: 90.86    |  4: 43.35    |  5: 83.62    |  6: 26.14    |  7: 62.41    |  8:  0.00    |  9:  0.00    |  10:  0.00    |  11:  0.00    |  12:  0.00    |  13:  0.00    |  14:  0.00    |  15:  0.00    |  16:  0.00    |  17:  0.00    |  18:  0.00    |  19:  0.00   
[Batch: 0073/2400] mIoU:  2.34  |  FB-IoU: 79.31 |  0: 88.53    |  1: 87.24    |  2: 91.34    |  3: 90.86    |  4: 43.35    |  5: 83.62    |  6: 26.14    |  7: 50.90    |  8:  0.00    |  9:  0.00    |  10:  0.00    |  11:  0.00    |  12:  0.00    |  13:  0.00    |  14:  0.00    |  15:  0.00    |  16:  0.00    |  17:  0.00    |  18:  0.00    |  19:  0.00   
[Batch: 0074/2400] mIoU:  2.35  |  FB-IoU: 79.43 |  0: 88.53    |  1: 87.24    |  2: 91.34    |  3: 90.86    |  4: 43.35    |  5: 83.62    |  6: 26.14    |  7: 54.11    |  8:  0.00    |  9:  0.00    |  10:  0.00    |  11:  0.00    |  12:  0.00    |  13:  0.00    |  14:  0.00    |  15:  0.00    |  16:  0.00    |  17:  0.00    |  18:  0.00    |  19:  0.00   
[Batch: 0075/2400] mIoU:  2.38  |  FB-IoU: 79.51 |  0: 88.53    |  1: 87.24    |  2: 91.34    |  3: 90.86    |  4: 43.35    |  5: 83.62    |  6: 26.14    |  7: 58.93    |  8:  0.00    |  9:  0.00    |  10:  0.00    |  11:  0.00    |  12:  0.00    |  13:  0.00    |  14:  0.00    |  15:  0.00    |  16:  0.00    |  17:  0.00    |  18:  0.00    |  19:  0.00   
[Batch: 0076/2400] mIoU:  2.37  |  FB-IoU: 79.39 |  0: 88.53    |  1: 87.24    |  2: 91.34    |  3: 90.86    |  4: 43.35    |  5: 83.62    |  6: 26.14    |  7: 57.52    |  8:  0.00    |  9:  0.00    |  10:  0.00    |  11:  0.00    |  12:  0.00    |  13:  0.00    |  14:  0.00    |  15:  0.00    |  16:  0.00    |  17:  0.00    |  18:  0.00    |  19:  0.00   
[Batch: 0077/2400] mIoU:  2.38  |  FB-IoU: 79.50 |  0: 88.53    |  1: 87.24    |  2: 91.34    |  3: 90.86    |  4: 43.35    |  5: 83.62    |  6: 26.14    |  7: 59.32    |  8:  0.00    |  9:  0.00    |  10:  0.00    |  11:  0.00    |  12:  0.00    |  13:  0.00    |  14:  0.00    |  15:  0.00    |  16:  0.00    |  17:  0.00    |  18:  0.00    |  19:  0.00   
[Batch: 0078/2400] mIoU:  2.35  |  FB-IoU: 78.64 |  0: 88.53    |  1: 87.24    |  2: 91.34    |  3: 90.86    |  4: 43.35    |  5: 83.62    |  6: 26.14    |  7: 52.69    |  8:  0.00    |  9:  0.00    |  10:  0.00    |  11:  0.00    |  12:  0.00    |  13:  0.00    |  14:  0.00    |  15:  0.00    |  16:  0.00    |  17:  0.00    |  18:  0.00    |  19:  0.00   
[Batch: 0079/2400] mIoU:  2.36  |  FB-IoU: 78.79 |  0: 88.53    |  1: 87.24    |  2: 91.34    |  3: 90.86    |  4: 43.35    |  5: 83.62    |  6: 26.14    |  7: 55.37    |  8:  0.00    |  9:  0.00    |  10:  0.00    |  11:  0.00    |  12:  0.00    |  13:  0.00    |  14:  0.00    |  15:  0.00    |  16:  0.00    |  17:  0.00    |  18:  0.00    |  19:  0.00   
[Batch: 0080/2400] mIoU:  2.37  |  FB-IoU: 78.91 |  0: 88.53    |  1: 87.24    |  2: 91.34    |  3: 90.86    |  4: 43.35    |  5: 83.62    |  6: 26.14    |  7: 57.73    |  8:  0.00    |  9:  0.00    |  10:  0.00    |  11:  0.00    |  12:  0.00    |  13:  0.00    |  14:  0.00    |  15:  0.00    |  16:  0.00    |  17:  0.00    |  18:  0.00    |  19:  0.00   
[Batch: 0081/2400] mIoU:  2.48  |  FB-IoU: 78.39 |  0: 88.53    |  1: 87.24    |  2: 91.34    |  3: 90.86    |  4: 43.35    |  5: 83.62    |  6: 26.14    |  7: 57.73    |  8: 26.10    |  9:  0.00    |  10:  0.00    |  11:  0.00    |  12:  0.00    |  13:  0.00    |  14:  0.00    |  15:  0.00    |  16:  0.00    |  17:  0.00    |  18:  0.00    |  19:  0.00   
[Batch: 0082/2400] mIoU:  2.50  |  FB-IoU: 77.20 |  0: 88.53    |  1: 87.24    |  2: 91.34    |  3: 90.86    |  4: 43.35    |  5: 83.62    |  6: 26.14    |  7: 57.73    |  8: 30.47    |  9:  0.00    |  10:  0.00    |  11:  0.00    |  12:  0.00    |  13:  0.00    |  14:  0.00    |  15:  0.00    |  16:  0.00    |  17:  0.00    |  18:  0.00    |  19:  0.00   
[Batch: 0083/2400] mIoU:  2.52  |  FB-IoU: 77.34 |  0: 88.53    |  1: 87.24    |  2: 91.34    |  3: 90.86    |  4: 43.35    |  5: 83.62    |  6: 26.14    |  7: 57.73    |  8: 36.98    |  9:  0.00    |  10:  0.00    |  11:  0.00    |  12:  0.00    |  13:  0.00    |  14:  0.00    |  15:  0.00    |  16:  0.00    |  17:  0.00    |  18:  0.00    |  19:  0.00   
[Batch: 0084/2400] mIoU:  2.53  |  FB-IoU: 77.36 |  0: 88.53    |  1: 87.24    |  2: 91.34    |  3: 90.86    |  4: 43.35    |  5: 83.62    |  6: 26.14    |  7: 57.73    |  8: 39.30    |  9:  0.00    |  10:  0.00    |  11:  0.00    |  12:  0.00    |  13:  0.00    |  14:  0.00    |  15:  0.00    |  16:  0.00    |  17:  0.00    |  18:  0.00    |  19:  0.00   
[Batch: 0085/2400] mIoU:  2.55  |  FB-IoU: 77.49 |  0: 88.53    |  1: 87.24    |  2: 91.34    |  3: 90.86    |  4: 43.35    |  5: 83.62    |  6: 26.14    |  7: 57.73    |  8: 42.95    |  9:  0.00    |  10:  0.00    |  11:  0.00    |  12:  0.00    |  13:  0.00    |  14:  0.00    |  15:  0.00    |  16:  0.00    |  17:  0.00    |  18:  0.00    |  19:  0.00   
[Batch: 0086/2400] mIoU:  2.57  |  FB-IoU: 77.70 |  0: 88.53    |  1: 87.24    |  2: 91.34    |  3: 90.86    |  4: 43.35    |  5: 83.62    |  6: 26.14    |  7: 57.73    |  8: 49.18    |  9:  0.00    |  10:  0.00    |  11:  0.00    |  12:  0.00    |  13:  0.00    |  14:  0.00    |  15:  0.00    |  16:  0.00    |  17:  0.00    |  18:  0.00    |  19:  0.00   
[Batch: 0087/2400] mIoU:  2.54  |  FB-IoU: 76.83 |  0: 88.53    |  1: 87.24    |  2: 91.34    |  3: 90.86    |  4: 43.35    |  5: 83.62    |  6: 26.14    |  7: 57.73    |  8: 41.94    |  9:  0.00    |  10:  0.00    |  11:  0.00    |  12:  0.00    |  13:  0.00    |  14:  0.00    |  15:  0.00    |  16:  0.00    |  17:  0.00    |  18:  0.00    |  19:  0.00   
[Batch: 0088/2400] mIoU:  2.55  |  FB-IoU: 76.62 |  0: 88.53    |  1: 87.24    |  2: 91.34    |  3: 90.86    |  4: 43.35    |  5: 83.62    |  6: 26.14    |  7: 57.73    |  8: 42.04    |  9:  0.00    |  10:  0.00    |  11:  0.00    |  12:  0.00    |  13:  0.00    |  14:  0.00    |  15:  0.00    |  16:  0.00    |  17:  0.00    |  18:  0.00    |  19:  0.00   
[Batch: 0089/2400] mIoU:  2.56  |  FB-IoU: 76.81 |  0: 88.53    |  1: 87.24    |  2: 91.34    |  3: 90.86    |  4: 43.35    |  5: 83.62    |  6: 26.14    |  7: 57.73    |  8: 46.17    |  9:  0.00    |  10:  0.00    |  11:  0.00    |  12:  0.00    |  13:  0.00    |  14:  0.00    |  15:  0.00    |  16:  0.00    |  17:  0.00    |  18:  0.00    |  19:  0.00   
[Batch: 0090/2400] mIoU:  2.58  |  FB-IoU: 77.01 |  0: 88.53    |  1: 87.24    |  2: 91.34    |  3: 90.86    |  4: 43.35    |  5: 83.62    |  6: 26.14    |  7: 57.73    |  8: 49.25    |  9:  0.00    |  10:  0.00    |  11:  0.00    |  12:  0.00    |  13:  0.00    |  14:  0.00    |  15:  0.00    |  16:  0.00    |  17:  0.00    |  18:  0.00    |  19:  0.00   
[Batch: 0091/2400] mIoU:  2.93  |  FB-IoU: 77.11 |  0: 88.53    |  1: 87.24    |  2: 91.34    |  3: 90.86    |  4: 43.35    |  5: 83.62    |  6: 26.14    |  7: 57.73    |  8: 49.25    |  9: 85.60    |  10:  0.00    |  11:  0.00    |  12:  0.00    |  13:  0.00    |  14:  0.00    |  15:  0.00    |  16:  0.00    |  17:  0.00    |  18:  0.00    |  19:  0.00   
[Batch: 0092/2400] mIoU:  2.95  |  FB-IoU: 77.23 |  0: 88.53    |  1: 87.24    |  2: 91.34    |  3: 90.86    |  4: 43.35    |  5: 83.62    |  6: 26.14    |  7: 57.73    |  8: 49.25    |  9: 89.51    |  10:  0.00    |  11:  0.00    |  12:  0.00    |  13:  0.00    |  14:  0.00    |  15:  0.00    |  16:  0.00    |  17:  0.00    |  18:  0.00    |  19:  0.00   
[Batch: 0093/2400] mIoU:  2.96  |  FB-IoU: 77.39 |  0: 88.53    |  1: 87.24    |  2: 91.34    |  3: 90.86    |  4: 43.35    |  5: 83.62    |  6: 26.14    |  7: 57.73    |  8: 49.25    |  9: 92.78    |  10:  0.00    |  11:  0.00    |  12:  0.00    |  13:  0.00    |  14:  0.00    |  15:  0.00    |  16:  0.00    |  17:  0.00    |  18:  0.00    |  19:  0.00   
[Batch: 0094/2400] mIoU:  2.95  |  FB-IoU: 77.51 |  0: 88.53    |  1: 87.24    |  2: 91.34    |  3: 90.86    |  4: 43.35    |  5: 83.62    |  6: 26.14    |  7: 57.73    |  8: 49.25    |  9: 91.03    |  10:  0.00    |  11:  0.00    |  12:  0.00    |  13:  0.00    |  14:  0.00    |  15:  0.00    |  16:  0.00    |  17:  0.00    |  18:  0.00    |  19:  0.00   
[Batch: 0095/2400] mIoU:  2.96  |  FB-IoU: 77.66 |  0: 88.53    |  1: 87.24    |  2: 91.34    |  3: 90.86    |  4: 43.35    |  5: 83.62    |  6: 26.14    |  7: 57.73    |  8: 49.25    |  9: 91.37    |  10:  0.00    |  11:  0.00    |  12:  0.00    |  13:  0.00    |  14:  0.00    |  15:  0.00    |  16:  0.00    |  17:  0.00    |  18:  0.00    |  19:  0.00   
[Batch: 0096/2400] mIoU:  2.96  |  FB-IoU: 77.79 |  0: 88.53    |  1: 87.24    |  2: 91.34    |  3: 90.86    |  4: 43.35    |  5: 83.62    |  6: 26.14    |  7: 57.73    |  8: 49.25    |  9: 91.85    |  10:  0.00    |  11:  0.00    |  12:  0.00    |  13:  0.00    |  14:  0.00    |  15:  0.00    |  16:  0.00    |  17:  0.00    |  18:  0.00    |  19:  0.00   
[Batch: 0097/2400] mIoU:  2.96  |  FB-IoU: 77.95 |  0: 88.53    |  1: 87.24    |  2: 91.34    |  3: 90.86    |  4: 43.35    |  5: 83.62    |  6: 26.14    |  7: 57.73    |  8: 49.25    |  9: 92.20    |  10:  0.00    |  11:  0.00    |  12:  0.00    |  13:  0.00    |  14:  0.00    |  15:  0.00    |  16:  0.00    |  17:  0.00    |  18:  0.00    |  19:  0.00   
[Batch: 0098/2400] mIoU:  2.96  |  FB-IoU: 78.04 |  0: 88.53    |  1: 87.24    |  2: 91.34    |  3: 90.86    |  4: 43.35    |  5: 83.62    |  6: 26.14    |  7: 57.73    |  8: 49.25    |  9: 91.96    |  10:  0.00    |  11:  0.00    |  12:  0.00    |  13:  0.00    |  14:  0.00    |  15:  0.00    |  16:  0.00    |  17:  0.00    |  18:  0.00    |  19:  0.00   
[Batch: 0099/2400] mIoU:  2.96  |  FB-IoU: 78.21 |  0: 88.53    |  1: 87.24    |  2: 91.34    |  3: 90.86    |  4: 43.35    |  5: 83.62    |  6: 26.14    |  7: 57.73    |  8: 49.25    |  9: 92.47    |  10:  0.00    |  11:  0.00    |  12:  0.00    |  13:  0.00    |  14:  0.00    |  15:  0.00    |  16:  0.00    |  17:  0.00    |  18:  0.00    |  19:  0.00   
[Batch: 0100/2400] mIoU:  2.96  |  FB-IoU: 78.38 |  0: 88.53    |  1: 87.24    |  2: 91.34    |  3: 90.86    |  4: 43.35    |  5: 83.62    |  6: 26.14    |  7: 57.73    |  8: 49.25    |  9: 92.84    |  10:  0.00    |  11:  0.00    |  12:  0.00    |  13:  0.00    |  14:  0.00    |  15:  0.00    |  16:  0.00    |  17:  0.00    |  18:  0.00    |  19:  0.00   
[Batch: 0101/2400] mIoU:  3.19  |  FB-IoU: 78.20 |  0: 88.53    |  1: 87.24    |  2: 91.34    |  3: 90.86    |  4: 43.35    |  5: 83.62    |  6: 26.14    |  7: 57.73    |  8: 49.25    |  9: 92.84    |  10: 54.62    |  11:  0.00    |  12:  0.00    |  13:  0.00    |  14:  0.00    |  15:  0.00    |  16:  0.00    |  17:  0.00    |  18:  0.00    |  19:  0.00   
[Batch: 0102/2400] mIoU:  3.27  |  FB-IoU: 78.42 |  0: 88.53    |  1: 87.24    |  2: 91.34    |  3: 90.86    |  4: 43.35    |  5: 83.62    |  6: 26.14    |  7: 57.73    |  8: 49.25    |  9: 92.84    |  10: 73.18    |  11:  0.00    |  12:  0.00    |  13:  0.00    |  14:  0.00    |  15:  0.00    |  16:  0.00    |  17:  0.00    |  18:  0.00    |  19:  0.00   
[Batch: 0103/2400] mIoU:  3.30  |  FB-IoU: 78.69 |  0: 88.53    |  1: 87.24    |  2: 91.34    |  3: 90.86    |  4: 43.35    |  5: 83.62    |  6: 26.14    |  7: 57.73    |  8: 49.25    |  9: 92.84    |  10: 81.99    |  11:  0.00    |  12:  0.00    |  13:  0.00    |  14:  0.00    |  15:  0.00    |  16:  0.00    |  17:  0.00    |  18:  0.00    |  19:  0.00   
[Batch: 0104/2400] mIoU:  3.32  |  FB-IoU: 78.94 |  0: 88.53    |  1: 87.24    |  2: 91.34    |  3: 90.86    |  4: 43.35    |  5: 83.62    |  6: 26.14    |  7: 57.73    |  8: 49.25    |  9: 92.84    |  10: 85.79    |  11:  0.00    |  12:  0.00    |  13:  0.00    |  14:  0.00    |  15:  0.00    |  16:  0.00    |  17:  0.00    |  18:  0.00    |  19:  0.00   
[Batch: 0105/2400] mIoU:  3.33  |  FB-IoU: 79.13 |  0: 88.53    |  1: 87.24    |  2: 91.34    |  3: 90.86    |  4: 43.35    |  5: 83.62    |  6: 26.14    |  7: 57.73    |  8: 49.25    |  9: 92.84    |  10: 87.23    |  11:  0.00    |  12:  0.00    |  13:  0.00    |  14:  0.00    |  15:  0.00    |  16:  0.00    |  17:  0.00    |  18:  0.00    |  19:  0.00   
[Batch: 0106/2400] mIoU:  3.33  |  FB-IoU: 79.25 |  0: 88.53    |  1: 87.24    |  2: 91.34    |  3: 90.86    |  4: 43.35    |  5: 83.62    |  6: 26.14    |  7: 57.73    |  8: 49.25    |  9: 92.84    |  10: 87.61    |  11:  0.00    |  12:  0.00    |  13:  0.00    |  14:  0.00    |  15:  0.00    |  16:  0.00    |  17:  0.00    |  18:  0.00    |  19:  0.00   
[Batch: 0107/2400] mIoU:  3.33  |  FB-IoU: 79.41 |  0: 88.53    |  1: 87.24    |  2: 91.34    |  3: 90.86    |  4: 43.35    |  5: 83.62    |  6: 26.14    |  7: 57.73    |  8: 49.25    |  9: 92.84    |  10: 88.38    |  11:  0.00    |  12:  0.00    |  13:  0.00    |  14:  0.00    |  15:  0.00    |  16:  0.00    |  17:  0.00    |  18:  0.00    |  19:  0.00   
[Batch: 0108/2400] mIoU:  3.33  |  FB-IoU: 79.58 |  0: 88.53    |  1: 87.24    |  2: 91.34    |  3: 90.86    |  4: 43.35    |  5: 83.62    |  6: 26.14    |  7: 57.73    |  8: 49.25    |  9: 92.84    |  10: 88.98    |  11:  0.00    |  12:  0.00    |  13:  0.00    |  14:  0.00    |  15:  0.00    |  16:  0.00    |  17:  0.00    |  18:  0.00    |  19:  0.00   
[Batch: 0109/2400] mIoU:  3.33  |  FB-IoU: 79.74 |  0: 88.53    |  1: 87.24    |  2: 91.34    |  3: 90.86    |  4: 43.35    |  5: 83.62    |  6: 26.14    |  7: 57.73    |  8: 49.25    |  9: 92.84    |  10: 89.32    |  11:  0.00    |  12:  0.00    |  13:  0.00    |  14:  0.00    |  15:  0.00    |  16:  0.00    |  17:  0.00    |  18:  0.00    |  19:  0.00   
[Batch: 0110/2400] mIoU:  3.34  |  FB-IoU: 79.87 |  0: 88.53    |  1: 87.24    |  2: 91.34    |  3: 90.86    |  4: 43.35    |  5: 83.62    |  6: 26.14    |  7: 57.73    |  8: 49.25    |  9: 92.84    |  10: 89.52    |  11:  0.00    |  12:  0.00    |  13:  0.00    |  14:  0.00    |  15:  0.00    |  16:  0.00    |  17:  0.00    |  18:  0.00    |  19:  0.00   
[Batch: 0111/2400] mIoU:  3.61  |  FB-IoU: 79.86 |  0: 88.53    |  1: 87.24    |  2: 91.34    |  3: 90.86    |  4: 43.35    |  5: 83.62    |  6: 26.14    |  7: 57.73    |  8: 49.25    |  9: 92.84    |  10: 89.52    |  11: 66.68    |  12:  0.00    |  13:  0.00    |  14:  0.00    |  15:  0.00    |  16:  0.00    |  17:  0.00    |  18:  0.00    |  19:  0.00   
[Batch: 0112/2400] mIoU:  3.65  |  FB-IoU: 79.95 |  0: 88.53    |  1: 87.24    |  2: 91.34    |  3: 90.86    |  4: 43.35    |  5: 83.62    |  6: 26.14    |  7: 57.73    |  8: 49.25    |  9: 92.84    |  10: 89.52    |  11: 75.26    |  12:  0.00    |  13:  0.00    |  14:  0.00    |  15:  0.00    |  16:  0.00    |  17:  0.00    |  18:  0.00    |  19:  0.00   
[Batch: 0113/2400] mIoU:  3.64  |  FB-IoU: 79.98 |  0: 88.53    |  1: 87.24    |  2: 91.34    |  3: 90.86    |  4: 43.35    |  5: 83.62    |  6: 26.14    |  7: 57.73    |  8: 49.25    |  9: 92.84    |  10: 89.52    |  11: 73.98    |  12:  0.00    |  13:  0.00    |  14:  0.00    |  15:  0.00    |  16:  0.00    |  17:  0.00    |  18:  0.00    |  19:  0.00   
[Batch: 0114/2400] mIoU:  3.45  |  FB-IoU: 78.53 |  0: 88.53    |  1: 87.24    |  2: 91.34    |  3: 90.86    |  4: 43.35    |  5: 83.62    |  6: 26.14    |  7: 57.73    |  8: 49.25    |  9: 92.84    |  10: 89.52    |  11: 26.68    |  12:  0.00    |  13:  0.00    |  14:  0.00    |  15:  0.00    |  16:  0.00    |  17:  0.00    |  18:  0.00    |  19:  0.00   
[Batch: 0115/2400] mIoU:  3.47  |  FB-IoU: 78.61 |  0: 88.53    |  1: 87.24    |  2: 91.34    |  3: 90.86    |  4: 43.35    |  5: 83.62    |  6: 26.14    |  7: 57.73    |  8: 49.25    |  9: 92.84    |  10: 89.52    |  11: 32.92    |  12:  0.00    |  13:  0.00    |  14:  0.00    |  15:  0.00    |  16:  0.00    |  17:  0.00    |  18:  0.00    |  19:  0.00   
[Batch: 0116/2400] mIoU:  3.48  |  FB-IoU: 78.68 |  0: 88.53    |  1: 87.24    |  2: 91.34    |  3: 90.86    |  4: 43.35    |  5: 83.62    |  6: 26.14    |  7: 57.73    |  8: 49.25    |  9: 92.84    |  10: 89.52    |  11: 34.43    |  12:  0.00    |  13:  0.00    |  14:  0.00    |  15:  0.00    |  16:  0.00    |  17:  0.00    |  18:  0.00    |  19:  0.00   
[Batch: 0117/2400] mIoU:  3.50  |  FB-IoU: 78.73 |  0: 88.53    |  1: 87.24    |  2: 91.34    |  3: 90.86    |  4: 43.35    |  5: 83.62    |  6: 26.14    |  7: 57.73    |  8: 49.25    |  9: 92.84    |  10: 89.52    |  11: 38.95    |  12:  0.00    |  13:  0.00    |  14:  0.00    |  15:  0.00    |  16:  0.00    |  17:  0.00    |  18:  0.00    |  19:  0.00   
[Batch: 0118/2400] mIoU:  3.51  |  FB-IoU: 78.78 |  0: 88.53    |  1: 87.24    |  2: 91.34    |  3: 90.86    |  4: 43.35    |  5: 83.62    |  6: 26.14    |  7: 57.73    |  8: 49.25    |  9: 92.84    |  10: 89.52    |  11: 40.89    |  12:  0.00    |  13:  0.00    |  14:  0.00    |  15:  0.00    |  16:  0.00    |  17:  0.00    |  18:  0.00    |  19:  0.00   
[Batch: 0119/2400] mIoU:  3.51  |  FB-IoU: 78.80 |  0: 88.53    |  1: 87.24    |  2: 91.34    |  3: 90.86    |  4: 43.35    |  5: 83.62    |  6: 26.14    |  7: 57.73    |  8: 49.25    |  9: 92.84    |  10: 89.52    |  11: 41.49    |  12:  0.00    |  13:  0.00    |  14:  0.00    |  15:  0.00    |  16:  0.00    |  17:  0.00    |  18:  0.00    |  19:  0.00   
[Batch: 0120/2400] mIoU:  3.52  |  FB-IoU: 78.90 |  0: 88.53    |  1: 87.24    |  2: 91.34    |  3: 90.86    |  4: 43.35    |  5: 83.62    |  6: 26.14    |  7: 57.73    |  8: 49.25    |  9: 92.84    |  10: 89.52    |  11: 44.88    |  12:  0.00    |  13:  0.00    |  14:  0.00    |  15:  0.00    |  16:  0.00    |  17:  0.00    |  18:  0.00    |  19:  0.00   
[Batch: 0121/2400] mIoU:  3.86  |  FB-IoU: 78.97 |  0: 88.53    |  1: 87.24    |  2: 91.34    |  3: 90.86    |  4: 43.35    |  5: 83.62    |  6: 26.14    |  7: 57.73    |  8: 49.25    |  9: 92.84    |  10: 89.52    |  11: 44.88    |  12: 81.32    |  13:  0.00    |  14:  0.00    |  15:  0.00    |  16:  0.00    |  17:  0.00    |  18:  0.00    |  19:  0.00   
[Batch: 0122/2400] mIoU:  3.89  |  FB-IoU: 79.15 |  0: 88.53    |  1: 87.24    |  2: 91.34    |  3: 90.86    |  4: 43.35    |  5: 83.62    |  6: 26.14    |  7: 57.73    |  8: 49.25    |  9: 92.84    |  10: 89.52    |  11: 44.88    |  12: 88.95    |  13:  0.00    |  14:  0.00    |  15:  0.00    |  16:  0.00    |  17:  0.00    |  18:  0.00    |  19:  0.00   
[Batch: 0123/2400] mIoU:  3.91  |  FB-IoU: 79.40 |  0: 88.53    |  1: 87.24    |  2: 91.34    |  3: 90.86    |  4: 43.35    |  5: 83.62    |  6: 26.14    |  7: 57.73    |  8: 49.25    |  9: 92.84    |  10: 89.52    |  11: 44.88    |  12: 92.84    |  13:  0.00    |  14:  0.00    |  15:  0.00    |  16:  0.00    |  17:  0.00    |  18:  0.00    |  19:  0.00   
[Batch: 0124/2400] mIoU:  3.91  |  FB-IoU: 79.59 |  0: 88.53    |  1: 87.24    |  2: 91.34    |  3: 90.86    |  4: 43.35    |  5: 83.62    |  6: 26.14    |  7: 57.73    |  8: 49.25    |  9: 92.84    |  10: 89.52    |  11: 44.88    |  12: 94.13    |  13:  0.00    |  14:  0.00    |  15:  0.00    |  16:  0.00    |  17:  0.00    |  18:  0.00    |  19:  0.00   
[Batch: 0125/2400] mIoU:  3.92  |  FB-IoU: 79.86 |  0: 88.53    |  1: 87.24    |  2: 91.34    |  3: 90.86    |  4: 43.35    |  5: 83.62    |  6: 26.14    |  7: 57.73    |  8: 49.25    |  9: 92.84    |  10: 89.52    |  11: 44.88    |  12: 95.44    |  13:  0.00    |  14:  0.00    |  15:  0.00    |  16:  0.00    |  17:  0.00    |  18:  0.00    |  19:  0.00   
[Batch: 0126/2400] mIoU:  3.88  |  FB-IoU: 79.61 |  0: 88.53    |  1: 87.24    |  2: 91.34    |  3: 90.86    |  4: 43.35    |  5: 83.62    |  6: 26.14    |  7: 57.73    |  8: 49.25    |  9: 92.84    |  10: 89.52    |  11: 44.88    |  12: 86.58    |  13:  0.00    |  14:  0.00    |  15:  0.00    |  16:  0.00    |  17:  0.00    |  18:  0.00    |  19:  0.00   
[Batch: 0127/2400] mIoU:  3.83  |  FB-IoU: 78.84 |  0: 88.53    |  1: 87.24    |  2: 91.34    |  3: 90.86    |  4: 43.35    |  5: 83.62    |  6: 26.14    |  7: 57.73    |  8: 49.25    |  9: 92.84    |  10: 89.52    |  11: 44.88    |  12: 72.74    |  13:  0.00    |  14:  0.00    |  15:  0.00    |  16:  0.00    |  17:  0.00    |  18:  0.00    |  19:  0.00   
[Batch: 0128/2400] mIoU:  3.78  |  FB-IoU: 77.93 |  0: 88.53    |  1: 87.24    |  2: 91.34    |  3: 90.86    |  4: 43.35    |  5: 83.62    |  6: 26.14    |  7: 57.73    |  8: 49.25    |  9: 92.84    |  10: 89.52    |  11: 44.88    |  12: 62.61    |  13:  0.00    |  14:  0.00    |  15:  0.00    |  16:  0.00    |  17:  0.00    |  18:  0.00    |  19:  0.00   
[Batch: 0129/2400] mIoU:  3.79  |  FB-IoU: 77.84 |  0: 88.53    |  1: 87.24    |  2: 91.34    |  3: 90.86    |  4: 43.35    |  5: 83.62    |  6: 26.14    |  7: 57.73    |  8: 49.25    |  9: 92.84    |  10: 89.52    |  11: 44.88    |  12: 63.98    |  13:  0.00    |  14:  0.00    |  15:  0.00    |  16:  0.00    |  17:  0.00    |  18:  0.00    |  19:  0.00   
[Batch: 0130/2400] mIoU:  3.80  |  FB-IoU: 78.08 |  0: 88.53    |  1: 87.24    |  2: 91.34    |  3: 90.86    |  4: 43.35    |  5: 83.62    |  6: 26.14    |  7: 57.73    |  8: 49.25    |  9: 92.84    |  10: 89.52    |  11: 44.88    |  12: 67.07    |  13:  0.00    |  14:  0.00    |  15:  0.00    |  16:  0.00    |  17:  0.00    |  18:  0.00    |  19:  0.00   
[Batch: 0131/2400] mIoU:  3.98  |  FB-IoU: 78.09 |  0: 88.53    |  1: 87.24    |  2: 91.34    |  3: 90.86    |  4: 43.35    |  5: 83.62    |  6: 26.14    |  7: 57.73    |  8: 49.25    |  9: 92.84    |  10: 89.52    |  11: 44.88    |  12: 67.07    |  13: 42.32    |  14:  0.00    |  15:  0.00    |  16:  0.00    |  17:  0.00    |  18:  0.00    |  19:  0.00   
[Batch: 0132/2400] mIoU:  4.11  |  FB-IoU: 78.16 |  0: 88.53    |  1: 87.24    |  2: 91.34    |  3: 90.86    |  4: 43.35    |  5: 83.62    |  6: 26.14    |  7: 57.73    |  8: 49.25    |  9: 92.84    |  10: 89.52    |  11: 44.88    |  12: 67.07    |  13: 75.07    |  14:  0.00    |  15:  0.00    |  16:  0.00    |  17:  0.00    |  18:  0.00    |  19:  0.00   
[Batch: 0133/2400] mIoU:  4.11  |  FB-IoU: 78.20 |  0: 88.53    |  1: 87.24    |  2: 91.34    |  3: 90.86    |  4: 43.35    |  5: 83.62    |  6: 26.14    |  7: 57.73    |  8: 49.25    |  9: 92.84    |  10: 89.52    |  11: 44.88    |  12: 67.07    |  13: 74.05    |  14:  0.00    |  15:  0.00    |  16:  0.00    |  17:  0.00    |  18:  0.00    |  19:  0.00   
[Batch: 0134/2400] mIoU:  4.12  |  FB-IoU: 78.28 |  0: 88.53    |  1: 87.24    |  2: 91.34    |  3: 90.86    |  4: 43.35    |  5: 83.62    |  6: 26.14    |  7: 57.73    |  8: 49.25    |  9: 92.84    |  10: 89.52    |  11: 44.88    |  12: 67.07    |  13: 77.56    |  14:  0.00    |  15:  0.00    |  16:  0.00    |  17:  0.00    |  18:  0.00    |  19:  0.00   
[Batch: 0135/2400] mIoU:  4.14  |  FB-IoU: 78.38 |  0: 88.53    |  1: 87.24    |  2: 91.34    |  3: 90.86    |  4: 43.35    |  5: 83.62    |  6: 26.14    |  7: 57.73    |  8: 49.25    |  9: 92.84    |  10: 89.52    |  11: 44.88    |  12: 67.07    |  13: 81.31    |  14:  0.00    |  15:  0.00    |  16:  0.00    |  17:  0.00    |  18:  0.00    |  19:  0.00   
[Batch: 0136/2400] mIoU:  4.14  |  FB-IoU: 78.46 |  0: 88.53    |  1: 87.24    |  2: 91.34    |  3: 90.86    |  4: 43.35    |  5: 83.62    |  6: 26.14    |  7: 57.73    |  8: 49.25    |  9: 92.84    |  10: 89.52    |  11: 44.88    |  12: 67.07    |  13: 82.42    |  14:  0.00    |  15:  0.00    |  16:  0.00    |  17:  0.00    |  18:  0.00    |  19:  0.00   
[Batch: 0137/2400] mIoU:  4.14  |  FB-IoU: 78.52 |  0: 88.53    |  1: 87.24    |  2: 91.34    |  3: 90.86    |  4: 43.35    |  5: 83.62    |  6: 26.14    |  7: 57.73    |  8: 49.25    |  9: 92.84    |  10: 89.52    |  11: 44.88    |  12: 67.07    |  13: 82.15    |  14:  0.00    |  15:  0.00    |  16:  0.00    |  17:  0.00    |  18:  0.00    |  19:  0.00   
[Batch: 0138/2400] mIoU:  4.15  |  FB-IoU: 78.62 |  0: 88.53    |  1: 87.24    |  2: 91.34    |  3: 90.86    |  4: 43.35    |  5: 83.62    |  6: 26.14    |  7: 57.73    |  8: 49.25    |  9: 92.84    |  10: 89.52    |  11: 44.88    |  12: 67.07    |  13: 84.31    |  14:  0.00    |  15:  0.00    |  16:  0.00    |  17:  0.00    |  18:  0.00    |  19:  0.00   
[Batch: 0139/2400] mIoU:  4.16  |  FB-IoU: 78.75 |  0: 88.53    |  1: 87.24    |  2: 91.34    |  3: 90.86    |  4: 43.35    |  5: 83.62    |  6: 26.14    |  7: 57.73    |  8: 49.25    |  9: 92.84    |  10: 89.52    |  11: 44.88    |  12: 67.07    |  13: 86.30    |  14:  0.00    |  15:  0.00    |  16:  0.00    |  17:  0.00    |  18:  0.00    |  19:  0.00   
[Batch: 0140/2400] mIoU:  4.15  |  FB-IoU: 78.76 |  0: 88.53    |  1: 87.24    |  2: 91.34    |  3: 90.86    |  4: 43.35    |  5: 83.62    |  6: 26.14    |  7: 57.73    |  8: 49.25    |  9: 92.84    |  10: 89.52    |  11: 44.88    |  12: 67.07    |  13: 83.96    |  14:  0.00    |  15:  0.00    |  16:  0.00    |  17:  0.00    |  18:  0.00    |  19:  0.00   
[Batch: 0141/2400] mIoU:  4.54  |  FB-IoU: 78.88 |  0: 88.53    |  1: 87.24    |  2: 91.34    |  3: 90.86    |  4: 43.35    |  5: 83.62    |  6: 26.14    |  7: 57.73    |  8: 49.25    |  9: 92.84    |  10: 89.52    |  11: 44.88    |  12: 67.07    |  13: 83.96    |  14: 93.48    |  15:  0.00    |  16:  0.00    |  17:  0.00    |  18:  0.00    |  19:  0.00   
[Batch: 0142/2400] mIoU:  4.54  |  FB-IoU: 78.96 |  0: 88.53    |  1: 87.24    |  2: 91.34    |  3: 90.86    |  4: 43.35    |  5: 83.62    |  6: 26.14    |  7: 57.73    |  8: 49.25    |  9: 92.84    |  10: 89.52    |  11: 44.88    |  12: 67.07    |  13: 83.96    |  14: 92.82    |  15:  0.00    |  16:  0.00    |  17:  0.00    |  18:  0.00    |  19:  0.00   
[Batch: 0143/2400] mIoU:  4.55  |  FB-IoU: 79.08 |  0: 88.53    |  1: 87.24    |  2: 91.34    |  3: 90.86    |  4: 43.35    |  5: 83.62    |  6: 26.14    |  7: 57.73    |  8: 49.25    |  9: 92.84    |  10: 89.52    |  11: 44.88    |  12: 67.07    |  13: 83.96    |  14: 94.49    |  15:  0.00    |  16:  0.00    |  17:  0.00    |  18:  0.00    |  19:  0.00   
[Batch: 0144/2400] mIoU:  4.55  |  FB-IoU: 79.20 |  0: 88.53    |  1: 87.24    |  2: 91.34    |  3: 90.86    |  4: 43.35    |  5: 83.62    |  6: 26.14    |  7: 57.73    |  8: 49.25    |  9: 92.84    |  10: 89.52    |  11: 44.88    |  12: 67.07    |  13: 83.96    |  14: 95.31    |  15:  0.00    |  16:  0.00    |  17:  0.00    |  18:  0.00    |  19:  0.00   
[Batch: 0145/2400] mIoU:  4.55  |  FB-IoU: 79.29 |  0: 88.53    |  1: 87.24    |  2: 91.34    |  3: 90.86    |  4: 43.35    |  5: 83.62    |  6: 26.14    |  7: 57.73    |  8: 49.25    |  9: 92.84    |  10: 89.52    |  11: 44.88    |  12: 67.07    |  13: 83.96    |  14: 95.15    |  15:  0.00    |  16:  0.00    |  17:  0.00    |  18:  0.00    |  19:  0.00   
[Batch: 0146/2400] mIoU:  4.55  |  FB-IoU: 79.38 |  0: 88.53    |  1: 87.24    |  2: 91.34    |  3: 90.86    |  4: 43.35    |  5: 83.62    |  6: 26.14    |  7: 57.73    |  8: 49.25    |  9: 92.84    |  10: 89.52    |  11: 44.88    |  12: 67.07    |  13: 83.96    |  14: 94.74    |  15:  0.00    |  16:  0.00    |  17:  0.00    |  18:  0.00    |  19:  0.00   
[Batch: 0147/2400] mIoU:  4.55  |  FB-IoU: 79.49 |  0: 88.53    |  1: 87.24    |  2: 91.34    |  3: 90.86    |  4: 43.35    |  5: 83.62    |  6: 26.14    |  7: 57.73    |  8: 49.25    |  9: 92.84    |  10: 89.52    |  11: 44.88    |  12: 67.07    |  13: 83.96    |  14: 95.11    |  15:  0.00    |  16:  0.00    |  17:  0.00    |  18:  0.00    |  19:  0.00   
[Batch: 0148/2400] mIoU:  4.55  |  FB-IoU: 79.58 |  0: 88.53    |  1: 87.24    |  2: 91.34    |  3: 90.86    |  4: 43.35    |  5: 83.62    |  6: 26.14    |  7: 57.73    |  8: 49.25    |  9: 92.84    |  10: 89.52    |  11: 44.88    |  12: 67.07    |  13: 83.96    |  14: 95.23    |  15:  0.00    |  16:  0.00    |  17:  0.00    |  18:  0.00    |  19:  0.00   
[Batch: 0149/2400] mIoU:  4.55  |  FB-IoU: 79.64 |  0: 88.53    |  1: 87.24    |  2: 91.34    |  3: 90.86    |  4: 43.35    |  5: 83.62    |  6: 26.14    |  7: 57.73    |  8: 49.25    |  9: 92.84    |  10: 89.52    |  11: 44.88    |  12: 67.07    |  13: 83.96    |  14: 95.20    |  15:  0.00    |  16:  0.00    |  17:  0.00    |  18:  0.00    |  19:  0.00   
[Batch: 0150/2400] mIoU:  4.55  |  FB-IoU: 79.72 |  0: 88.53    |  1: 87.24    |  2: 91.34    |  3: 90.86    |  4: 43.35    |  5: 83.62    |  6: 26.14    |  7: 57.73    |  8: 49.25    |  9: 92.84    |  10: 89.52    |  11: 44.88    |  12: 67.07    |  13: 83.96    |  14: 94.84    |  15:  0.00    |  16:  0.00    |  17:  0.00    |  18:  0.00    |  19:  0.00   
[Batch: 0151/2400] mIoU:  4.95  |  FB-IoU: 79.79 |  0: 88.53    |  1: 87.24    |  2: 91.34    |  3: 90.86    |  4: 43.35    |  5: 83.62    |  6: 26.14    |  7: 57.73    |  8: 49.25    |  9: 92.84    |  10: 89.52    |  11: 44.88    |  12: 67.07    |  13: 83.96    |  14: 94.84    |  15: 96.42    |  16:  0.00    |  17:  0.00    |  18:  0.00    |  19:  0.00   
[Batch: 0152/2400] mIoU:  4.95  |  FB-IoU: 79.86 |  0: 88.53    |  1: 87.24    |  2: 91.34    |  3: 90.86    |  4: 43.35    |  5: 83.62    |  6: 26.14    |  7: 57.73    |  8: 49.25    |  9: 92.84    |  10: 89.52    |  11: 44.88    |  12: 67.07    |  13: 83.96    |  14: 94.84    |  15: 96.19    |  16:  0.00    |  17:  0.00    |  18:  0.00    |  19:  0.00   
[Batch: 0153/2400] mIoU:  4.93  |  FB-IoU: 79.92 |  0: 88.53    |  1: 87.24    |  2: 91.34    |  3: 90.86    |  4: 43.35    |  5: 83.62    |  6: 26.14    |  7: 57.73    |  8: 49.25    |  9: 92.84    |  10: 89.52    |  11: 44.88    |  12: 67.07    |  13: 83.96    |  14: 94.84    |  15: 93.17    |  16:  0.00    |  17:  0.00    |  18:  0.00    |  19:  0.00   
[Batch: 0154/2400] mIoU:  4.94  |  FB-IoU: 79.99 |  0: 88.53    |  1: 87.24    |  2: 91.34    |  3: 90.86    |  4: 43.35    |  5: 83.62    |  6: 26.14    |  7: 57.73    |  8: 49.25    |  9: 92.84    |  10: 89.52    |  11: 44.88    |  12: 67.07    |  13: 83.96    |  14: 94.84    |  15: 93.88    |  16:  0.00    |  17:  0.00    |  18:  0.00    |  19:  0.00   
[Batch: 0155/2400] mIoU:  4.91  |  FB-IoU: 80.01 |  0: 88.53    |  1: 87.24    |  2: 91.34    |  3: 90.86    |  4: 43.35    |  5: 83.62    |  6: 26.14    |  7: 57.73    |  8: 49.25    |  9: 92.84    |  10: 89.52    |  11: 44.88    |  12: 67.07    |  13: 83.96    |  14: 94.84    |  15: 86.50    |  16:  0.00    |  17:  0.00    |  18:  0.00    |  19:  0.00   
[Batch: 0156/2400] mIoU:  4.90  |  FB-IoU: 80.03 |  0: 88.53    |  1: 87.24    |  2: 91.34    |  3: 90.86    |  4: 43.35    |  5: 83.62    |  6: 26.14    |  7: 57.73    |  8: 49.25    |  9: 92.84    |  10: 89.52    |  11: 44.88    |  12: 67.07    |  13: 83.96    |  14: 94.84    |  15: 84.46    |  16:  0.00    |  17:  0.00    |  18:  0.00    |  19:  0.00   
[Batch: 0157/2400] mIoU:  4.90  |  FB-IoU: 80.10 |  0: 88.53    |  1: 87.24    |  2: 91.34    |  3: 90.86    |  4: 43.35    |  5: 83.62    |  6: 26.14    |  7: 57.73    |  8: 49.25    |  9: 92.84    |  10: 89.52    |  11: 44.88    |  12: 67.07    |  13: 83.96    |  14: 94.84    |  15: 85.59    |  16:  0.00    |  17:  0.00    |  18:  0.00    |  19:  0.00   
[Batch: 0158/2400] mIoU:  4.91  |  FB-IoU: 80.17 |  0: 88.53    |  1: 87.24    |  2: 91.34    |  3: 90.86    |  4: 43.35    |  5: 83.62    |  6: 26.14    |  7: 57.73    |  8: 49.25    |  9: 92.84    |  10: 89.52    |  11: 44.88    |  12: 67.07    |  13: 83.96    |  14: 94.84    |  15: 87.01    |  16:  0.00    |  17:  0.00    |  18:  0.00    |  19:  0.00   
[Batch: 0159/2400] mIoU:  4.91  |  FB-IoU: 80.24 |  0: 88.53    |  1: 87.24    |  2: 91.34    |  3: 90.86    |  4: 43.35    |  5: 83.62    |  6: 26.14    |  7: 57.73    |  8: 49.25    |  9: 92.84    |  10: 89.52    |  11: 44.88    |  12: 67.07    |  13: 83.96    |  14: 94.84    |  15: 87.83    |  16:  0.00    |  17:  0.00    |  18:  0.00    |  19:  0.00   
[Batch: 0160/2400] mIoU:  4.90  |  FB-IoU: 80.24 |  0: 88.53    |  1: 87.24    |  2: 91.34    |  3: 90.86    |  4: 43.35    |  5: 83.62    |  6: 26.14    |  7: 57.73    |  8: 49.25    |  9: 92.84    |  10: 89.52    |  11: 44.88    |  12: 67.07    |  13: 83.96    |  14: 94.84    |  15: 85.21    |  16:  0.00    |  17:  0.00    |  18:  0.00    |  19:  0.00   
[Batch: 0161/2400] mIoU:  5.28  |  FB-IoU: 80.35 |  0: 88.53    |  1: 87.24    |  2: 91.34    |  3: 90.86    |  4: 43.35    |  5: 83.62    |  6: 26.14    |  7: 57.73    |  8: 49.25    |  9: 92.84    |  10: 89.52    |  11: 44.88    |  12: 67.07    |  13: 83.96    |  14: 94.84    |  15: 85.21    |  16: 91.94    |  17:  0.00    |  18:  0.00    |  19:  0.00   
[Batch: 0162/2400] mIoU:  5.30  |  FB-IoU: 80.50 |  0: 88.53    |  1: 87.24    |  2: 91.34    |  3: 90.86    |  4: 43.35    |  5: 83.62    |  6: 26.14    |  7: 57.73    |  8: 49.25    |  9: 92.84    |  10: 89.52    |  11: 44.88    |  12: 67.07    |  13: 83.96    |  14: 94.84    |  15: 85.21    |  16: 94.96    |  17:  0.00    |  18:  0.00    |  19:  0.00   
[Batch: 0163/2400] mIoU:  5.30  |  FB-IoU: 80.62 |  0: 88.53    |  1: 87.24    |  2: 91.34    |  3: 90.86    |  4: 43.35    |  5: 83.62    |  6: 26.14    |  7: 57.73    |  8: 49.25    |  9: 92.84    |  10: 89.52    |  11: 44.88    |  12: 67.07    |  13: 83.96    |  14: 94.84    |  15: 85.21    |  16: 95.32    |  17:  0.00    |  18:  0.00    |  19:  0.00   
[Batch: 0164/2400] mIoU:  5.30  |  FB-IoU: 80.71 |  0: 88.53    |  1: 87.24    |  2: 91.34    |  3: 90.86    |  4: 43.35    |  5: 83.62    |  6: 26.14    |  7: 57.73    |  8: 49.25    |  9: 92.84    |  10: 89.52    |  11: 44.88    |  12: 67.07    |  13: 83.96    |  14: 94.84    |  15: 85.21    |  16: 95.64    |  17:  0.00    |  18:  0.00    |  19:  0.00   
[Batch: 0165/2400] mIoU:  5.30  |  FB-IoU: 80.83 |  0: 88.53    |  1: 87.24    |  2: 91.34    |  3: 90.86    |  4: 43.35    |  5: 83.62    |  6: 26.14    |  7: 57.73    |  8: 49.25    |  9: 92.84    |  10: 89.52    |  11: 44.88    |  12: 67.07    |  13: 83.96    |  14: 94.84    |  15: 85.21    |  16: 95.95    |  17:  0.00    |  18:  0.00    |  19:  0.00   
[Batch: 0166/2400] mIoU:  5.30  |  FB-IoU: 80.90 |  0: 88.53    |  1: 87.24    |  2: 91.34    |  3: 90.86    |  4: 43.35    |  5: 83.62    |  6: 26.14    |  7: 57.73    |  8: 49.25    |  9: 92.84    |  10: 89.52    |  11: 44.88    |  12: 67.07    |  13: 83.96    |  14: 94.84    |  15: 85.21    |  16: 94.78    |  17:  0.00    |  18:  0.00    |  19:  0.00   
[Batch: 0167/2400] mIoU:  5.30  |  FB-IoU: 80.97 |  0: 88.53    |  1: 87.24    |  2: 91.34    |  3: 90.86    |  4: 43.35    |  5: 83.62    |  6: 26.14    |  7: 57.73    |  8: 49.25    |  9: 92.84    |  10: 89.52    |  11: 44.88    |  12: 67.07    |  13: 83.96    |  14: 94.84    |  15: 85.21    |  16: 94.96    |  17:  0.00    |  18:  0.00    |  19:  0.00   
[Batch: 0168/2400] mIoU:  5.30  |  FB-IoU: 81.05 |  0: 88.53    |  1: 87.24    |  2: 91.34    |  3: 90.86    |  4: 43.35    |  5: 83.62    |  6: 26.14    |  7: 57.73    |  8: 49.25    |  9: 92.84    |  10: 89.52    |  11: 44.88    |  12: 67.07    |  13: 83.96    |  14: 94.84    |  15: 85.21    |  16: 95.19    |  17:  0.00    |  18:  0.00    |  19:  0.00   
[Batch: 0169/2400] mIoU:  5.30  |  FB-IoU: 81.19 |  0: 88.53    |  1: 87.24    |  2: 91.34    |  3: 90.86    |  4: 43.35    |  5: 83.62    |  6: 26.14    |  7: 57.73    |  8: 49.25    |  9: 92.84    |  10: 89.52    |  11: 44.88    |  12: 67.07    |  13: 83.96    |  14: 94.84    |  15: 85.21    |  16: 95.51    |  17:  0.00    |  18:  0.00    |  19:  0.00   
[Batch: 0170/2400] mIoU:  5.30  |  FB-IoU: 81.30 |  0: 88.53    |  1: 87.24    |  2: 91.34    |  3: 90.86    |  4: 43.35    |  5: 83.62    |  6: 26.14    |  7: 57.73    |  8: 49.25    |  9: 92.84    |  10: 89.52    |  11: 44.88    |  12: 67.07    |  13: 83.96    |  14: 94.84    |  15: 85.21    |  16: 95.81    |  17:  0.00    |  18:  0.00    |  19:  0.00   
[Batch: 0171/2400] mIoU:  5.66  |  FB-IoU: 81.35 |  0: 88.53    |  1: 87.24    |  2: 91.34    |  3: 90.86    |  4: 43.35    |  5: 83.62    |  6: 26.14    |  7: 57.73    |  8: 49.25    |  9: 92.84    |  10: 89.52    |  11: 44.88    |  12: 67.07    |  13: 83.96    |  14: 94.84    |  15: 85.21    |  16: 95.81    |  17: 86.26    |  18:  0.00    |  19:  0.00   
[Batch: 0172/2400] mIoU:  5.67  |  FB-IoU: 81.41 |  0: 88.53    |  1: 87.24    |  2: 91.34    |  3: 90.86    |  4: 43.35    |  5: 83.62    |  6: 26.14    |  7: 57.73    |  8: 49.25    |  9: 92.84    |  10: 89.52    |  11: 44.88    |  12: 67.07    |  13: 83.96    |  14: 94.84    |  15: 85.21    |  16: 95.81    |  17: 87.85    |  18:  0.00    |  19:  0.00   
[Batch: 0173/2400] mIoU:  5.62  |  FB-IoU: 81.36 |  0: 88.53    |  1: 87.24    |  2: 91.34    |  3: 90.86    |  4: 43.35    |  5: 83.62    |  6: 26.14    |  7: 57.73    |  8: 49.25    |  9: 92.84    |  10: 89.52    |  11: 44.88    |  12: 67.07    |  13: 83.96    |  14: 94.84    |  15: 85.21    |  16: 95.81    |  17: 77.03    |  18:  0.00    |  19:  0.00   
[Batch: 0174/2400] mIoU:  5.63  |  FB-IoU: 81.40 |  0: 88.53    |  1: 87.24    |  2: 91.34    |  3: 90.86    |  4: 43.35    |  5: 83.62    |  6: 26.14    |  7: 57.73    |  8: 49.25    |  9: 92.84    |  10: 89.52    |  11: 44.88    |  12: 67.07    |  13: 83.96    |  14: 94.84    |  15: 85.21    |  16: 95.81    |  17: 77.94    |  18:  0.00    |  19:  0.00   
[Batch: 0175/2400] mIoU:  5.61  |  FB-IoU: 81.38 |  0: 88.53    |  1: 87.24    |  2: 91.34    |  3: 90.86    |  4: 43.35    |  5: 83.62    |  6: 26.14    |  7: 57.73    |  8: 49.25    |  9: 92.84    |  10: 89.52    |  11: 44.88    |  12: 67.07    |  13: 83.96    |  14: 94.84    |  15: 85.21    |  16: 95.81    |  17: 75.19    |  18:  0.00    |  19:  0.00   
[Batch: 0176/2400] mIoU:  5.61  |  FB-IoU: 81.40 |  0: 88.53    |  1: 87.24    |  2: 91.34    |  3: 90.86    |  4: 43.35    |  5: 83.62    |  6: 26.14    |  7: 57.73    |  8: 49.25    |  9: 92.84    |  10: 89.52    |  11: 44.88    |  12: 67.07    |  13: 83.96    |  14: 94.84    |  15: 85.21    |  16: 95.81    |  17: 75.06    |  18:  0.00    |  19:  0.00   
[Batch: 0177/2400] mIoU:  5.61  |  FB-IoU: 81.37 |  0: 88.53    |  1: 87.24    |  2: 91.34    |  3: 90.86    |  4: 43.35    |  5: 83.62    |  6: 26.14    |  7: 57.73    |  8: 49.25    |  9: 92.84    |  10: 89.52    |  11: 44.88    |  12: 67.07    |  13: 83.96    |  14: 94.84    |  15: 85.21    |  16: 95.81    |  17: 74.07    |  18:  0.00    |  19:  0.00   
[Batch: 0178/2400] mIoU:  5.61  |  FB-IoU: 81.42 |  0: 88.53    |  1: 87.24    |  2: 91.34    |  3: 90.86    |  4: 43.35    |  5: 83.62    |  6: 26.14    |  7: 57.73    |  8: 49.25    |  9: 92.84    |  10: 89.52    |  11: 44.88    |  12: 67.07    |  13: 83.96    |  14: 94.84    |  15: 85.21    |  16: 95.81    |  17: 75.25    |  18:  0.00    |  19:  0.00   
[Batch: 0179/2400] mIoU:  5.60  |  FB-IoU: 81.34 |  0: 88.53    |  1: 87.24    |  2: 91.34    |  3: 90.86    |  4: 43.35    |  5: 83.62    |  6: 26.14    |  7: 57.73    |  8: 49.25    |  9: 92.84    |  10: 89.52    |  11: 44.88    |  12: 67.07    |  13: 83.96    |  14: 94.84    |  15: 85.21    |  16: 95.81    |  17: 72.57    |  18:  0.00    |  19:  0.00   
[Batch: 0180/2400] mIoU:  5.61  |  FB-IoU: 81.39 |  0: 88.53    |  1: 87.24    |  2: 91.34    |  3: 90.86    |  4: 43.35    |  5: 83.62    |  6: 26.14    |  7: 57.73    |  8: 49.25    |  9: 92.84    |  10: 89.52    |  11: 44.88    |  12: 67.07    |  13: 83.96    |  14: 94.84    |  15: 85.21    |  16: 95.81    |  17: 73.95    |  18:  0.00    |  19:  0.00   
[Batch: 0181/2400] mIoU:  5.96  |  FB-IoU: 81.45 |  0: 88.53    |  1: 87.24    |  2: 91.34    |  3: 90.86    |  4: 43.35    |  5: 83.62    |  6: 26.14    |  7: 57.73    |  8: 49.25    |  9: 92.84    |  10: 89.52    |  11: 44.88    |  12: 67.07    |  13: 83.96    |  14: 94.84    |  15: 85.21    |  16: 95.81    |  17: 73.95    |  18: 84.88    |  19:  0.00   
[Batch: 0182/2400] mIoU:  5.90  |  FB-IoU: 81.33 |  0: 88.53    |  1: 87.24    |  2: 91.34    |  3: 90.86    |  4: 43.35    |  5: 83.62    |  6: 26.14    |  7: 57.73    |  8: 49.25    |  9: 92.84    |  10: 89.52    |  11: 44.88    |  12: 67.07    |  13: 83.96    |  14: 94.84    |  15: 85.21    |  16: 95.81    |  17: 73.95    |  18: 69.85    |  19:  0.00   
[Batch: 0183/2400] mIoU:  5.91  |  FB-IoU: 81.36 |  0: 88.53    |  1: 87.24    |  2: 91.34    |  3: 90.86    |  4: 43.35    |  5: 83.62    |  6: 26.14    |  7: 57.73    |  8: 49.25    |  9: 92.84    |  10: 89.52    |  11: 44.88    |  12: 67.07    |  13: 83.96    |  14: 94.84    |  15: 85.21    |  16: 95.81    |  17: 73.95    |  18: 73.07    |  19:  0.00   
[Batch: 0184/2400] mIoU:  5.84  |  FB-IoU: 80.91 |  0: 88.53    |  1: 87.24    |  2: 91.34    |  3: 90.86    |  4: 43.35    |  5: 83.62    |  6: 26.14    |  7: 57.73    |  8: 49.25    |  9: 92.84    |  10: 89.52    |  11: 44.88    |  12: 67.07    |  13: 83.96    |  14: 94.84    |  15: 85.21    |  16: 95.81    |  17: 73.95    |  18: 56.03    |  19:  0.00   
[Batch: 0185/2400] mIoU:  5.88  |  FB-IoU: 81.03 |  0: 88.53    |  1: 87.24    |  2: 91.34    |  3: 90.86    |  4: 43.35    |  5: 83.62    |  6: 26.14    |  7: 57.73    |  8: 49.25    |  9: 92.84    |  10: 89.52    |  11: 44.88    |  12: 67.07    |  13: 83.96    |  14: 94.84    |  15: 85.21    |  16: 95.81    |  17: 73.95    |  18: 64.36    |  19:  0.00   
[Batch: 0186/2400] mIoU:  5.89  |  FB-IoU: 81.11 |  0: 88.53    |  1: 87.24    |  2: 91.34    |  3: 90.86    |  4: 43.35    |  5: 83.62    |  6: 26.14    |  7: 57.73    |  8: 49.25    |  9: 92.84    |  10: 89.52    |  11: 44.88    |  12: 67.07    |  13: 83.96    |  14: 94.84    |  15: 85.21    |  16: 95.81    |  17: 73.95    |  18: 67.52    |  19:  0.00   
[Batch: 0187/2400] mIoU:  5.90  |  FB-IoU: 81.19 |  0: 88.53    |  1: 87.24    |  2: 91.34    |  3: 90.86    |  4: 43.35    |  5: 83.62    |  6: 26.14    |  7: 57.73    |  8: 49.25    |  9: 92.84    |  10: 89.52    |  11: 44.88    |  12: 67.07    |  13: 83.96    |  14: 94.84    |  15: 85.21    |  16: 95.81    |  17: 73.95    |  18: 69.91    |  19:  0.00   
[Batch: 0188/2400] mIoU:  5.91  |  FB-IoU: 81.29 |  0: 88.53    |  1: 87.24    |  2: 91.34    |  3: 90.86    |  4: 43.35    |  5: 83.62    |  6: 26.14    |  7: 57.73    |  8: 49.25    |  9: 92.84    |  10: 89.52    |  11: 44.88    |  12: 67.07    |  13: 83.96    |  14: 94.84    |  15: 85.21    |  16: 95.81    |  17: 73.95    |  18: 72.77    |  19:  0.00   
[Batch: 0189/2400] mIoU:  5.92  |  FB-IoU: 81.39 |  0: 88.53    |  1: 87.24    |  2: 91.34    |  3: 90.86    |  4: 43.35    |  5: 83.62    |  6: 26.14    |  7: 57.73    |  8: 49.25    |  9: 92.84    |  10: 89.52    |  11: 44.88    |  12: 67.07    |  13: 83.96    |  14: 94.84    |  15: 85.21    |  16: 95.81    |  17: 73.95    |  18: 75.20    |  19:  0.00   
[Batch: 0190/2400] mIoU:  5.93  |  FB-IoU: 81.47 |  0: 88.53    |  1: 87.24    |  2: 91.34    |  3: 90.86    |  4: 43.35    |  5: 83.62    |  6: 26.14    |  7: 57.73    |  8: 49.25    |  9: 92.84    |  10: 89.52    |  11: 44.88    |  12: 67.07    |  13: 83.96    |  14: 94.84    |  15: 85.21    |  16: 95.81    |  17: 73.95    |  18: 76.73    |  19:  0.00   
[Batch: 0191/2400] mIoU:  6.28  |  FB-IoU: 81.51 |  0: 88.53    |  1: 87.24    |  2: 91.34    |  3: 90.86    |  4: 43.35    |  5: 83.62    |  6: 26.14    |  7: 57.73    |  8: 49.25    |  9: 92.84    |  10: 89.52    |  11: 44.88    |  12: 67.07    |  13: 83.96    |  14: 94.84    |  15: 85.21    |  16: 95.81    |  17: 73.95    |  18: 76.73    |  19: 83.70   
[Batch: 0192/2400] mIoU:  6.29  |  FB-IoU: 81.55 |  0: 88.53    |  1: 87.24    |  2: 91.34    |  3: 90.86    |  4: 43.35    |  5: 83.62    |  6: 26.14    |  7: 57.73    |  8: 49.25    |  9: 92.84    |  10: 89.52    |  11: 44.88    |  12: 67.07    |  13: 83.96    |  14: 94.84    |  15: 85.21    |  16: 95.81    |  17: 73.95    |  18: 76.73    |  19: 87.48   
[Batch: 0193/2400] mIoU:  6.31  |  FB-IoU: 81.62 |  0: 88.53    |  1: 87.24    |  2: 91.34    |  3: 90.86    |  4: 43.35    |  5: 83.62    |  6: 26.14    |  7: 57.73    |  8: 49.25    |  9: 92.84    |  10: 89.52    |  11: 44.88    |  12: 67.07    |  13: 83.96    |  14: 94.84    |  15: 85.21    |  16: 95.81    |  17: 73.95    |  18: 76.73    |  19: 91.49   
[Batch: 0194/2400] mIoU:  6.32  |  FB-IoU: 81.69 |  0: 88.53    |  1: 87.24    |  2: 91.34    |  3: 90.86    |  4: 43.35    |  5: 83.62    |  6: 26.14    |  7: 57.73    |  8: 49.25    |  9: 92.84    |  10: 89.52    |  11: 44.88    |  12: 67.07    |  13: 83.96    |  14: 94.84    |  15: 85.21    |  16: 95.81    |  17: 73.95    |  18: 76.73    |  19: 93.26   
[Batch: 0195/2400] mIoU:  6.29  |  FB-IoU: 81.69 |  0: 88.53    |  1: 87.24    |  2: 91.34    |  3: 90.86    |  4: 43.35    |  5: 83.62    |  6: 26.14    |  7: 57.73    |  8: 49.25    |  9: 92.84    |  10: 89.52    |  11: 44.88    |  12: 67.07    |  13: 83.96    |  14: 94.84    |  15: 85.21    |  16: 95.81    |  17: 73.95    |  18: 76.73    |  19: 87.67   
[Batch: 0196/2400] mIoU:  6.30  |  FB-IoU: 81.74 |  0: 88.53    |  1: 87.24    |  2: 91.34    |  3: 90.86    |  4: 43.35    |  5: 83.62    |  6: 26.14    |  7: 57.73    |  8: 49.25    |  9: 92.84    |  10: 89.52    |  11: 44.88    |  12: 67.07    |  13: 83.96    |  14: 94.84    |  15: 85.21    |  16: 95.81    |  17: 73.95    |  18: 76.73    |  19: 88.47   
[Batch: 0197/2400] mIoU:  6.30  |  FB-IoU: 81.78 |  0: 88.53    |  1: 87.24    |  2: 91.34    |  3: 90.86    |  4: 43.35    |  5: 83.62    |  6: 26.14    |  7: 57.73    |  8: 49.25    |  9: 92.84    |  10: 89.52    |  11: 44.88    |  12: 67.07    |  13: 83.96    |  14: 94.84    |  15: 85.21    |  16: 95.81    |  17: 73.95    |  18: 76.73    |  19: 88.84   
[Batch: 0198/2400] mIoU:  6.30  |  FB-IoU: 81.85 |  0: 88.53    |  1: 87.24    |  2: 91.34    |  3: 90.86    |  4: 43.35    |  5: 83.62    |  6: 26.14    |  7: 57.73    |  8: 49.25    |  9: 92.84    |  10: 89.52    |  11: 44.88    |  12: 67.07    |  13: 83.96    |  14: 94.84    |  15: 85.21    |  16: 95.81    |  17: 73.95    |  18: 76.73    |  19: 89.90   
[Batch: 0199/2400] mIoU:  6.30  |  FB-IoU: 81.91 |  0: 88.53    |  1: 87.24    |  2: 91.34    |  3: 90.86    |  4: 43.35    |  5: 83.62    |  6: 26.14    |  7: 57.73    |  8: 49.25    |  9: 92.84    |  10: 89.52    |  11: 44.88    |  12: 67.07    |  13: 83.96    |  14: 94.84    |  15: 85.21    |  16: 95.81    |  17: 73.95    |  18: 76.73    |  19: 90.17   
[Batch: 0200/2400] mIoU:  6.27  |  FB-IoU: 81.79 |  0: 88.53    |  1: 87.24    |  2: 91.34    |  3: 90.86    |  4: 43.35    |  5: 83.62    |  6: 26.14    |  7: 57.73    |  8: 49.25    |  9: 92.84    |  10: 89.52    |  11: 44.88    |  12: 67.07    |  13: 83.96    |  14: 94.84    |  15: 85.21    |  16: 95.81    |  17: 73.95    |  18: 76.73    |  19: 82.41   
[Batch: 0201/2400] mIoU:  6.68  |  FB-IoU: 81.88 |  0: 88.53    |  1: 87.24    |  2: 91.34    |  3: 90.86    |  4: 43.35    |  5: 83.62    |  6: 26.14    |  7: 57.73    |  8: 49.25    |  9: 92.84    |  10: 89.52    |  11: 44.88    |  12: 67.07    |  13: 83.96    |  14: 94.84    |  15: 85.21    |  16: 95.81    |  17: 73.95    |  18: 76.73    |  19: 82.41   
[Batch: 0202/2400] mIoU:  6.68  |  FB-IoU: 81.96 |  0: 88.53    |  1: 87.24    |  2: 91.34    |  3: 90.86    |  4: 43.35    |  5: 83.62    |  6: 26.14    |  7: 57.73    |  8: 49.25    |  9: 92.84    |  10: 89.52    |  11: 44.88    |  12: 67.07    |  13: 83.96    |  14: 94.84    |  15: 85.21    |  16: 95.81    |  17: 73.95    |  18: 76.73    |  19: 82.41   
[Batch: 0203/2400] mIoU:  6.68  |  FB-IoU: 82.02 |  0: 88.53    |  1: 87.24    |  2: 91.34    |  3: 90.86    |  4: 43.35    |  5: 83.62    |  6: 26.14    |  7: 57.73    |  8: 49.25    |  9: 92.84    |  10: 89.52    |  11: 44.88    |  12: 67.07    |  13: 83.96    |  14: 94.84    |  15: 85.21    |  16: 95.81    |  17: 73.95    |  18: 76.73    |  19: 82.41   
[Batch: 0204/2400] mIoU:  6.68  |  FB-IoU: 82.08 |  0: 88.53    |  1: 87.24    |  2: 91.34    |  3: 90.86    |  4: 43.35    |  5: 83.62    |  6: 26.14    |  7: 57.73    |  8: 49.25    |  9: 92.84    |  10: 89.52    |  11: 44.88    |  12: 67.07    |  13: 83.96    |  14: 94.84    |  15: 85.21    |  16: 95.81    |  17: 73.95    |  18: 76.73    |  19: 82.41   
[Batch: 0205/2400] mIoU:  6.68  |  FB-IoU: 82.12 |  0: 88.53    |  1: 87.24    |  2: 91.34    |  3: 90.86    |  4: 43.35    |  5: 83.62    |  6: 26.14    |  7: 57.73    |  8: 49.25    |  9: 92.84    |  10: 89.52    |  11: 44.88    |  12: 67.07    |  13: 83.96    |  14: 94.84    |  15: 85.21    |  16: 95.81    |  17: 73.95    |  18: 76.73    |  19: 82.41   
[Batch: 0206/2400] mIoU:  6.68  |  FB-IoU: 82.18 |  0: 88.53    |  1: 87.24    |  2: 91.34    |  3: 90.86    |  4: 43.35    |  5: 83.62    |  6: 26.14    |  7: 57.73    |  8: 49.25    |  9: 92.84    |  10: 89.52    |  11: 44.88    |  12: 67.07    |  13: 83.96    |  14: 94.84    |  15: 85.21    |  16: 95.81    |  17: 73.95    |  18: 76.73    |  19: 82.41   
[Batch: 0207/2400] mIoU:  6.68  |  FB-IoU: 82.28 |  0: 88.53    |  1: 87.24    |  2: 91.34    |  3: 90.86    |  4: 43.35    |  5: 83.62    |  6: 26.14    |  7: 57.73    |  8: 49.25    |  9: 92.84    |  10: 89.52    |  11: 44.88    |  12: 67.07    |  13: 83.96    |  14: 94.84    |  15: 85.21    |  16: 95.81    |  17: 73.95    |  18: 76.73    |  19: 82.41   
[Batch: 0208/2400] mIoU:  6.67  |  FB-IoU: 82.34 |  0: 88.53    |  1: 87.24    |  2: 91.34    |  3: 90.86    |  4: 43.35    |  5: 83.62    |  6: 26.14    |  7: 57.73    |  8: 49.25    |  9: 92.84    |  10: 89.52    |  11: 44.88    |  12: 67.07    |  13: 83.96    |  14: 94.84    |  15: 85.21    |  16: 95.81    |  17: 73.95    |  18: 76.73    |  19: 82.41   
[Batch: 0209/2400] mIoU:  6.67  |  FB-IoU: 82.44 |  0: 88.53    |  1: 87.24    |  2: 91.34    |  3: 90.86    |  4: 43.35    |  5: 83.62    |  6: 26.14    |  7: 57.73    |  8: 49.25    |  9: 92.84    |  10: 89.52    |  11: 44.88    |  12: 67.07    |  13: 83.96    |  14: 94.84    |  15: 85.21    |  16: 95.81    |  17: 73.95    |  18: 76.73    |  19: 82.41   
[Batch: 0210/2400] mIoU:  6.67  |  FB-IoU: 82.50 |  0: 88.53    |  1: 87.24    |  2: 91.34    |  3: 90.86    |  4: 43.35    |  5: 83.62    |  6: 26.14    |  7: 57.73    |  8: 49.25    |  9: 92.84    |  10: 89.52    |  11: 44.88    |  12: 67.07    |  13: 83.96    |  14: 94.84    |  15: 85.21    |  16: 95.81    |  17: 73.95    |  18: 76.73    |  19: 82.41   
[Batch: 0211/2400] mIoU:  7.07  |  FB-IoU: 82.57 |  0: 88.53    |  1: 87.24    |  2: 91.34    |  3: 90.86    |  4: 43.35    |  5: 83.62    |  6: 26.14    |  7: 57.73    |  8: 49.25    |  9: 92.84    |  10: 89.52    |  11: 44.88    |  12: 67.07    |  13: 83.96    |  14: 94.84    |  15: 85.21    |  16: 95.81    |  17: 73.95    |  18: 76.73    |  19: 82.41   
[Batch: 0212/2400] mIoU:  7.07  |  FB-IoU: 82.64 |  0: 88.53    |  1: 87.24    |  2: 91.34    |  3: 90.86    |  4: 43.35    |  5: 83.62    |  6: 26.14    |  7: 57.73    |  8: 49.25    |  9: 92.84    |  10: 89.52    |  11: 44.88    |  12: 67.07    |  13: 83.96    |  14: 94.84    |  15: 85.21    |  16: 95.81    |  17: 73.95    |  18: 76.73    |  19: 82.41   
[Batch: 0213/2400] mIoU:  7.07  |  FB-IoU: 82.70 |  0: 88.53    |  1: 87.24    |  2: 91.34    |  3: 90.86    |  4: 43.35    |  5: 83.62    |  6: 26.14    |  7: 57.73    |  8: 49.25    |  9: 92.84    |  10: 89.52    |  11: 44.88    |  12: 67.07    |  13: 83.96    |  14: 94.84    |  15: 85.21    |  16: 95.81    |  17: 73.95    |  18: 76.73    |  19: 82.41   
[Batch: 0214/2400] mIoU:  7.06  |  FB-IoU: 82.72 |  0: 88.53    |  1: 87.24    |  2: 91.34    |  3: 90.86    |  4: 43.35    |  5: 83.62    |  6: 26.14    |  7: 57.73    |  8: 49.25    |  9: 92.84    |  10: 89.52    |  11: 44.88    |  12: 67.07    |  13: 83.96    |  14: 94.84    |  15: 85.21    |  16: 95.81    |  17: 73.95    |  18: 76.73    |  19: 82.41   
[Batch: 0215/2400] mIoU:  7.06  |  FB-IoU: 82.77 |  0: 88.53    |  1: 87.24    |  2: 91.34    |  3: 90.86    |  4: 43.35    |  5: 83.62    |  6: 26.14    |  7: 57.73    |  8: 49.25    |  9: 92.84    |  10: 89.52    |  11: 44.88    |  12: 67.07    |  13: 83.96    |  14: 94.84    |  15: 85.21    |  16: 95.81    |  17: 73.95    |  18: 76.73    |  19: 82.41   
[Batch: 0216/2400] mIoU:  7.06  |  FB-IoU: 82.86 |  0: 88.53    |  1: 87.24    |  2: 91.34    |  3: 90.86    |  4: 43.35    |  5: 83.62    |  6: 26.14    |  7: 57.73    |  8: 49.25    |  9: 92.84    |  10: 89.52    |  11: 44.88    |  12: 67.07    |  13: 83.96    |  14: 94.84    |  15: 85.21    |  16: 95.81    |  17: 73.95    |  18: 76.73    |  19: 82.41   
[Batch: 0217/2400] mIoU:  7.06  |  FB-IoU: 82.94 |  0: 88.53    |  1: 87.24    |  2: 91.34    |  3: 90.86    |  4: 43.35    |  5: 83.62    |  6: 26.14    |  7: 57.73    |  8: 49.25    |  9: 92.84    |  10: 89.52    |  11: 44.88    |  12: 67.07    |  13: 83.96    |  14: 94.84    |  15: 85.21    |  16: 95.81    |  17: 73.95    |  18: 76.73    |  19: 82.41   
[Batch: 0218/2400] mIoU:  7.06  |  FB-IoU: 83.00 |  0: 88.53    |  1: 87.24    |  2: 91.34    |  3: 90.86    |  4: 43.35    |  5: 83.62    |  6: 26.14    |  7: 57.73    |  8: 49.25    |  9: 92.84    |  10: 89.52    |  11: 44.88    |  12: 67.07    |  13: 83.96    |  14: 94.84    |  15: 85.21    |  16: 95.81    |  17: 73.95    |  18: 76.73    |  19: 82.41   
[Batch: 0219/2400] mIoU:  7.06  |  FB-IoU: 83.05 |  0: 88.53    |  1: 87.24    |  2: 91.34    |  3: 90.86    |  4: 43.35    |  5: 83.62    |  6: 26.14    |  7: 57.73    |  8: 49.25    |  9: 92.84    |  10: 89.52    |  11: 44.88    |  12: 67.07    |  13: 83.96    |  14: 94.84    |  15: 85.21    |  16: 95.81    |  17: 73.95    |  18: 76.73    |  19: 82.41   
[Batch: 0220/2400] mIoU:  7.06  |  FB-IoU: 83.11 |  0: 88.53    |  1: 87.24    |  2: 91.34    |  3: 90.86    |  4: 43.35    |  5: 83.62    |  6: 26.14    |  7: 57.73    |  8: 49.25    |  9: 92.84    |  10: 89.52    |  11: 44.88    |  12: 67.07    |  13: 83.96    |  14: 94.84    |  15: 85.21    |  16: 95.81    |  17: 73.95    |  18: 76.73    |  19: 82.41   
[Batch: 0221/2400] mIoU:  7.47  |  FB-IoU: 83.18 |  0: 88.53    |  1: 87.24    |  2: 91.34    |  3: 90.86    |  4: 43.35    |  5: 83.62    |  6: 26.14    |  7: 57.73    |  8: 49.25    |  9: 92.84    |  10: 89.52    |  11: 44.88    |  12: 67.07    |  13: 83.96    |  14: 94.84    |  15: 85.21    |  16: 95.81    |  17: 73.95    |  18: 76.73    |  19: 82.41   
[Batch: 0222/2400] mIoU:  7.47  |  FB-IoU: 83.23 |  0: 88.53    |  1: 87.24    |  2: 91.34    |  3: 90.86    |  4: 43.35    |  5: 83.62    |  6: 26.14    |  7: 57.73    |  8: 49.25    |  9: 92.84    |  10: 89.52    |  11: 44.88    |  12: 67.07    |  13: 83.96    |  14: 94.84    |  15: 85.21    |  16: 95.81    |  17: 73.95    |  18: 76.73    |  19: 82.41   
[Batch: 0223/2400] mIoU:  7.45  |  FB-IoU: 83.26 |  0: 88.53    |  1: 87.24    |  2: 91.34    |  3: 90.86    |  4: 43.35    |  5: 83.62    |  6: 26.14    |  7: 57.73    |  8: 49.25    |  9: 92.84    |  10: 89.52    |  11: 44.88    |  12: 67.07    |  13: 83.96    |  14: 94.84    |  15: 85.21    |  16: 95.81    |  17: 73.95    |  18: 76.73    |  19: 82.41   
[Batch: 0224/2400] mIoU:  7.41  |  FB-IoU: 83.20 |  0: 88.53    |  1: 87.24    |  2: 91.34    |  3: 90.86    |  4: 43.35    |  5: 83.62    |  6: 26.14    |  7: 57.73    |  8: 49.25    |  9: 92.84    |  10: 89.52    |  11: 44.88    |  12: 67.07    |  13: 83.96    |  14: 94.84    |  15: 85.21    |  16: 95.81    |  17: 73.95    |  18: 76.73    |  19: 82.41   
[Batch: 0225/2400] mIoU:  7.40  |  FB-IoU: 83.20 |  0: 88.53    |  1: 87.24    |  2: 91.34    |  3: 90.86    |  4: 43.35    |  5: 83.62    |  6: 26.14    |  7: 57.73    |  8: 49.25    |  9: 92.84    |  10: 89.52    |  11: 44.88    |  12: 67.07    |  13: 83.96    |  14: 94.84    |  15: 85.21    |  16: 95.81    |  17: 73.95    |  18: 76.73    |  19: 82.41   
[Batch: 0226/2400] mIoU:  7.41  |  FB-IoU: 83.27 |  0: 88.53    |  1: 87.24    |  2: 91.34    |  3: 90.86    |  4: 43.35    |  5: 83.62    |  6: 26.14    |  7: 57.73    |  8: 49.25    |  9: 92.84    |  10: 89.52    |  11: 44.88    |  12: 67.07    |  13: 83.96    |  14: 94.84    |  15: 85.21    |  16: 95.81    |  17: 73.95    |  18: 76.73    |  19: 82.41   
[Batch: 0227/2400] mIoU:  7.43  |  FB-IoU: 83.35 |  0: 88.53    |  1: 87.24    |  2: 91.34    |  3: 90.86    |  4: 43.35    |  5: 83.62    |  6: 26.14    |  7: 57.73    |  8: 49.25    |  9: 92.84    |  10: 89.52    |  11: 44.88    |  12: 67.07    |  13: 83.96    |  14: 94.84    |  15: 85.21    |  16: 95.81    |  17: 73.95    |  18: 76.73    |  19: 82.41   
[Batch: 0228/2400] mIoU:  7.43  |  FB-IoU: 83.41 |  0: 88.53    |  1: 87.24    |  2: 91.34    |  3: 90.86    |  4: 43.35    |  5: 83.62    |  6: 26.14    |  7: 57.73    |  8: 49.25    |  9: 92.84    |  10: 89.52    |  11: 44.88    |  12: 67.07    |  13: 83.96    |  14: 94.84    |  15: 85.21    |  16: 95.81    |  17: 73.95    |  18: 76.73    |  19: 82.41   
[Batch: 0229/2400] mIoU:  7.42  |  FB-IoU: 83.39 |  0: 88.53    |  1: 87.24    |  2: 91.34    |  3: 90.86    |  4: 43.35    |  5: 83.62    |  6: 26.14    |  7: 57.73    |  8: 49.25    |  9: 92.84    |  10: 89.52    |  11: 44.88    |  12: 67.07    |  13: 83.96    |  14: 94.84    |  15: 85.21    |  16: 95.81    |  17: 73.95    |  18: 76.73    |  19: 82.41   
[Batch: 0230/2400] mIoU:  7.43  |  FB-IoU: 83.49 |  0: 88.53    |  1: 87.24    |  2: 91.34    |  3: 90.86    |  4: 43.35    |  5: 83.62    |  6: 26.14    |  7: 57.73    |  8: 49.25    |  9: 92.84    |  10: 89.52    |  11: 44.88    |  12: 67.07    |  13: 83.96    |  14: 94.84    |  15: 85.21    |  16: 95.81    |  17: 73.95    |  18: 76.73    |  19: 82.41   
[Batch: 0231/2400] mIoU:  7.83  |  FB-IoU: 83.53 |  0: 88.53    |  1: 87.24    |  2: 91.34    |  3: 90.86    |  4: 43.35    |  5: 83.62    |  6: 26.14    |  7: 57.73    |  8: 49.25    |  9: 92.84    |  10: 89.52    |  11: 44.88    |  12: 67.07    |  13: 83.96    |  14: 94.84    |  15: 85.21    |  16: 95.81    |  17: 73.95    |  18: 76.73    |  19: 82.41   
[Batch: 0232/2400] mIoU:  7.78  |  FB-IoU: 83.53 |  0: 88.53    |  1: 87.24    |  2: 91.34    |  3: 90.86    |  4: 43.35    |  5: 83.62    |  6: 26.14    |  7: 57.73    |  8: 49.25    |  9: 92.84    |  10: 89.52    |  11: 44.88    |  12: 67.07    |  13: 83.96    |  14: 94.84    |  15: 85.21    |  16: 95.81    |  17: 73.95    |  18: 76.73    |  19: 82.41   
[Batch: 0233/2400] mIoU:  7.77  |  FB-IoU: 83.55 |  0: 88.53    |  1: 87.24    |  2: 91.34    |  3: 90.86    |  4: 43.35    |  5: 83.62    |  6: 26.14    |  7: 57.73    |  8: 49.25    |  9: 92.84    |  10: 89.52    |  11: 44.88    |  12: 67.07    |  13: 83.96    |  14: 94.84    |  15: 85.21    |  16: 95.81    |  17: 73.95    |  18: 76.73    |  19: 82.41   
[Batch: 0234/2400] mIoU:  7.78  |  FB-IoU: 83.58 |  0: 88.53    |  1: 87.24    |  2: 91.34    |  3: 90.86    |  4: 43.35    |  5: 83.62    |  6: 26.14    |  7: 57.73    |  8: 49.25    |  9: 92.84    |  10: 89.52    |  11: 44.88    |  12: 67.07    |  13: 83.96    |  14: 94.84    |  15: 85.21    |  16: 95.81    |  17: 73.95    |  18: 76.73    |  19: 82.41   
[Batch: 0235/2400] mIoU:  7.78  |  FB-IoU: 83.62 |  0: 88.53    |  1: 87.24    |  2: 91.34    |  3: 90.86    |  4: 43.35    |  5: 83.62    |  6: 26.14    |  7: 57.73    |  8: 49.25    |  9: 92.84    |  10: 89.52    |  11: 44.88    |  12: 67.07    |  13: 83.96    |  14: 94.84    |  15: 85.21    |  16: 95.81    |  17: 73.95    |  18: 76.73    |  19: 82.41   
[Batch: 0236/2400] mIoU:  7.76  |  FB-IoU: 83.57 |  0: 88.53    |  1: 87.24    |  2: 91.34    |  3: 90.86    |  4: 43.35    |  5: 83.62    |  6: 26.14    |  7: 57.73    |  8: 49.25    |  9: 92.84    |  10: 89.52    |  11: 44.88    |  12: 67.07    |  13: 83.96    |  14: 94.84    |  15: 85.21    |  16: 95.81    |  17: 73.95    |  18: 76.73    |  19: 82.41   
[Batch: 0237/2400] mIoU:  7.77  |  FB-IoU: 83.62 |  0: 88.53    |  1: 87.24    |  2: 91.34    |  3: 90.86    |  4: 43.35    |  5: 83.62    |  6: 26.14    |  7: 57.73    |  8: 49.25    |  9: 92.84    |  10: 89.52    |  11: 44.88    |  12: 67.07    |  13: 83.96    |  14: 94.84    |  15: 85.21    |  16: 95.81    |  17: 73.95    |  18: 76.73    |  19: 82.41   
[Batch: 0238/2400] mIoU:  7.76  |  FB-IoU: 83.59 |  0: 88.53    |  1: 87.24    |  2: 91.34    |  3: 90.86    |  4: 43.35    |  5: 83.62    |  6: 26.14    |  7: 57.73    |  8: 49.25    |  9: 92.84    |  10: 89.52    |  11: 44.88    |  12: 67.07    |  13: 83.96    |  14: 94.84    |  15: 85.21    |  16: 95.81    |  17: 73.95    |  18: 76.73    |  19: 82.41   
[Batch: 0239/2400] mIoU:  7.77  |  FB-IoU: 83.65 |  0: 88.53    |  1: 87.24    |  2: 91.34    |  3: 90.86    |  4: 43.35    |  5: 83.62    |  6: 26.14    |  7: 57.73    |  8: 49.25    |  9: 92.84    |  10: 89.52    |  11: 44.88    |  12: 67.07    |  13: 83.96    |  14: 94.84    |  15: 85.21    |  16: 95.81    |  17: 73.95    |  18: 76.73    |  19: 82.41   
[Batch: 0240/2400] mIoU:  7.77  |  FB-IoU: 83.67 |  0: 88.53    |  1: 87.24    |  2: 91.34    |  3: 90.86    |  4: 43.35    |  5: 83.62    |  6: 26.14    |  7: 57.73    |  8: 49.25    |  9: 92.84    |  10: 89.52    |  11: 44.88    |  12: 67.07    |  13: 83.96    |  14: 94.84    |  15: 85.21    |  16: 95.81    |  17: 73.95    |  18: 76.73    |  19: 82.41   
[Batch: 0241/2400] mIoU:  8.17  |  FB-IoU: 83.71 |  0: 88.53    |  1: 87.24    |  2: 91.34    |  3: 90.86    |  4: 43.35    |  5: 83.62    |  6: 26.14    |  7: 57.73    |  8: 49.25    |  9: 92.84    |  10: 89.52    |  11: 44.88    |  12: 67.07    |  13: 83.96    |  14: 94.84    |  15: 85.21    |  16: 95.81    |  17: 73.95    |  18: 76.73    |  19: 82.41   
[Batch: 0242/2400] mIoU:  8.17  |  FB-IoU: 83.74 |  0: 88.53    |  1: 87.24    |  2: 91.34    |  3: 90.86    |  4: 43.35    |  5: 83.62    |  6: 26.14    |  7: 57.73    |  8: 49.25    |  9: 92.84    |  10: 89.52    |  11: 44.88    |  12: 67.07    |  13: 83.96    |  14: 94.84    |  15: 85.21    |  16: 95.81    |  17: 73.95    |  18: 76.73    |  19: 82.41   
[Batch: 0243/2400] mIoU:  8.15  |  FB-IoU: 83.76 |  0: 88.53    |  1: 87.24    |  2: 91.34    |  3: 90.86    |  4: 43.35    |  5: 83.62    |  6: 26.14    |  7: 57.73    |  8: 49.25    |  9: 92.84    |  10: 89.52    |  11: 44.88    |  12: 67.07    |  13: 83.96    |  14: 94.84    |  15: 85.21    |  16: 95.81    |  17: 73.95    |  18: 76.73    |  19: 82.41   
[Batch: 0244/2400] mIoU:  8.14  |  FB-IoU: 83.77 |  0: 88.53    |  1: 87.24    |  2: 91.34    |  3: 90.86    |  4: 43.35    |  5: 83.62    |  6: 26.14    |  7: 57.73    |  8: 49.25    |  9: 92.84    |  10: 89.52    |  11: 44.88    |  12: 67.07    |  13: 83.96    |  14: 94.84    |  15: 85.21    |  16: 95.81    |  17: 73.95    |  18: 76.73    |  19: 82.41   
[Batch: 0245/2400] mIoU:  8.13  |  FB-IoU: 83.79 |  0: 88.53    |  1: 87.24    |  2: 91.34    |  3: 90.86    |  4: 43.35    |  5: 83.62    |  6: 26.14    |  7: 57.73    |  8: 49.25    |  9: 92.84    |  10: 89.52    |  11: 44.88    |  12: 67.07    |  13: 83.96    |  14: 94.84    |  15: 85.21    |  16: 95.81    |  17: 73.95    |  18: 76.73    |  19: 82.41   
[Batch: 0246/2400] mIoU:  8.14  |  FB-IoU: 83.82 |  0: 88.53    |  1: 87.24    |  2: 91.34    |  3: 90.86    |  4: 43.35    |  5: 83.62    |  6: 26.14    |  7: 57.73    |  8: 49.25    |  9: 92.84    |  10: 89.52    |  11: 44.88    |  12: 67.07    |  13: 83.96    |  14: 94.84    |  15: 85.21    |  16: 95.81    |  17: 73.95    |  18: 76.73    |  19: 82.41   
[Batch: 0247/2400] mIoU:  8.14  |  FB-IoU: 83.85 |  0: 88.53    |  1: 87.24    |  2: 91.34    |  3: 90.86    |  4: 43.35    |  5: 83.62    |  6: 26.14    |  7: 57.73    |  8: 49.25    |  9: 92.84    |  10: 89.52    |  11: 44.88    |  12: 67.07    |  13: 83.96    |  14: 94.84    |  15: 85.21    |  16: 95.81    |  17: 73.95    |  18: 76.73    |  19: 82.41   
[Batch: 0248/2400] mIoU:  8.14  |  FB-IoU: 83.88 |  0: 88.53    |  1: 87.24    |  2: 91.34    |  3: 90.86    |  4: 43.35    |  5: 83.62    |  6: 26.14    |  7: 57.73    |  8: 49.25    |  9: 92.84    |  10: 89.52    |  11: 44.88    |  12: 67.07    |  13: 83.96    |  14: 94.84    |  15: 85.21    |  16: 95.81    |  17: 73.95    |  18: 76.73    |  19: 82.41   
[Batch: 0249/2400] mIoU:  8.12  |  FB-IoU: 83.87 |  0: 88.53    |  1: 87.24    |  2: 91.34    |  3: 90.86    |  4: 43.35    |  5: 83.62    |  6: 26.14    |  7: 57.73    |  8: 49.25    |  9: 92.84    |  10: 89.52    |  11: 44.88    |  12: 67.07    |  13: 83.96    |  14: 94.84    |  15: 85.21    |  16: 95.81    |  17: 73.95    |  18: 76.73    |  19: 82.41   
[Batch: 0250/2400] mIoU:  8.12  |  FB-IoU: 83.88 |  0: 88.53    |  1: 87.24    |  2: 91.34    |  3: 90.86    |  4: 43.35    |  5: 83.62    |  6: 26.14    |  7: 57.73    |  8: 49.25    |  9: 92.84    |  10: 89.52    |  11: 44.88    |  12: 67.07    |  13: 83.96    |  14: 94.84    |  15: 85.21    |  16: 95.81    |  17: 73.95    |  18: 76.73    |  19: 82.41   
[Batch: 0251/2400] mIoU:  8.48  |  FB-IoU: 83.92 |  0: 88.53    |  1: 87.24    |  2: 91.34    |  3: 90.86    |  4: 43.35    |  5: 83.62    |  6: 26.14    |  7: 57.73    |  8: 49.25    |  9: 92.84    |  10: 89.52    |  11: 44.88    |  12: 67.07    |  13: 83.96    |  14: 94.84    |  15: 85.21    |  16: 95.81    |  17: 73.95    |  18: 76.73    |  19: 82.41   
[Batch: 0252/2400] mIoU:  8.50  |  FB-IoU: 83.99 |  0: 88.53    |  1: 87.24    |  2: 91.34    |  3: 90.86    |  4: 43.35    |  5: 83.62    |  6: 26.14    |  7: 57.73    |  8: 49.25    |  9: 92.84    |  10: 89.52    |  11: 44.88    |  12: 67.07    |  13: 83.96    |  14: 94.84    |  15: 85.21    |  16: 95.81    |  17: 73.95    |  18: 76.73    |  19: 82.41   
[Batch: 0253/2400] mIoU:  8.51  |  FB-IoU: 84.07 |  0: 88.53    |  1: 87.24    |  2: 91.34    |  3: 90.86    |  4: 43.35    |  5: 83.62    |  6: 26.14    |  7: 57.73    |  8: 49.25    |  9: 92.84    |  10: 89.52    |  11: 44.88    |  12: 67.07    |  13: 83.96    |  14: 94.84    |  15: 85.21    |  16: 95.81    |  17: 73.95    |  18: 76.73    |  19: 82.41   
[Batch: 0254/2400] mIoU:  8.51  |  FB-IoU: 84.12 |  0: 88.53    |  1: 87.24    |  2: 91.34    |  3: 90.86    |  4: 43.35    |  5: 83.62    |  6: 26.14    |  7: 57.73    |  8: 49.25    |  9: 92.84    |  10: 89.52    |  11: 44.88    |  12: 67.07    |  13: 83.96    |  14: 94.84    |  15: 85.21    |  16: 95.81    |  17: 73.95    |  18: 76.73    |  19: 82.41   
[Batch: 0255/2400] mIoU:  8.52  |  FB-IoU: 84.21 |  0: 88.53    |  1: 87.24    |  2: 91.34    |  3: 90.86    |  4: 43.35    |  5: 83.62    |  6: 26.14    |  7: 57.73    |  8: 49.25    |  9: 92.84    |  10: 89.52    |  11: 44.88    |  12: 67.07    |  13: 83.96    |  14: 94.84    |  15: 85.21    |  16: 95.81    |  17: 73.95    |  18: 76.73    |  19: 82.41   
[Batch: 0256/2400] mIoU:  8.51  |  FB-IoU: 84.20 |  0: 88.53    |  1: 87.24    |  2: 91.34    |  3: 90.86    |  4: 43.35    |  5: 83.62    |  6: 26.14    |  7: 57.73    |  8: 49.25    |  9: 92.84    |  10: 89.52    |  11: 44.88    |  12: 67.07    |  13: 83.96    |  14: 94.84    |  15: 85.21    |  16: 95.81    |  17: 73.95    |  18: 76.73    |  19: 82.41   
[Batch: 0257/2400] mIoU:  8.51  |  FB-IoU: 84.24 |  0: 88.53    |  1: 87.24    |  2: 91.34    |  3: 90.86    |  4: 43.35    |  5: 83.62    |  6: 26.14    |  7: 57.73    |  8: 49.25    |  9: 92.84    |  10: 89.52    |  11: 44.88    |  12: 67.07    |  13: 83.96    |  14: 94.84    |  15: 85.21    |  16: 95.81    |  17: 73.95    |  18: 76.73    |  19: 82.41   
[Batch: 0258/2400] mIoU:  8.50  |  FB-IoU: 84.26 |  0: 88.53    |  1: 87.24    |  2: 91.34    |  3: 90.86    |  4: 43.35    |  5: 83.62    |  6: 26.14    |  7: 57.73    |  8: 49.25    |  9: 92.84    |  10: 89.52    |  11: 44.88    |  12: 67.07    |  13: 83.96    |  14: 94.84    |  15: 85.21    |  16: 95.81    |  17: 73.95    |  18: 76.73    |  19: 82.41   
[Batch: 0259/2400] mIoU:  8.51  |  FB-IoU: 84.31 |  0: 88.53    |  1: 87.24    |  2: 91.34    |  3: 90.86    |  4: 43.35    |  5: 83.62    |  6: 26.14    |  7: 57.73    |  8: 49.25    |  9: 92.84    |  10: 89.52    |  11: 44.88    |  12: 67.07    |  13: 83.96    |  14: 94.84    |  15: 85.21    |  16: 95.81    |  17: 73.95    |  18: 76.73    |  19: 82.41   
[Batch: 0260/2400] mIoU:  8.51  |  FB-IoU: 84.36 |  0: 88.53    |  1: 87.24    |  2: 91.34    |  3: 90.86    |  4: 43.35    |  5: 83.62    |  6: 26.14    |  7: 57.73    |  8: 49.25    |  9: 92.84    |  10: 89.52    |  11: 44.88    |  12: 67.07    |  13: 83.96    |  14: 94.84    |  15: 85.21    |  16: 95.81    |  17: 73.95    |  18: 76.73    |  19: 82.41   
[Batch: 0261/2400] mIoU:  8.91  |  FB-IoU: 84.40 |  0: 88.53    |  1: 87.24    |  2: 91.34    |  3: 90.86    |  4: 43.35    |  5: 83.62    |  6: 26.14    |  7: 57.73    |  8: 49.25    |  9: 92.84    |  10: 89.52    |  11: 44.88    |  12: 67.07    |  13: 83.96    |  14: 94.84    |  15: 85.21    |  16: 95.81    |  17: 73.95    |  18: 76.73    |  19: 82.41   
[Batch: 0262/2400] mIoU:  8.91  |  FB-IoU: 84.44 |  0: 88.53    |  1: 87.24    |  2: 91.34    |  3: 90.86    |  4: 43.35    |  5: 83.62    |  6: 26.14    |  7: 57.73    |  8: 49.25    |  9: 92.84    |  10: 89.52    |  11: 44.88    |  12: 67.07    |  13: 83.96    |  14: 94.84    |  15: 85.21    |  16: 95.81    |  17: 73.95    |  18: 76.73    |  19: 82.41   
[Batch: 0263/2400] mIoU:  8.91  |  FB-IoU: 84.48 |  0: 88.53    |  1: 87.24    |  2: 91.34    |  3: 90.86    |  4: 43.35    |  5: 83.62    |  6: 26.14    |  7: 57.73    |  8: 49.25    |  9: 92.84    |  10: 89.52    |  11: 44.88    |  12: 67.07    |  13: 83.96    |  14: 94.84    |  15: 85.21    |  16: 95.81    |  17: 73.95    |  18: 76.73    |  19: 82.41   
[Batch: 0264/2400] mIoU:  8.91  |  FB-IoU: 84.52 |  0: 88.53    |  1: 87.24    |  2: 91.34    |  3: 90.86    |  4: 43.35    |  5: 83.62    |  6: 26.14    |  7: 57.73    |  8: 49.25    |  9: 92.84    |  10: 89.52    |  11: 44.88    |  12: 67.07    |  13: 83.96    |  14: 94.84    |  15: 85.21    |  16: 95.81    |  17: 73.95    |  18: 76.73    |  19: 82.41   
[Batch: 0265/2400] mIoU:  8.91  |  FB-IoU: 84.56 |  0: 88.53    |  1: 87.24    |  2: 91.34    |  3: 90.86    |  4: 43.35    |  5: 83.62    |  6: 26.14    |  7: 57.73    |  8: 49.25    |  9: 92.84    |  10: 89.52    |  11: 44.88    |  12: 67.07    |  13: 83.96    |  14: 94.84    |  15: 85.21    |  16: 95.81    |  17: 73.95    |  18: 76.73    |  19: 82.41   
[Batch: 0266/2400] mIoU:  8.91  |  FB-IoU: 84.61 |  0: 88.53    |  1: 87.24    |  2: 91.34    |  3: 90.86    |  4: 43.35    |  5: 83.62    |  6: 26.14    |  7: 57.73    |  8: 49.25    |  9: 92.84    |  10: 89.52    |  11: 44.88    |  12: 67.07    |  13: 83.96    |  14: 94.84    |  15: 85.21    |  16: 95.81    |  17: 73.95    |  18: 76.73    |  19: 82.41   
[Batch: 0267/2400] mIoU:  8.91  |  FB-IoU: 84.64 |  0: 88.53    |  1: 87.24    |  2: 91.34    |  3: 90.86    |  4: 43.35    |  5: 83.62    |  6: 26.14    |  7: 57.73    |  8: 49.25    |  9: 92.84    |  10: 89.52    |  11: 44.88    |  12: 67.07    |  13: 83.96    |  14: 94.84    |  15: 85.21    |  16: 95.81    |  17: 73.95    |  18: 76.73    |  19: 82.41   
[Batch: 0268/2400] mIoU:  8.91  |  FB-IoU: 84.68 |  0: 88.53    |  1: 87.24    |  2: 91.34    |  3: 90.86    |  4: 43.35    |  5: 83.62    |  6: 26.14    |  7: 57.73    |  8: 49.25    |  9: 92.84    |  10: 89.52    |  11: 44.88    |  12: 67.07    |  13: 83.96    |  14: 94.84    |  15: 85.21    |  16: 95.81    |  17: 73.95    |  18: 76.73    |  19: 82.41   
[Batch: 0269/2400] mIoU:  8.89  |  FB-IoU: 84.65 |  0: 88.53    |  1: 87.24    |  2: 91.34    |  3: 90.86    |  4: 43.35    |  5: 83.62    |  6: 26.14    |  7: 57.73    |  8: 49.25    |  9: 92.84    |  10: 89.52    |  11: 44.88    |  12: 67.07    |  13: 83.96    |  14: 94.84    |  15: 85.21    |  16: 95.81    |  17: 73.95    |  18: 76.73    |  19: 82.41   
[Batch: 0270/2400] mIoU:  8.89  |  FB-IoU: 84.69 |  0: 88.53    |  1: 87.24    |  2: 91.34    |  3: 90.86    |  4: 43.35    |  5: 83.62    |  6: 26.14    |  7: 57.73    |  8: 49.25    |  9: 92.84    |  10: 89.52    |  11: 44.88    |  12: 67.07    |  13: 83.96    |  14: 94.84    |  15: 85.21    |  16: 95.81    |  17: 73.95    |  18: 76.73    |  19: 82.41   
[Batch: 0271/2400] mIoU:  9.27  |  FB-IoU: 84.71 |  0: 88.53    |  1: 87.24    |  2: 91.34    |  3: 90.86    |  4: 43.35    |  5: 83.62    |  6: 26.14    |  7: 57.73    |  8: 49.25    |  9: 92.84    |  10: 89.52    |  11: 44.88    |  12: 67.07    |  13: 83.96    |  14: 94.84    |  15: 85.21    |  16: 95.81    |  17: 73.95    |  18: 76.73    |  19: 82.41   
[Batch: 0272/2400] mIoU:  9.21  |  FB-IoU: 84.71 |  0: 88.53    |  1: 87.24    |  2: 91.34    |  3: 90.86    |  4: 43.35    |  5: 83.62    |  6: 26.14    |  7: 57.73    |  8: 49.25    |  9: 92.84    |  10: 89.52    |  11: 44.88    |  12: 67.07    |  13: 83.96    |  14: 94.84    |  15: 85.21    |  16: 95.81    |  17: 73.95    |  18: 76.73    |  19: 82.41   
[Batch: 0273/2400] mIoU:  9.21  |  FB-IoU: 84.72 |  0: 88.53    |  1: 87.24    |  2: 91.34    |  3: 90.86    |  4: 43.35    |  5: 83.62    |  6: 26.14    |  7: 57.73    |  8: 49.25    |  9: 92.84    |  10: 89.52    |  11: 44.88    |  12: 67.07    |  13: 83.96    |  14: 94.84    |  15: 85.21    |  16: 95.81    |  17: 73.95    |  18: 76.73    |  19: 82.41   
[Batch: 0274/2400] mIoU:  9.22  |  FB-IoU: 84.74 |  0: 88.53    |  1: 87.24    |  2: 91.34    |  3: 90.86    |  4: 43.35    |  5: 83.62    |  6: 26.14    |  7: 57.73    |  8: 49.25    |  9: 92.84    |  10: 89.52    |  11: 44.88    |  12: 67.07    |  13: 83.96    |  14: 94.84    |  15: 85.21    |  16: 95.81    |  17: 73.95    |  18: 76.73    |  19: 82.41   
[Batch: 0275/2400] mIoU:  9.23  |  FB-IoU: 84.77 |  0: 88.53    |  1: 87.24    |  2: 91.34    |  3: 90.86    |  4: 43.35    |  5: 83.62    |  6: 26.14    |  7: 57.73    |  8: 49.25    |  9: 92.84    |  10: 89.52    |  11: 44.88    |  12: 67.07    |  13: 83.96    |  14: 94.84    |  15: 85.21    |  16: 95.81    |  17: 73.95    |  18: 76.73    |  19: 82.41   
[Batch: 0276/2400] mIoU:  9.25  |  FB-IoU: 84.79 |  0: 88.53    |  1: 87.24    |  2: 91.34    |  3: 90.86    |  4: 43.35    |  5: 83.62    |  6: 26.14    |  7: 57.73    |  8: 49.25    |  9: 92.84    |  10: 89.52    |  11: 44.88    |  12: 67.07    |  13: 83.96    |  14: 94.84    |  15: 85.21    |  16: 95.81    |  17: 73.95    |  18: 76.73    |  19: 82.41   
[Batch: 0277/2400] mIoU:  9.25  |  FB-IoU: 84.82 |  0: 88.53    |  1: 87.24    |  2: 91.34    |  3: 90.86    |  4: 43.35    |  5: 83.62    |  6: 26.14    |  7: 57.73    |  8: 49.25    |  9: 92.84    |  10: 89.52    |  11: 44.88    |  12: 67.07    |  13: 83.96    |  14: 94.84    |  15: 85.21    |  16: 95.81    |  17: 73.95    |  18: 76.73    |  19: 82.41   
[Batch: 0278/2400] mIoU:  9.26  |  FB-IoU: 84.85 |  0: 88.53    |  1: 87.24    |  2: 91.34    |  3: 90.86    |  4: 43.35    |  5: 83.62    |  6: 26.14    |  7: 57.73    |  8: 49.25    |  9: 92.84    |  10: 89.52    |  11: 44.88    |  12: 67.07    |  13: 83.96    |  14: 94.84    |  15: 85.21    |  16: 95.81    |  17: 73.95    |  18: 76.73    |  19: 82.41   
[Batch: 0279/2400] mIoU:  9.26  |  FB-IoU: 84.86 |  0: 88.53    |  1: 87.24    |  2: 91.34    |  3: 90.86    |  4: 43.35    |  5: 83.62    |  6: 26.14    |  7: 57.73    |  8: 49.25    |  9: 92.84    |  10: 89.52    |  11: 44.88    |  12: 67.07    |  13: 83.96    |  14: 94.84    |  15: 85.21    |  16: 95.81    |  17: 73.95    |  18: 76.73    |  19: 82.41   
[Batch: 0280/2400] mIoU:  9.26  |  FB-IoU: 84.89 |  0: 88.53    |  1: 87.24    |  2: 91.34    |  3: 90.86    |  4: 43.35    |  5: 83.62    |  6: 26.14    |  7: 57.73    |  8: 49.25    |  9: 92.84    |  10: 89.52    |  11: 44.88    |  12: 67.07    |  13: 83.96    |  14: 94.84    |  15: 85.21    |  16: 95.81    |  17: 73.95    |  18: 76.73    |  19: 82.41   
[Batch: 0281/2400] mIoU:  9.65  |  FB-IoU: 84.94 |  0: 88.53    |  1: 87.24    |  2: 91.34    |  3: 90.86    |  4: 43.35    |  5: 83.62    |  6: 26.14    |  7: 57.73    |  8: 49.25    |  9: 92.84    |  10: 89.52    |  11: 44.88    |  12: 67.07    |  13: 83.96    |  14: 94.84    |  15: 85.21    |  16: 95.81    |  17: 73.95    |  18: 76.73    |  19: 82.41   
[Batch: 0282/2400] mIoU:  9.65  |  FB-IoU: 85.01 |  0: 88.53    |  1: 87.24    |  2: 91.34    |  3: 90.86    |  4: 43.35    |  5: 83.62    |  6: 26.14    |  7: 57.73    |  8: 49.25    |  9: 92.84    |  10: 89.52    |  11: 44.88    |  12: 67.07    |  13: 83.96    |  14: 94.84    |  15: 85.21    |  16: 95.81    |  17: 73.95    |  18: 76.73    |  19: 82.41   
[Batch: 0283/2400] mIoU:  9.65  |  FB-IoU: 85.07 |  0: 88.53    |  1: 87.24    |  2: 91.34    |  3: 90.86    |  4: 43.35    |  5: 83.62    |  6: 26.14    |  7: 57.73    |  8: 49.25    |  9: 92.84    |  10: 89.52    |  11: 44.88    |  12: 67.07    |  13: 83.96    |  14: 94.84    |  15: 85.21    |  16: 95.81    |  17: 73.95    |  18: 76.73    |  19: 82.41   
[Batch: 0284/2400] mIoU:  9.65  |  FB-IoU: 85.12 |  0: 88.53    |  1: 87.24    |  2: 91.34    |  3: 90.86    |  4: 43.35    |  5: 83.62    |  6: 26.14    |  7: 57.73    |  8: 49.25    |  9: 92.84    |  10: 89.52    |  11: 44.88    |  12: 67.07    |  13: 83.96    |  14: 94.84    |  15: 85.21    |  16: 95.81    |  17: 73.95    |  18: 76.73    |  19: 82.41   
[Batch: 0285/2400] mIoU:  9.65  |  FB-IoU: 85.17 |  0: 88.53    |  1: 87.24    |  2: 91.34    |  3: 90.86    |  4: 43.35    |  5: 83.62    |  6: 26.14    |  7: 57.73    |  8: 49.25    |  9: 92.84    |  10: 89.52    |  11: 44.88    |  12: 67.07    |  13: 83.96    |  14: 94.84    |  15: 85.21    |  16: 95.81    |  17: 73.95    |  18: 76.73    |  19: 82.41   
[Batch: 0286/2400] mIoU:  9.65  |  FB-IoU: 85.23 |  0: 88.53    |  1: 87.24    |  2: 91.34    |  3: 90.86    |  4: 43.35    |  5: 83.62    |  6: 26.14    |  7: 57.73    |  8: 49.25    |  9: 92.84    |  10: 89.52    |  11: 44.88    |  12: 67.07    |  13: 83.96    |  14: 94.84    |  15: 85.21    |  16: 95.81    |  17: 73.95    |  18: 76.73    |  19: 82.41   
[Batch: 0287/2400] mIoU:  9.65  |  FB-IoU: 85.29 |  0: 88.53    |  1: 87.24    |  2: 91.34    |  3: 90.86    |  4: 43.35    |  5: 83.62    |  6: 26.14    |  7: 57.73    |  8: 49.25    |  9: 92.84    |  10: 89.52    |  11: 44.88    |  12: 67.07    |  13: 83.96    |  14: 94.84    |  15: 85.21    |  16: 95.81    |  17: 73.95    |  18: 76.73    |  19: 82.41   
[Batch: 0288/2400] mIoU:  9.65  |  FB-IoU: 85.35 |  0: 88.53    |  1: 87.24    |  2: 91.34    |  3: 90.86    |  4: 43.35    |  5: 83.62    |  6: 26.14    |  7: 57.73    |  8: 49.25    |  9: 92.84    |  10: 89.52    |  11: 44.88    |  12: 67.07    |  13: 83.96    |  14: 94.84    |  15: 85.21    |  16: 95.81    |  17: 73.95    |  18: 76.73    |  19: 82.41   
[Batch: 0289/2400] mIoU:  9.65  |  FB-IoU: 85.41 |  0: 88.53    |  1: 87.24    |  2: 91.34    |  3: 90.86    |  4: 43.35    |  5: 83.62    |  6: 26.14    |  7: 57.73    |  8: 49.25    |  9: 92.84    |  10: 89.52    |  11: 44.88    |  12: 67.07    |  13: 83.96    |  14: 94.84    |  15: 85.21    |  16: 95.81    |  17: 73.95    |  18: 76.73    |  19: 82.41   
[Batch: 0290/2400] mIoU:  9.65  |  FB-IoU: 85.45 |  0: 88.53    |  1: 87.24    |  2: 91.34    |  3: 90.86    |  4: 43.35    |  5: 83.62    |  6: 26.14    |  7: 57.73    |  8: 49.25    |  9: 92.84    |  10: 89.52    |  11: 44.88    |  12: 67.07    |  13: 83.96    |  14: 94.84    |  15: 85.21    |  16: 95.81    |  17: 73.95    |  18: 76.73    |  19: 82.41   
[Batch: 0291/2400] mIoU: 10.04  |  FB-IoU: 85.48 |  0: 88.53    |  1: 87.24    |  2: 91.34    |  3: 90.86    |  4: 43.35    |  5: 83.62    |  6: 26.14    |  7: 57.73    |  8: 49.25    |  9: 92.84    |  10: 89.52    |  11: 44.88    |  12: 67.07    |  13: 83.96    |  14: 94.84    |  15: 85.21    |  16: 95.81    |  17: 73.95    |  18: 76.73    |  19: 82.41   
[Batch: 0292/2400] mIoU: 10.04  |  FB-IoU: 85.50 |  0: 88.53    |  1: 87.24    |  2: 91.34    |  3: 90.86    |  4: 43.35    |  5: 83.62    |  6: 26.14    |  7: 57.73    |  8: 49.25    |  9: 92.84    |  10: 89.52    |  11: 44.88    |  12: 67.07    |  13: 83.96    |  14: 94.84    |  15: 85.21    |  16: 95.81    |  17: 73.95    |  18: 76.73    |  19: 82.41   
[Batch: 0293/2400] mIoU: 10.04  |  FB-IoU: 85.52 |  0: 88.53    |  1: 87.24    |  2: 91.34    |  3: 90.86    |  4: 43.35    |  5: 83.62    |  6: 26.14    |  7: 57.73    |  8: 49.25    |  9: 92.84    |  10: 89.52    |  11: 44.88    |  12: 67.07    |  13: 83.96    |  14: 94.84    |  15: 85.21    |  16: 95.81    |  17: 73.95    |  18: 76.73    |  19: 82.41   
[Batch: 0294/2400] mIoU: 10.04  |  FB-IoU: 85.55 |  0: 88.53    |  1: 87.24    |  2: 91.34    |  3: 90.86    |  4: 43.35    |  5: 83.62    |  6: 26.14    |  7: 57.73    |  8: 49.25    |  9: 92.84    |  10: 89.52    |  11: 44.88    |  12: 67.07    |  13: 83.96    |  14: 94.84    |  15: 85.21    |  16: 95.81    |  17: 73.95    |  18: 76.73    |  19: 82.41   
[Batch: 0295/2400] mIoU: 10.04  |  FB-IoU: 85.57 |  0: 88.53    |  1: 87.24    |  2: 91.34    |  3: 90.86    |  4: 43.35    |  5: 83.62    |  6: 26.14    |  7: 57.73    |  8: 49.25    |  9: 92.84    |  10: 89.52    |  11: 44.88    |  12: 67.07    |  13: 83.96    |  14: 94.84    |  15: 85.21    |  16: 95.81    |  17: 73.95    |  18: 76.73    |  19: 82.41   
[Batch: 0296/2400] mIoU: 10.04  |  FB-IoU: 85.59 |  0: 88.53    |  1: 87.24    |  2: 91.34    |  3: 90.86    |  4: 43.35    |  5: 83.62    |  6: 26.14    |  7: 57.73    |  8: 49.25    |  9: 92.84    |  10: 89.52    |  11: 44.88    |  12: 67.07    |  13: 83.96    |  14: 94.84    |  15: 85.21    |  16: 95.81    |  17: 73.95    |  18: 76.73    |  19: 82.41   
[Batch: 0297/2400] mIoU: 10.04  |  FB-IoU: 85.61 |  0: 88.53    |  1: 87.24    |  2: 91.34    |  3: 90.86    |  4: 43.35    |  5: 83.62    |  6: 26.14    |  7: 57.73    |  8: 49.25    |  9: 92.84    |  10: 89.52    |  11: 44.88    |  12: 67.07    |  13: 83.96    |  14: 94.84    |  15: 85.21    |  16: 95.81    |  17: 73.95    |  18: 76.73    |  19: 82.41   
[Batch: 0298/2400] mIoU: 10.04  |  FB-IoU: 85.63 |  0: 88.53    |  1: 87.24    |  2: 91.34    |  3: 90.86    |  4: 43.35    |  5: 83.62    |  6: 26.14    |  7: 57.73    |  8: 49.25    |  9: 92.84    |  10: 89.52    |  11: 44.88    |  12: 67.07    |  13: 83.96    |  14: 94.84    |  15: 85.21    |  16: 95.81    |  17: 73.95    |  18: 76.73    |  19: 82.41   
[Batch: 0299/2400] mIoU: 10.04  |  FB-IoU: 85.66 |  0: 88.53    |  1: 87.24    |  2: 91.34    |  3: 90.86    |  4: 43.35    |  5: 83.62    |  6: 26.14    |  7: 57.73    |  8: 49.25    |  9: 92.84    |  10: 89.52    |  11: 44.88    |  12: 67.07    |  13: 83.96    |  14: 94.84    |  15: 85.21    |  16: 95.81    |  17: 73.95    |  18: 76.73    |  19: 82.41   
[Batch: 0300/2400] mIoU: 10.04  |  FB-IoU: 85.68 |  0: 88.53    |  1: 87.24    |  2: 91.34    |  3: 90.86    |  4: 43.35    |  5: 83.62    |  6: 26.14    |  7: 57.73    |  8: 49.25    |  9: 92.84    |  10: 89.52    |  11: 44.88    |  12: 67.07    |  13: 83.96    |  14: 94.84    |  15: 85.21    |  16: 95.81    |  17: 73.95    |  18: 76.73    |  19: 82.41   
[Batch: 0301/2400] mIoU: 10.43  |  FB-IoU: 85.71 |  0: 88.53    |  1: 87.24    |  2: 91.34    |  3: 90.86    |  4: 43.35    |  5: 83.62    |  6: 26.14    |  7: 57.73    |  8: 49.25    |  9: 92.84    |  10: 89.52    |  11: 44.88    |  12: 67.07    |  13: 83.96    |  14: 94.84    |  15: 85.21    |  16: 95.81    |  17: 73.95    |  18: 76.73    |  19: 82.41   
[Batch: 0302/2400] mIoU: 10.44  |  FB-IoU: 85.74 |  0: 88.53    |  1: 87.24    |  2: 91.34    |  3: 90.86    |  4: 43.35    |  5: 83.62    |  6: 26.14    |  7: 57.73    |  8: 49.25    |  9: 92.84    |  10: 89.52    |  11: 44.88    |  12: 67.07    |  13: 83.96    |  14: 94.84    |  15: 85.21    |  16: 95.81    |  17: 73.95    |  18: 76.73    |  19: 82.41   
[Batch: 0303/2400] mIoU: 10.44  |  FB-IoU: 85.79 |  0: 88.53    |  1: 87.24    |  2: 91.34    |  3: 90.86    |  4: 43.35    |  5: 83.62    |  6: 26.14    |  7: 57.73    |  8: 49.25    |  9: 92.84    |  10: 89.52    |  11: 44.88    |  12: 67.07    |  13: 83.96    |  14: 94.84    |  15: 85.21    |  16: 95.81    |  17: 73.95    |  18: 76.73    |  19: 82.41   
[Batch: 0304/2400] mIoU: 10.44  |  FB-IoU: 85.82 |  0: 88.53    |  1: 87.24    |  2: 91.34    |  3: 90.86    |  4: 43.35    |  5: 83.62    |  6: 26.14    |  7: 57.73    |  8: 49.25    |  9: 92.84    |  10: 89.52    |  11: 44.88    |  12: 67.07    |  13: 83.96    |  14: 94.84    |  15: 85.21    |  16: 95.81    |  17: 73.95    |  18: 76.73    |  19: 82.41   
[Batch: 0305/2400] mIoU: 10.44  |  FB-IoU: 85.85 |  0: 88.53    |  1: 87.24    |  2: 91.34    |  3: 90.86    |  4: 43.35    |  5: 83.62    |  6: 26.14    |  7: 57.73    |  8: 49.25    |  9: 92.84    |  10: 89.52    |  11: 44.88    |  12: 67.07    |  13: 83.96    |  14: 94.84    |  15: 85.21    |  16: 95.81    |  17: 73.95    |  18: 76.73    |  19: 82.41   
[Batch: 0306/2400] mIoU: 10.44  |  FB-IoU: 85.89 |  0: 88.53    |  1: 87.24    |  2: 91.34    |  3: 90.86    |  4: 43.35    |  5: 83.62    |  6: 26.14    |  7: 57.73    |  8: 49.25    |  9: 92.84    |  10: 89.52    |  11: 44.88    |  12: 67.07    |  13: 83.96    |  14: 94.84    |  15: 85.21    |  16: 95.81    |  17: 73.95    |  18: 76.73    |  19: 82.41   
[Batch: 0307/2400] mIoU: 10.42  |  FB-IoU: 85.86 |  0: 88.53    |  1: 87.24    |  2: 91.34    |  3: 90.86    |  4: 43.35    |  5: 83.62    |  6: 26.14    |  7: 57.73    |  8: 49.25    |  9: 92.84    |  10: 89.52    |  11: 44.88    |  12: 67.07    |  13: 83.96    |  14: 94.84    |  15: 85.21    |  16: 95.81    |  17: 73.95    |  18: 76.73    |  19: 82.41   
[Batch: 0308/2400] mIoU: 10.42  |  FB-IoU: 85.91 |  0: 88.53    |  1: 87.24    |  2: 91.34    |  3: 90.86    |  4: 43.35    |  5: 83.62    |  6: 26.14    |  7: 57.73    |  8: 49.25    |  9: 92.84    |  10: 89.52    |  11: 44.88    |  12: 67.07    |  13: 83.96    |  14: 94.84    |  15: 85.21    |  16: 95.81    |  17: 73.95    |  18: 76.73    |  19: 82.41   
[Batch: 0309/2400] mIoU: 10.43  |  FB-IoU: 85.94 |  0: 88.53    |  1: 87.24    |  2: 91.34    |  3: 90.86    |  4: 43.35    |  5: 83.62    |  6: 26.14    |  7: 57.73    |  8: 49.25    |  9: 92.84    |  10: 89.52    |  11: 44.88    |  12: 67.07    |  13: 83.96    |  14: 94.84    |  15: 85.21    |  16: 95.81    |  17: 73.95    |  18: 76.73    |  19: 82.41   
[Batch: 0310/2400] mIoU: 10.43  |  FB-IoU: 85.97 |  0: 88.53    |  1: 87.24    |  2: 91.34    |  3: 90.86    |  4: 43.35    |  5: 83.62    |  6: 26.14    |  7: 57.73    |  8: 49.25    |  9: 92.84    |  10: 89.52    |  11: 44.88    |  12: 67.07    |  13: 83.96    |  14: 94.84    |  15: 85.21    |  16: 95.81    |  17: 73.95    |  18: 76.73    |  19: 82.41   
[Batch: 0311/2400] mIoU: 10.69  |  FB-IoU: 85.90 |  0: 88.53    |  1: 87.24    |  2: 91.34    |  3: 90.86    |  4: 43.35    |  5: 83.62    |  6: 26.14    |  7: 57.73    |  8: 49.25    |  9: 92.84    |  10: 89.52    |  11: 44.88    |  12: 67.07    |  13: 83.96    |  14: 94.84    |  15: 85.21    |  16: 95.81    |  17: 73.95    |  18: 76.73    |  19: 82.41   
[Batch: 0312/2400] mIoU: 10.70  |  FB-IoU: 85.89 |  0: 88.53    |  1: 87.24    |  2: 91.34    |  3: 90.86    |  4: 43.35    |  5: 83.62    |  6: 26.14    |  7: 57.73    |  8: 49.25    |  9: 92.84    |  10: 89.52    |  11: 44.88    |  12: 67.07    |  13: 83.96    |  14: 94.84    |  15: 85.21    |  16: 95.81    |  17: 73.95    |  18: 76.73    |  19: 82.41   
[Batch: 0313/2400] mIoU: 10.74  |  FB-IoU: 85.90 |  0: 88.53    |  1: 87.24    |  2: 91.34    |  3: 90.86    |  4: 43.35    |  5: 83.62    |  6: 26.14    |  7: 57.73    |  8: 49.25    |  9: 92.84    |  10: 89.52    |  11: 44.88    |  12: 67.07    |  13: 83.96    |  14: 94.84    |  15: 85.21    |  16: 95.81    |  17: 73.95    |  18: 76.73    |  19: 82.41   
[Batch: 0314/2400] mIoU: 10.74  |  FB-IoU: 85.91 |  0: 88.53    |  1: 87.24    |  2: 91.34    |  3: 90.86    |  4: 43.35    |  5: 83.62    |  6: 26.14    |  7: 57.73    |  8: 49.25    |  9: 92.84    |  10: 89.52    |  11: 44.88    |  12: 67.07    |  13: 83.96    |  14: 94.84    |  15: 85.21    |  16: 95.81    |  17: 73.95    |  18: 76.73    |  19: 82.41   
[Batch: 0315/2400] mIoU: 10.74  |  FB-IoU: 85.92 |  0: 88.53    |  1: 87.24    |  2: 91.34    |  3: 90.86    |  4: 43.35    |  5: 83.62    |  6: 26.14    |  7: 57.73    |  8: 49.25    |  9: 92.84    |  10: 89.52    |  11: 44.88    |  12: 67.07    |  13: 83.96    |  14: 94.84    |  15: 85.21    |  16: 95.81    |  17: 73.95    |  18: 76.73    |  19: 82.41   
[Batch: 0316/2400] mIoU: 10.75  |  FB-IoU: 85.94 |  0: 88.53    |  1: 87.24    |  2: 91.34    |  3: 90.86    |  4: 43.35    |  5: 83.62    |  6: 26.14    |  7: 57.73    |  8: 49.25    |  9: 92.84    |  10: 89.52    |  11: 44.88    |  12: 67.07    |  13: 83.96    |  14: 94.84    |  15: 85.21    |  16: 95.81    |  17: 73.95    |  18: 76.73    |  19: 82.41   
[Batch: 0317/2400] mIoU: 10.74  |  FB-IoU: 85.91 |  0: 88.53    |  1: 87.24    |  2: 91.34    |  3: 90.86    |  4: 43.35    |  5: 83.62    |  6: 26.14    |  7: 57.73    |  8: 49.25    |  9: 92.84    |  10: 89.52    |  11: 44.88    |  12: 67.07    |  13: 83.96    |  14: 94.84    |  15: 85.21    |  16: 95.81    |  17: 73.95    |  18: 76.73    |  19: 82.41   
[Batch: 0318/2400] mIoU: 10.75  |  FB-IoU: 85.91 |  0: 88.53    |  1: 87.24    |  2: 91.34    |  3: 90.86    |  4: 43.35    |  5: 83.62    |  6: 26.14    |  7: 57.73    |  8: 49.25    |  9: 92.84    |  10: 89.52    |  11: 44.88    |  12: 67.07    |  13: 83.96    |  14: 94.84    |  15: 85.21    |  16: 95.81    |  17: 73.95    |  18: 76.73    |  19: 82.41   
[Batch: 0319/2400] mIoU: 10.75  |  FB-IoU: 85.91 |  0: 88.53    |  1: 87.24    |  2: 91.34    |  3: 90.86    |  4: 43.35    |  5: 83.62    |  6: 26.14    |  7: 57.73    |  8: 49.25    |  9: 92.84    |  10: 89.52    |  11: 44.88    |  12: 67.07    |  13: 83.96    |  14: 94.84    |  15: 85.21    |  16: 95.81    |  17: 73.95    |  18: 76.73    |  19: 82.41   
[Batch: 0320/2400] mIoU: 10.70  |  FB-IoU: 85.65 |  0: 88.53    |  1: 87.24    |  2: 91.34    |  3: 90.86    |  4: 43.35    |  5: 83.62    |  6: 26.14    |  7: 57.73    |  8: 49.25    |  9: 92.84    |  10: 89.52    |  11: 44.88    |  12: 67.07    |  13: 83.96    |  14: 94.84    |  15: 85.21    |  16: 95.81    |  17: 73.95    |  18: 76.73    |  19: 82.41   
[Batch: 0321/2400] mIoU: 11.10  |  FB-IoU: 85.68 |  0: 88.53    |  1: 87.24    |  2: 91.34    |  3: 90.86    |  4: 43.35    |  5: 83.62    |  6: 26.14    |  7: 57.73    |  8: 49.25    |  9: 92.84    |  10: 89.52    |  11: 44.88    |  12: 67.07    |  13: 83.96    |  14: 94.84    |  15: 85.21    |  16: 95.81    |  17: 73.95    |  18: 76.73    |  19: 82.41   
[Batch: 0322/2400] mIoU: 11.10  |  FB-IoU: 85.70 |  0: 88.53    |  1: 87.24    |  2: 91.34    |  3: 90.86    |  4: 43.35    |  5: 83.62    |  6: 26.14    |  7: 57.73    |  8: 49.25    |  9: 92.84    |  10: 89.52    |  11: 44.88    |  12: 67.07    |  13: 83.96    |  14: 94.84    |  15: 85.21    |  16: 95.81    |  17: 73.95    |  18: 76.73    |  19: 82.41   
[Batch: 0323/2400] mIoU: 11.08  |  FB-IoU: 85.72 |  0: 88.53    |  1: 87.24    |  2: 91.34    |  3: 90.86    |  4: 43.35    |  5: 83.62    |  6: 26.14    |  7: 57.73    |  8: 49.25    |  9: 92.84    |  10: 89.52    |  11: 44.88    |  12: 67.07    |  13: 83.96    |  14: 94.84    |  15: 85.21    |  16: 95.81    |  17: 73.95    |  18: 76.73    |  19: 82.41   
[Batch: 0324/2400] mIoU: 11.08  |  FB-IoU: 85.73 |  0: 88.53    |  1: 87.24    |  2: 91.34    |  3: 90.86    |  4: 43.35    |  5: 83.62    |  6: 26.14    |  7: 57.73    |  8: 49.25    |  9: 92.84    |  10: 89.52    |  11: 44.88    |  12: 67.07    |  13: 83.96    |  14: 94.84    |  15: 85.21    |  16: 95.81    |  17: 73.95    |  18: 76.73    |  19: 82.41   
[Batch: 0325/2400] mIoU: 11.09  |  FB-IoU: 85.77 |  0: 88.53    |  1: 87.24    |  2: 91.34    |  3: 90.86    |  4: 43.35    |  5: 83.62    |  6: 26.14    |  7: 57.73    |  8: 49.25    |  9: 92.84    |  10: 89.52    |  11: 44.88    |  12: 67.07    |  13: 83.96    |  14: 94.84    |  15: 85.21    |  16: 95.81    |  17: 73.95    |  18: 76.73    |  19: 82.41   
[Batch: 0326/2400] mIoU: 11.09  |  FB-IoU: 85.79 |  0: 88.53    |  1: 87.24    |  2: 91.34    |  3: 90.86    |  4: 43.35    |  5: 83.62    |  6: 26.14    |  7: 57.73    |  8: 49.25    |  9: 92.84    |  10: 89.52    |  11: 44.88    |  12: 67.07    |  13: 83.96    |  14: 94.84    |  15: 85.21    |  16: 95.81    |  17: 73.95    |  18: 76.73    |  19: 82.41   
[Batch: 0327/2400] mIoU: 11.09  |  FB-IoU: 85.81 |  0: 88.53    |  1: 87.24    |  2: 91.34    |  3: 90.86    |  4: 43.35    |  5: 83.62    |  6: 26.14    |  7: 57.73    |  8: 49.25    |  9: 92.84    |  10: 89.52    |  11: 44.88    |  12: 67.07    |  13: 83.96    |  14: 94.84    |  15: 85.21    |  16: 95.81    |  17: 73.95    |  18: 76.73    |  19: 82.41   
[Batch: 0328/2400] mIoU: 11.09  |  FB-IoU: 85.83 |  0: 88.53    |  1: 87.24    |  2: 91.34    |  3: 90.86    |  4: 43.35    |  5: 83.62    |  6: 26.14    |  7: 57.73    |  8: 49.25    |  9: 92.84    |  10: 89.52    |  11: 44.88    |  12: 67.07    |  13: 83.96    |  14: 94.84    |  15: 85.21    |  16: 95.81    |  17: 73.95    |  18: 76.73    |  19: 82.41   
[Batch: 0329/2400] mIoU: 11.09  |  FB-IoU: 85.85 |  0: 88.53    |  1: 87.24    |  2: 91.34    |  3: 90.86    |  4: 43.35    |  5: 83.62    |  6: 26.14    |  7: 57.73    |  8: 49.25    |  9: 92.84    |  10: 89.52    |  11: 44.88    |  12: 67.07    |  13: 83.96    |  14: 94.84    |  15: 85.21    |  16: 95.81    |  17: 73.95    |  18: 76.73    |  19: 82.41   
[Batch: 0330/2400] mIoU: 11.09  |  FB-IoU: 85.86 |  0: 88.53    |  1: 87.24    |  2: 91.34    |  3: 90.86    |  4: 43.35    |  5: 83.62    |  6: 26.14    |  7: 57.73    |  8: 49.25    |  9: 92.84    |  10: 89.52    |  11: 44.88    |  12: 67.07    |  13: 83.96    |  14: 94.84    |  15: 85.21    |  16: 95.81    |  17: 73.95    |  18: 76.73    |  19: 82.41   
[Batch: 0331/2400] mIoU: 11.41  |  FB-IoU: 85.88 |  0: 88.53    |  1: 87.24    |  2: 91.34    |  3: 90.86    |  4: 43.35    |  5: 83.62    |  6: 26.14    |  7: 57.73    |  8: 49.25    |  9: 92.84    |  10: 89.52    |  11: 44.88    |  12: 67.07    |  13: 83.96    |  14: 94.84    |  15: 85.21    |  16: 95.81    |  17: 73.95    |  18: 76.73    |  19: 82.41   
[Batch: 0332/2400] mIoU: 11.43  |  FB-IoU: 85.89 |  0: 88.53    |  1: 87.24    |  2: 91.34    |  3: 90.86    |  4: 43.35    |  5: 83.62    |  6: 26.14    |  7: 57.73    |  8: 49.25    |  9: 92.84    |  10: 89.52    |  11: 44.88    |  12: 67.07    |  13: 83.96    |  14: 94.84    |  15: 85.21    |  16: 95.81    |  17: 73.95    |  18: 76.73    |  19: 82.41   
[Batch: 0333/2400] mIoU: 11.41  |  FB-IoU: 85.90 |  0: 88.53    |  1: 87.24    |  2: 91.34    |  3: 90.86    |  4: 43.35    |  5: 83.62    |  6: 26.14    |  7: 57.73    |  8: 49.25    |  9: 92.84    |  10: 89.52    |  11: 44.88    |  12: 67.07    |  13: 83.96    |  14: 94.84    |  15: 85.21    |  16: 95.81    |  17: 73.95    |  18: 76.73    |  19: 82.41   
[Batch: 0334/2400] mIoU: 11.43  |  FB-IoU: 85.92 |  0: 88.53    |  1: 87.24    |  2: 91.34    |  3: 90.86    |  4: 43.35    |  5: 83.62    |  6: 26.14    |  7: 57.73    |  8: 49.25    |  9: 92.84    |  10: 89.52    |  11: 44.88    |  12: 67.07    |  13: 83.96    |  14: 94.84    |  15: 85.21    |  16: 95.81    |  17: 73.95    |  18: 76.73    |  19: 82.41   
[Batch: 0335/2400] mIoU: 11.45  |  FB-IoU: 85.94 |  0: 88.53    |  1: 87.24    |  2: 91.34    |  3: 90.86    |  4: 43.35    |  5: 83.62    |  6: 26.14    |  7: 57.73    |  8: 49.25    |  9: 92.84    |  10: 89.52    |  11: 44.88    |  12: 67.07    |  13: 83.96    |  14: 94.84    |  15: 85.21    |  16: 95.81    |  17: 73.95    |  18: 76.73    |  19: 82.41   
[Batch: 0336/2400] mIoU: 11.45  |  FB-IoU: 85.95 |  0: 88.53    |  1: 87.24    |  2: 91.34    |  3: 90.86    |  4: 43.35    |  5: 83.62    |  6: 26.14    |  7: 57.73    |  8: 49.25    |  9: 92.84    |  10: 89.52    |  11: 44.88    |  12: 67.07    |  13: 83.96    |  14: 94.84    |  15: 85.21    |  16: 95.81    |  17: 73.95    |  18: 76.73    |  19: 82.41   
[Batch: 0337/2400] mIoU: 11.45  |  FB-IoU: 85.96 |  0: 88.53    |  1: 87.24    |  2: 91.34    |  3: 90.86    |  4: 43.35    |  5: 83.62    |  6: 26.14    |  7: 57.73    |  8: 49.25    |  9: 92.84    |  10: 89.52    |  11: 44.88    |  12: 67.07    |  13: 83.96    |  14: 94.84    |  15: 85.21    |  16: 95.81    |  17: 73.95    |  18: 76.73    |  19: 82.41   
[Batch: 0338/2400] mIoU: 11.45  |  FB-IoU: 85.97 |  0: 88.53    |  1: 87.24    |  2: 91.34    |  3: 90.86    |  4: 43.35    |  5: 83.62    |  6: 26.14    |  7: 57.73    |  8: 49.25    |  9: 92.84    |  10: 89.52    |  11: 44.88    |  12: 67.07    |  13: 83.96    |  14: 94.84    |  15: 85.21    |  16: 95.81    |  17: 73.95    |  18: 76.73    |  19: 82.41   
[Batch: 0339/2400] mIoU: 11.44  |  FB-IoU: 85.99 |  0: 88.53    |  1: 87.24    |  2: 91.34    |  3: 90.86    |  4: 43.35    |  5: 83.62    |  6: 26.14    |  7: 57.73    |  8: 49.25    |  9: 92.84    |  10: 89.52    |  11: 44.88    |  12: 67.07    |  13: 83.96    |  14: 94.84    |  15: 85.21    |  16: 95.81    |  17: 73.95    |  18: 76.73    |  19: 82.41   
[Batch: 0340/2400] mIoU: 11.44  |  FB-IoU: 86.00 |  0: 88.53    |  1: 87.24    |  2: 91.34    |  3: 90.86    |  4: 43.35    |  5: 83.62    |  6: 26.14    |  7: 57.73    |  8: 49.25    |  9: 92.84    |  10: 89.52    |  11: 44.88    |  12: 67.07    |  13: 83.96    |  14: 94.84    |  15: 85.21    |  16: 95.81    |  17: 73.95    |  18: 76.73    |  19: 82.41   
[Batch: 0341/2400] mIoU: 11.83  |  FB-IoU: 86.02 |  0: 88.53    |  1: 87.24    |  2: 91.34    |  3: 90.86    |  4: 43.35    |  5: 83.62    |  6: 26.14    |  7: 57.73    |  8: 49.25    |  9: 92.84    |  10: 89.52    |  11: 44.88    |  12: 67.07    |  13: 83.96    |  14: 94.84    |  15: 85.21    |  16: 95.81    |  17: 73.95    |  18: 76.73    |  19: 82.41   
[Batch: 0342/2400] mIoU: 11.81  |  FB-IoU: 86.03 |  0: 88.53    |  1: 87.24    |  2: 91.34    |  3: 90.86    |  4: 43.35    |  5: 83.62    |  6: 26.14    |  7: 57.73    |  8: 49.25    |  9: 92.84    |  10: 89.52    |  11: 44.88    |  12: 67.07    |  13: 83.96    |  14: 94.84    |  15: 85.21    |  16: 95.81    |  17: 73.95    |  18: 76.73    |  19: 82.41   
[Batch: 0343/2400] mIoU: 11.78  |  FB-IoU: 86.01 |  0: 88.53    |  1: 87.24    |  2: 91.34    |  3: 90.86    |  4: 43.35    |  5: 83.62    |  6: 26.14    |  7: 57.73    |  8: 49.25    |  9: 92.84    |  10: 89.52    |  11: 44.88    |  12: 67.07    |  13: 83.96    |  14: 94.84    |  15: 85.21    |  16: 95.81    |  17: 73.95    |  18: 76.73    |  19: 82.41   
[Batch: 0344/2400] mIoU: 11.80  |  FB-IoU: 86.06 |  0: 88.53    |  1: 87.24    |  2: 91.34    |  3: 90.86    |  4: 43.35    |  5: 83.62    |  6: 26.14    |  7: 57.73    |  8: 49.25    |  9: 92.84    |  10: 89.52    |  11: 44.88    |  12: 67.07    |  13: 83.96    |  14: 94.84    |  15: 85.21    |  16: 95.81    |  17: 73.95    |  18: 76.73    |  19: 82.41   
[Batch: 0345/2400] mIoU: 11.80  |  FB-IoU: 86.06 |  0: 88.53    |  1: 87.24    |  2: 91.34    |  3: 90.86    |  4: 43.35    |  5: 83.62    |  6: 26.14    |  7: 57.73    |  8: 49.25    |  9: 92.84    |  10: 89.52    |  11: 44.88    |  12: 67.07    |  13: 83.96    |  14: 94.84    |  15: 85.21    |  16: 95.81    |  17: 73.95    |  18: 76.73    |  19: 82.41   
[Batch: 0346/2400] mIoU: 11.81  |  FB-IoU: 86.09 |  0: 88.53    |  1: 87.24    |  2: 91.34    |  3: 90.86    |  4: 43.35    |  5: 83.62    |  6: 26.14    |  7: 57.73    |  8: 49.25    |  9: 92.84    |  10: 89.52    |  11: 44.88    |  12: 67.07    |  13: 83.96    |  14: 94.84    |  15: 85.21    |  16: 95.81    |  17: 73.95    |  18: 76.73    |  19: 82.41   
[Batch: 0347/2400] mIoU: 11.80  |  FB-IoU: 86.08 |  0: 88.53    |  1: 87.24    |  2: 91.34    |  3: 90.86    |  4: 43.35    |  5: 83.62    |  6: 26.14    |  7: 57.73    |  8: 49.25    |  9: 92.84    |  10: 89.52    |  11: 44.88    |  12: 67.07    |  13: 83.96    |  14: 94.84    |  15: 85.21    |  16: 95.81    |  17: 73.95    |  18: 76.73    |  19: 82.41   
[Batch: 0348/2400] mIoU: 11.81  |  FB-IoU: 86.14 |  0: 88.53    |  1: 87.24    |  2: 91.34    |  3: 90.86    |  4: 43.35    |  5: 83.62    |  6: 26.14    |  7: 57.73    |  8: 49.25    |  9: 92.84    |  10: 89.52    |  11: 44.88    |  12: 67.07    |  13: 83.96    |  14: 94.84    |  15: 85.21    |  16: 95.81    |  17: 73.95    |  18: 76.73    |  19: 82.41   
[Batch: 0349/2400] mIoU: 11.81  |  FB-IoU: 86.17 |  0: 88.53    |  1: 87.24    |  2: 91.34    |  3: 90.86    |  4: 43.35    |  5: 83.62    |  6: 26.14    |  7: 57.73    |  8: 49.25    |  9: 92.84    |  10: 89.52    |  11: 44.88    |  12: 67.07    |  13: 83.96    |  14: 94.84    |  15: 85.21    |  16: 95.81    |  17: 73.95    |  18: 76.73    |  19: 82.41   
[Batch: 0350/2400] mIoU: 11.82  |  FB-IoU: 86.19 |  0: 88.53    |  1: 87.24    |  2: 91.34    |  3: 90.86    |  4: 43.35    |  5: 83.62    |  6: 26.14    |  7: 57.73    |  8: 49.25    |  9: 92.84    |  10: 89.52    |  11: 44.88    |  12: 67.07    |  13: 83.96    |  14: 94.84    |  15: 85.21    |  16: 95.81    |  17: 73.95    |  18: 76.73    |  19: 82.41   
[Batch: 0351/2400] mIoU: 12.20  |  FB-IoU: 86.22 |  0: 88.53    |  1: 87.24    |  2: 91.34    |  3: 90.86    |  4: 43.35    |  5: 83.62    |  6: 26.14    |  7: 57.73    |  8: 49.25    |  9: 92.84    |  10: 89.52    |  11: 44.88    |  12: 67.07    |  13: 83.96    |  14: 94.84    |  15: 85.21    |  16: 95.81    |  17: 73.95    |  18: 76.73    |  19: 82.41   
[Batch: 0352/2400] mIoU: 12.19  |  FB-IoU: 86.24 |  0: 88.53    |  1: 87.24    |  2: 91.34    |  3: 90.86    |  4: 43.35    |  5: 83.62    |  6: 26.14    |  7: 57.73    |  8: 49.25    |  9: 92.84    |  10: 89.52    |  11: 44.88    |  12: 67.07    |  13: 83.96    |  14: 94.84    |  15: 85.21    |  16: 95.81    |  17: 73.95    |  18: 76.73    |  19: 82.41   
[Batch: 0353/2400] mIoU: 12.20  |  FB-IoU: 86.28 |  0: 88.53    |  1: 87.24    |  2: 91.34    |  3: 90.86    |  4: 43.35    |  5: 83.62    |  6: 26.14    |  7: 57.73    |  8: 49.25    |  9: 92.84    |  10: 89.52    |  11: 44.88    |  12: 67.07    |  13: 83.96    |  14: 94.84    |  15: 85.21    |  16: 95.81    |  17: 73.95    |  18: 76.73    |  19: 82.41   
[Batch: 0354/2400] mIoU: 12.20  |  FB-IoU: 86.30 |  0: 88.53    |  1: 87.24    |  2: 91.34    |  3: 90.86    |  4: 43.35    |  5: 83.62    |  6: 26.14    |  7: 57.73    |  8: 49.25    |  9: 92.84    |  10: 89.52    |  11: 44.88    |  12: 67.07    |  13: 83.96    |  14: 94.84    |  15: 85.21    |  16: 95.81    |  17: 73.95    |  18: 76.73    |  19: 82.41   
[Batch: 0355/2400] mIoU: 12.20  |  FB-IoU: 86.34 |  0: 88.53    |  1: 87.24    |  2: 91.34    |  3: 90.86    |  4: 43.35    |  5: 83.62    |  6: 26.14    |  7: 57.73    |  8: 49.25    |  9: 92.84    |  10: 89.52    |  11: 44.88    |  12: 67.07    |  13: 83.96    |  14: 94.84    |  15: 85.21    |  16: 95.81    |  17: 73.95    |  18: 76.73    |  19: 82.41   
[Batch: 0356/2400] mIoU: 12.20  |  FB-IoU: 86.35 |  0: 88.53    |  1: 87.24    |  2: 91.34    |  3: 90.86    |  4: 43.35    |  5: 83.62    |  6: 26.14    |  7: 57.73    |  8: 49.25    |  9: 92.84    |  10: 89.52    |  11: 44.88    |  12: 67.07    |  13: 83.96    |  14: 94.84    |  15: 85.21    |  16: 95.81    |  17: 73.95    |  18: 76.73    |  19: 82.41   
[Batch: 0357/2400] mIoU: 12.10  |  FB-IoU: 85.94 |  0: 88.53    |  1: 87.24    |  2: 91.34    |  3: 90.86    |  4: 43.35    |  5: 83.62    |  6: 26.14    |  7: 57.73    |  8: 49.25    |  9: 92.84    |  10: 89.52    |  11: 44.88    |  12: 67.07    |  13: 83.96    |  14: 94.84    |  15: 85.21    |  16: 95.81    |  17: 73.95    |  18: 76.73    |  19: 82.41   
[Batch: 0358/2400] mIoU: 12.12  |  FB-IoU: 85.97 |  0: 88.53    |  1: 87.24    |  2: 91.34    |  3: 90.86    |  4: 43.35    |  5: 83.62    |  6: 26.14    |  7: 57.73    |  8: 49.25    |  9: 92.84    |  10: 89.52    |  11: 44.88    |  12: 67.07    |  13: 83.96    |  14: 94.84    |  15: 85.21    |  16: 95.81    |  17: 73.95    |  18: 76.73    |  19: 82.41   
[Batch: 0359/2400] mIoU: 12.13  |  FB-IoU: 86.01 |  0: 88.53    |  1: 87.24    |  2: 91.34    |  3: 90.86    |  4: 43.35    |  5: 83.62    |  6: 26.14    |  7: 57.73    |  8: 49.25    |  9: 92.84    |  10: 89.52    |  11: 44.88    |  12: 67.07    |  13: 83.96    |  14: 94.84    |  15: 85.21    |  16: 95.81    |  17: 73.95    |  18: 76.73    |  19: 82.41   
[Batch: 0360/2400] mIoU: 12.12  |  FB-IoU: 85.88 |  0: 88.53    |  1: 87.24    |  2: 91.34    |  3: 90.86    |  4: 43.35    |  5: 83.62    |  6: 26.14    |  7: 57.73    |  8: 49.25    |  9: 92.84    |  10: 89.52    |  11: 44.88    |  12: 67.07    |  13: 83.96    |  14: 94.84    |  15: 85.21    |  16: 95.81    |  17: 73.95    |  18: 76.73    |  19: 82.41   
[Batch: 0361/2400] mIoU: 12.48  |  FB-IoU: 85.90 |  0: 88.53    |  1: 87.24    |  2: 91.34    |  3: 90.86    |  4: 43.35    |  5: 83.62    |  6: 26.14    |  7: 57.73    |  8: 49.25    |  9: 92.84    |  10: 89.52    |  11: 44.88    |  12: 67.07    |  13: 83.96    |  14: 94.84    |  15: 85.21    |  16: 95.81    |  17: 73.95    |  18: 76.73    |  19: 82.41   
[Batch: 0362/2400] mIoU: 12.50  |  FB-IoU: 85.96 |  0: 88.53    |  1: 87.24    |  2: 91.34    |  3: 90.86    |  4: 43.35    |  5: 83.62    |  6: 26.14    |  7: 57.73    |  8: 49.25    |  9: 92.84    |  10: 89.52    |  11: 44.88    |  12: 67.07    |  13: 83.96    |  14: 94.84    |  15: 85.21    |  16: 95.81    |  17: 73.95    |  18: 76.73    |  19: 82.41   
[Batch: 0363/2400] mIoU: 12.50  |  FB-IoU: 85.98 |  0: 88.53    |  1: 87.24    |  2: 91.34    |  3: 90.86    |  4: 43.35    |  5: 83.62    |  6: 26.14    |  7: 57.73    |  8: 49.25    |  9: 92.84    |  10: 89.52    |  11: 44.88    |  12: 67.07    |  13: 83.96    |  14: 94.84    |  15: 85.21    |  16: 95.81    |  17: 73.95    |  18: 76.73    |  19: 82.41   
[Batch: 0364/2400] mIoU: 12.50  |  FB-IoU: 86.01 |  0: 88.53    |  1: 87.24    |  2: 91.34    |  3: 90.86    |  4: 43.35    |  5: 83.62    |  6: 26.14    |  7: 57.73    |  8: 49.25    |  9: 92.84    |  10: 89.52    |  11: 44.88    |  12: 67.07    |  13: 83.96    |  14: 94.84    |  15: 85.21    |  16: 95.81    |  17: 73.95    |  18: 76.73    |  19: 82.41   
[Batch: 0365/2400] mIoU: 12.50  |  FB-IoU: 86.03 |  0: 88.53    |  1: 87.24    |  2: 91.34    |  3: 90.86    |  4: 43.35    |  5: 83.62    |  6: 26.14    |  7: 57.73    |  8: 49.25    |  9: 92.84    |  10: 89.52    |  11: 44.88    |  12: 67.07    |  13: 83.96    |  14: 94.84    |  15: 85.21    |  16: 95.81    |  17: 73.95    |  18: 76.73    |  19: 82.41   
[Batch: 0366/2400] mIoU: 12.50  |  FB-IoU: 86.07 |  0: 88.53    |  1: 87.24    |  2: 91.34    |  3: 90.86    |  4: 43.35    |  5: 83.62    |  6: 26.14    |  7: 57.73    |  8: 49.25    |  9: 92.84    |  10: 89.52    |  11: 44.88    |  12: 67.07    |  13: 83.96    |  14: 94.84    |  15: 85.21    |  16: 95.81    |  17: 73.95    |  18: 76.73    |  19: 82.41   
[Batch: 0367/2400] mIoU: 12.50  |  FB-IoU: 86.11 |  0: 88.53    |  1: 87.24    |  2: 91.34    |  3: 90.86    |  4: 43.35    |  5: 83.62    |  6: 26.14    |  7: 57.73    |  8: 49.25    |  9: 92.84    |  10: 89.52    |  11: 44.88    |  12: 67.07    |  13: 83.96    |  14: 94.84    |  15: 85.21    |  16: 95.81    |  17: 73.95    |  18: 76.73    |  19: 82.41   
[Batch: 0368/2400] mIoU: 12.50  |  FB-IoU: 86.13 |  0: 88.53    |  1: 87.24    |  2: 91.34    |  3: 90.86    |  4: 43.35    |  5: 83.62    |  6: 26.14    |  7: 57.73    |  8: 49.25    |  9: 92.84    |  10: 89.52    |  11: 44.88    |  12: 67.07    |  13: 83.96    |  14: 94.84    |  15: 85.21    |  16: 95.81    |  17: 73.95    |  18: 76.73    |  19: 82.41   
[Batch: 0369/2400] mIoU: 12.51  |  FB-IoU: 86.21 |  0: 88.53    |  1: 87.24    |  2: 91.34    |  3: 90.86    |  4: 43.35    |  5: 83.62    |  6: 26.14    |  7: 57.73    |  8: 49.25    |  9: 92.84    |  10: 89.52    |  11: 44.88    |  12: 67.07    |  13: 83.96    |  14: 94.84    |  15: 85.21    |  16: 95.81    |  17: 73.95    |  18: 76.73    |  19: 82.41   
[Batch: 0370/2400] mIoU: 12.51  |  FB-IoU: 86.24 |  0: 88.53    |  1: 87.24    |  2: 91.34    |  3: 90.86    |  4: 43.35    |  5: 83.62    |  6: 26.14    |  7: 57.73    |  8: 49.25    |  9: 92.84    |  10: 89.52    |  11: 44.88    |  12: 67.07    |  13: 83.96    |  14: 94.84    |  15: 85.21    |  16: 95.81    |  17: 73.95    |  18: 76.73    |  19: 82.41   
[Batch: 0371/2400] mIoU: 12.92  |  FB-IoU: 86.29 |  0: 88.53    |  1: 87.24    |  2: 91.34    |  3: 90.86    |  4: 43.35    |  5: 83.62    |  6: 26.14    |  7: 57.73    |  8: 49.25    |  9: 92.84    |  10: 89.52    |  11: 44.88    |  12: 67.07    |  13: 83.96    |  14: 94.84    |  15: 85.21    |  16: 95.81    |  17: 73.95    |  18: 76.73    |  19: 82.41   
[Batch: 0372/2400] mIoU: 12.72  |  FB-IoU: 85.99 |  0: 88.53    |  1: 87.24    |  2: 91.34    |  3: 90.86    |  4: 43.35    |  5: 83.62    |  6: 26.14    |  7: 57.73    |  8: 49.25    |  9: 92.84    |  10: 89.52    |  11: 44.88    |  12: 67.07    |  13: 83.96    |  14: 94.84    |  15: 85.21    |  16: 95.81    |  17: 73.95    |  18: 76.73    |  19: 82.41   
[Batch: 0373/2400] mIoU: 12.68  |  FB-IoU: 85.65 |  0: 88.53    |  1: 87.24    |  2: 91.34    |  3: 90.86    |  4: 43.35    |  5: 83.62    |  6: 26.14    |  7: 57.73    |  8: 49.25    |  9: 92.84    |  10: 89.52    |  11: 44.88    |  12: 67.07    |  13: 83.96    |  14: 94.84    |  15: 85.21    |  16: 95.81    |  17: 73.95    |  18: 76.73    |  19: 82.41   
[Batch: 0374/2400] mIoU: 12.69  |  FB-IoU: 85.59 |  0: 88.53    |  1: 87.24    |  2: 91.34    |  3: 90.86    |  4: 43.35    |  5: 83.62    |  6: 26.14    |  7: 57.73    |  8: 49.25    |  9: 92.84    |  10: 89.52    |  11: 44.88    |  12: 67.07    |  13: 83.96    |  14: 94.84    |  15: 85.21    |  16: 95.81    |  17: 73.95    |  18: 76.73    |  19: 82.41   
[Batch: 0375/2400] mIoU: 12.64  |  FB-IoU: 85.07 |  0: 88.53    |  1: 87.24    |  2: 91.34    |  3: 90.86    |  4: 43.35    |  5: 83.62    |  6: 26.14    |  7: 57.73    |  8: 49.25    |  9: 92.84    |  10: 89.52    |  11: 44.88    |  12: 67.07    |  13: 83.96    |  14: 94.84    |  15: 85.21    |  16: 95.81    |  17: 73.95    |  18: 76.73    |  19: 82.41   
[Batch: 0376/2400] mIoU: 12.68  |  FB-IoU: 85.12 |  0: 88.53    |  1: 87.24    |  2: 91.34    |  3: 90.86    |  4: 43.35    |  5: 83.62    |  6: 26.14    |  7: 57.73    |  8: 49.25    |  9: 92.84    |  10: 89.52    |  11: 44.88    |  12: 67.07    |  13: 83.96    |  14: 94.84    |  15: 85.21    |  16: 95.81    |  17: 73.95    |  18: 76.73    |  19: 82.41   
[Batch: 0377/2400] mIoU: 12.69  |  FB-IoU: 85.16 |  0: 88.53    |  1: 87.24    |  2: 91.34    |  3: 90.86    |  4: 43.35    |  5: 83.62    |  6: 26.14    |  7: 57.73    |  8: 49.25    |  9: 92.84    |  10: 89.52    |  11: 44.88    |  12: 67.07    |  13: 83.96    |  14: 94.84    |  15: 85.21    |  16: 95.81    |  17: 73.95    |  18: 76.73    |  19: 82.41   
[Batch: 0378/2400] mIoU: 12.71  |  FB-IoU: 85.19 |  0: 88.53    |  1: 87.24    |  2: 91.34    |  3: 90.86    |  4: 43.35    |  5: 83.62    |  6: 26.14    |  7: 57.73    |  8: 49.25    |  9: 92.84    |  10: 89.52    |  11: 44.88    |  12: 67.07    |  13: 83.96    |  14: 94.84    |  15: 85.21    |  16: 95.81    |  17: 73.95    |  18: 76.73    |  19: 82.41   
[Batch: 0379/2400] mIoU: 12.69  |  FB-IoU: 84.93 |  0: 88.53    |  1: 87.24    |  2: 91.34    |  3: 90.86    |  4: 43.35    |  5: 83.62    |  6: 26.14    |  7: 57.73    |  8: 49.25    |  9: 92.84    |  10: 89.52    |  11: 44.88    |  12: 67.07    |  13: 83.96    |  14: 94.84    |  15: 85.21    |  16: 95.81    |  17: 73.95    |  18: 76.73    |  19: 82.41   
[Batch: 0380/2400] mIoU: 12.68  |  FB-IoU: 84.68 |  0: 88.53    |  1: 87.24    |  2: 91.34    |  3: 90.86    |  4: 43.35    |  5: 83.62    |  6: 26.14    |  7: 57.73    |  8: 49.25    |  9: 92.84    |  10: 89.52    |  11: 44.88    |  12: 67.07    |  13: 83.96    |  14: 94.84    |  15: 85.21    |  16: 95.81    |  17: 73.95    |  18: 76.73    |  19: 82.41   
[Batch: 0381/2400] mIoU: 12.96  |  FB-IoU: 84.65 |  0: 88.53    |  1: 87.24    |  2: 91.34    |  3: 90.86    |  4: 43.35    |  5: 83.62    |  6: 26.14    |  7: 57.73    |  8: 49.25    |  9: 92.84    |  10: 89.52    |  11: 44.88    |  12: 67.07    |  13: 83.96    |  14: 94.84    |  15: 85.21    |  16: 95.81    |  17: 73.95    |  18: 76.73    |  19: 82.41   
[Batch: 0382/2400] mIoU: 12.77  |  FB-IoU: 84.23 |  0: 88.53    |  1: 87.24    |  2: 91.34    |  3: 90.86    |  4: 43.35    |  5: 83.62    |  6: 26.14    |  7: 57.73    |  8: 49.25    |  9: 92.84    |  10: 89.52    |  11: 44.88    |  12: 67.07    |  13: 83.96    |  14: 94.84    |  15: 85.21    |  16: 95.81    |  17: 73.95    |  18: 76.73    |  19: 82.41   
[Batch: 0383/2400] mIoU: 12.83  |  FB-IoU: 84.26 |  0: 88.53    |  1: 87.24    |  2: 91.34    |  3: 90.86    |  4: 43.35    |  5: 83.62    |  6: 26.14    |  7: 57.73    |  8: 49.25    |  9: 92.84    |  10: 89.52    |  11: 44.88    |  12: 67.07    |  13: 83.96    |  14: 94.84    |  15: 85.21    |  16: 95.81    |  17: 73.95    |  18: 76.73    |  19: 82.41   
[Batch: 0384/2400] mIoU: 12.84  |  FB-IoU: 84.18 |  0: 88.53    |  1: 87.24    |  2: 91.34    |  3: 90.86    |  4: 43.35    |  5: 83.62    |  6: 26.14    |  7: 57.73    |  8: 49.25    |  9: 92.84    |  10: 89.52    |  11: 44.88    |  12: 67.07    |  13: 83.96    |  14: 94.84    |  15: 85.21    |  16: 95.81    |  17: 73.95    |  18: 76.73    |  19: 82.41   
[Batch: 0385/2400] mIoU: 12.85  |  FB-IoU: 84.20 |  0: 88.53    |  1: 87.24    |  2: 91.34    |  3: 90.86    |  4: 43.35    |  5: 83.62    |  6: 26.14    |  7: 57.73    |  8: 49.25    |  9: 92.84    |  10: 89.52    |  11: 44.88    |  12: 67.07    |  13: 83.96    |  14: 94.84    |  15: 85.21    |  16: 95.81    |  17: 73.95    |  18: 76.73    |  19: 82.41   
[Batch: 0386/2400] mIoU: 12.88  |  FB-IoU: 84.24 |  0: 88.53    |  1: 87.24    |  2: 91.34    |  3: 90.86    |  4: 43.35    |  5: 83.62    |  6: 26.14    |  7: 57.73    |  8: 49.25    |  9: 92.84    |  10: 89.52    |  11: 44.88    |  12: 67.07    |  13: 83.96    |  14: 94.84    |  15: 85.21    |  16: 95.81    |  17: 73.95    |  18: 76.73    |  19: 82.41   
[Batch: 0387/2400] mIoU: 12.86  |  FB-IoU: 84.06 |  0: 88.53    |  1: 87.24    |  2: 91.34    |  3: 90.86    |  4: 43.35    |  5: 83.62    |  6: 26.14    |  7: 57.73    |  8: 49.25    |  9: 92.84    |  10: 89.52    |  11: 44.88    |  12: 67.07    |  13: 83.96    |  14: 94.84    |  15: 85.21    |  16: 95.81    |  17: 73.95    |  18: 76.73    |  19: 82.41   
[Batch: 0388/2400] mIoU: 12.86  |  FB-IoU: 84.08 |  0: 88.53    |  1: 87.24    |  2: 91.34    |  3: 90.86    |  4: 43.35    |  5: 83.62    |  6: 26.14    |  7: 57.73    |  8: 49.25    |  9: 92.84    |  10: 89.52    |  11: 44.88    |  12: 67.07    |  13: 83.96    |  14: 94.84    |  15: 85.21    |  16: 95.81    |  17: 73.95    |  18: 76.73    |  19: 82.41   
[Batch: 0389/2400] mIoU: 12.89  |  FB-IoU: 84.12 |  0: 88.53    |  1: 87.24    |  2: 91.34    |  3: 90.86    |  4: 43.35    |  5: 83.62    |  6: 26.14    |  7: 57.73    |  8: 49.25    |  9: 92.84    |  10: 89.52    |  11: 44.88    |  12: 67.07    |  13: 83.96    |  14: 94.84    |  15: 85.21    |  16: 95.81    |  17: 73.95    |  18: 76.73    |  19: 82.41   
[Batch: 0390/2400] mIoU: 12.91  |  FB-IoU: 84.16 |  0: 88.53    |  1: 87.24    |  2: 91.34    |  3: 90.86    |  4: 43.35    |  5: 83.62    |  6: 26.14    |  7: 57.73    |  8: 49.25    |  9: 92.84    |  10: 89.52    |  11: 44.88    |  12: 67.07    |  13: 83.96    |  14: 94.84    |  15: 85.21    |  16: 95.81    |  17: 73.95    |  18: 76.73    |  19: 82.41   
[Batch: 0391/2400] mIoU: 13.28  |  FB-IoU: 84.18 |  0: 88.53    |  1: 87.24    |  2: 91.34    |  3: 90.86    |  4: 43.35    |  5: 83.62    |  6: 26.14    |  7: 57.73    |  8: 49.25    |  9: 92.84    |  10: 89.52    |  11: 44.88    |  12: 67.07    |  13: 83.96    |  14: 94.84    |  15: 85.21    |  16: 95.81    |  17: 73.95    |  18: 76.73    |  19: 82.41   
[Batch: 0392/2400] mIoU: 13.31  |  FB-IoU: 84.23 |  0: 88.53    |  1: 87.24    |  2: 91.34    |  3: 90.86    |  4: 43.35    |  5: 83.62    |  6: 26.14    |  7: 57.73    |  8: 49.25    |  9: 92.84    |  10: 89.52    |  11: 44.88    |  12: 67.07    |  13: 83.96    |  14: 94.84    |  15: 85.21    |  16: 95.81    |  17: 73.95    |  18: 76.73    |  19: 82.41   
[Batch: 0393/2400] mIoU: 13.31  |  FB-IoU: 84.27 |  0: 88.53    |  1: 87.24    |  2: 91.34    |  3: 90.86    |  4: 43.35    |  5: 83.62    |  6: 26.14    |  7: 57.73    |  8: 49.25    |  9: 92.84    |  10: 89.52    |  11: 44.88    |  12: 67.07    |  13: 83.96    |  14: 94.84    |  15: 85.21    |  16: 95.81    |  17: 73.95    |  18: 76.73    |  19: 82.41   
[Batch: 0394/2400] mIoU: 13.30  |  FB-IoU: 84.27 |  0: 88.53    |  1: 87.24    |  2: 91.34    |  3: 90.86    |  4: 43.35    |  5: 83.62    |  6: 26.14    |  7: 57.73    |  8: 49.25    |  9: 92.84    |  10: 89.52    |  11: 44.88    |  12: 67.07    |  13: 83.96    |  14: 94.84    |  15: 85.21    |  16: 95.81    |  17: 73.95    |  18: 76.73    |  19: 82.41   
[Batch: 0395/2400] mIoU: 13.29  |  FB-IoU: 84.27 |  0: 88.53    |  1: 87.24    |  2: 91.34    |  3: 90.86    |  4: 43.35    |  5: 83.62    |  6: 26.14    |  7: 57.73    |  8: 49.25    |  9: 92.84    |  10: 89.52    |  11: 44.88    |  12: 67.07    |  13: 83.96    |  14: 94.84    |  15: 85.21    |  16: 95.81    |  17: 73.95    |  18: 76.73    |  19: 82.41   
[Batch: 0396/2400] mIoU: 13.29  |  FB-IoU: 84.29 |  0: 88.53    |  1: 87.24    |  2: 91.34    |  3: 90.86    |  4: 43.35    |  5: 83.62    |  6: 26.14    |  7: 57.73    |  8: 49.25    |  9: 92.84    |  10: 89.52    |  11: 44.88    |  12: 67.07    |  13: 83.96    |  14: 94.84    |  15: 85.21    |  16: 95.81    |  17: 73.95    |  18: 76.73    |  19: 82.41   
[Batch: 0397/2400] mIoU: 13.29  |  FB-IoU: 84.32 |  0: 88.53    |  1: 87.24    |  2: 91.34    |  3: 90.86    |  4: 43.35    |  5: 83.62    |  6: 26.14    |  7: 57.73    |  8: 49.25    |  9: 92.84    |  10: 89.52    |  11: 44.88    |  12: 67.07    |  13: 83.96    |  14: 94.84    |  15: 85.21    |  16: 95.81    |  17: 73.95    |  18: 76.73    |  19: 82.41   
[Batch: 0398/2400] mIoU: 13.29  |  FB-IoU: 84.34 |  0: 88.53    |  1: 87.24    |  2: 91.34    |  3: 90.86    |  4: 43.35    |  5: 83.62    |  6: 26.14    |  7: 57.73    |  8: 49.25    |  9: 92.84    |  10: 89.52    |  11: 44.88    |  12: 67.07    |  13: 83.96    |  14: 94.84    |  15: 85.21    |  16: 95.81    |  17: 73.95    |  18: 76.73    |  19: 82.41   
[Batch: 0399/2400] mIoU: 13.28  |  FB-IoU: 84.34 |  0: 88.53    |  1: 87.24    |  2: 91.34    |  3: 90.86    |  4: 43.35    |  5: 83.62    |  6: 26.14    |  7: 57.73    |  8: 49.25    |  9: 92.84    |  10: 89.52    |  11: 44.88    |  12: 67.07    |  13: 83.96    |  14: 94.84    |  15: 85.21    |  16: 95.81    |  17: 73.95    |  18: 76.73    |  19: 82.41   
[Batch: 0400/2400] mIoU: 13.29  |  FB-IoU: 84.37 |  0: 88.53    |  1: 87.24    |  2: 91.34    |  3: 90.86    |  4: 43.35    |  5: 83.62    |  6: 26.14    |  7: 57.73    |  8: 49.25    |  9: 92.84    |  10: 89.52    |  11: 44.88    |  12: 67.07    |  13: 83.96    |  14: 94.84    |  15: 85.21    |  16: 95.81    |  17: 73.95    |  18: 76.73    |  19: 82.41   
[Batch: 0401/2400] mIoU: 13.69  |  FB-IoU: 84.41 |  0: 88.53    |  1: 87.24    |  2: 91.34    |  3: 90.86    |  4: 43.35    |  5: 83.62    |  6: 26.14    |  7: 57.73    |  8: 49.25    |  9: 92.84    |  10: 89.52    |  11: 44.88    |  12: 67.07    |  13: 83.96    |  14: 94.84    |  15: 85.21    |  16: 95.81    |  17: 73.95    |  18: 76.73    |  19: 82.41   
[Batch: 0402/2400] mIoU: 13.69  |  FB-IoU: 84.46 |  0: 88.53    |  1: 87.24    |  2: 91.34    |  3: 90.86    |  4: 43.35    |  5: 83.62    |  6: 26.14    |  7: 57.73    |  8: 49.25    |  9: 92.84    |  10: 89.52    |  11: 44.88    |  12: 67.07    |  13: 83.96    |  14: 94.84    |  15: 85.21    |  16: 95.81    |  17: 73.95    |  18: 76.73    |  19: 82.41   
[Batch: 0403/2400] mIoU: 13.69  |  FB-IoU: 84.51 |  0: 88.53    |  1: 87.24    |  2: 91.34    |  3: 90.86    |  4: 43.35    |  5: 83.62    |  6: 26.14    |  7: 57.73    |  8: 49.25    |  9: 92.84    |  10: 89.52    |  11: 44.88    |  12: 67.07    |  13: 83.96    |  14: 94.84    |  15: 85.21    |  16: 95.81    |  17: 73.95    |  18: 76.73    |  19: 82.41   
[Batch: 0404/2400] mIoU: 13.69  |  FB-IoU: 84.54 |  0: 88.53    |  1: 87.24    |  2: 91.34    |  3: 90.86    |  4: 43.35    |  5: 83.62    |  6: 26.14    |  7: 57.73    |  8: 49.25    |  9: 92.84    |  10: 89.52    |  11: 44.88    |  12: 67.07    |  13: 83.96    |  14: 94.84    |  15: 85.21    |  16: 95.81    |  17: 73.95    |  18: 76.73    |  19: 82.41   
[Batch: 0405/2400] mIoU: 13.69  |  FB-IoU: 84.57 |  0: 88.53    |  1: 87.24    |  2: 91.34    |  3: 90.86    |  4: 43.35    |  5: 83.62    |  6: 26.14    |  7: 57.73    |  8: 49.25    |  9: 92.84    |  10: 89.52    |  11: 44.88    |  12: 67.07    |  13: 83.96    |  14: 94.84    |  15: 85.21    |  16: 95.81    |  17: 73.95    |  18: 76.73    |  19: 82.41   
[Batch: 0406/2400] mIoU: 13.69  |  FB-IoU: 84.63 |  0: 88.53    |  1: 87.24    |  2: 91.34    |  3: 90.86    |  4: 43.35    |  5: 83.62    |  6: 26.14    |  7: 57.73    |  8: 49.25    |  9: 92.84    |  10: 89.52    |  11: 44.88    |  12: 67.07    |  13: 83.96    |  14: 94.84    |  15: 85.21    |  16: 95.81    |  17: 73.95    |  18: 76.73    |  19: 82.41   
[Batch: 0407/2400] mIoU: 13.69  |  FB-IoU: 84.67 |  0: 88.53    |  1: 87.24    |  2: 91.34    |  3: 90.86    |  4: 43.35    |  5: 83.62    |  6: 26.14    |  7: 57.73    |  8: 49.25    |  9: 92.84    |  10: 89.52    |  11: 44.88    |  12: 67.07    |  13: 83.96    |  14: 94.84    |  15: 85.21    |  16: 95.81    |  17: 73.95    |  18: 76.73    |  19: 82.41   
[Batch: 0408/2400] mIoU: 13.69  |  FB-IoU: 84.71 |  0: 88.53    |  1: 87.24    |  2: 91.34    |  3: 90.86    |  4: 43.35    |  5: 83.62    |  6: 26.14    |  7: 57.73    |  8: 49.25    |  9: 92.84    |  10: 89.52    |  11: 44.88    |  12: 67.07    |  13: 83.96    |  14: 94.84    |  15: 85.21    |  16: 95.81    |  17: 73.95    |  18: 76.73    |  19: 82.41   
[Batch: 0409/2400] mIoU: 13.69  |  FB-IoU: 84.75 |  0: 88.53    |  1: 87.24    |  2: 91.34    |  3: 90.86    |  4: 43.35    |  5: 83.62    |  6: 26.14    |  7: 57.73    |  8: 49.25    |  9: 92.84    |  10: 89.52    |  11: 44.88    |  12: 67.07    |  13: 83.96    |  14: 94.84    |  15: 85.21    |  16: 95.81    |  17: 73.95    |  18: 76.73    |  19: 82.41   
[Batch: 0410/2400] mIoU: 13.69  |  FB-IoU: 84.80 |  0: 88.53    |  1: 87.24    |  2: 91.34    |  3: 90.86    |  4: 43.35    |  5: 83.62    |  6: 26.14    |  7: 57.73    |  8: 49.25    |  9: 92.84    |  10: 89.52    |  11: 44.88    |  12: 67.07    |  13: 83.96    |  14: 94.84    |  15: 85.21    |  16: 95.81    |  17: 73.95    |  18: 76.73    |  19: 82.41   
[Batch: 0411/2400] mIoU: 14.07  |  FB-IoU: 84.82 |  0: 88.53    |  1: 87.24    |  2: 91.34    |  3: 90.86    |  4: 43.35    |  5: 83.62    |  6: 26.14    |  7: 57.73    |  8: 49.25    |  9: 92.84    |  10: 89.52    |  11: 44.88    |  12: 67.07    |  13: 83.96    |  14: 94.84    |  15: 85.21    |  16: 95.81    |  17: 73.95    |  18: 76.73    |  19: 82.41   
[Batch: 0412/2400] mIoU: 14.08  |  FB-IoU: 84.85 |  0: 88.53    |  1: 87.24    |  2: 91.34    |  3: 90.86    |  4: 43.35    |  5: 83.62    |  6: 26.14    |  7: 57.73    |  8: 49.25    |  9: 92.84    |  10: 89.52    |  11: 44.88    |  12: 67.07    |  13: 83.96    |  14: 94.84    |  15: 85.21    |  16: 95.81    |  17: 73.95    |  18: 76.73    |  19: 82.41   
[Batch: 0413/2400] mIoU: 14.02  |  FB-IoU: 84.82 |  0: 88.53    |  1: 87.24    |  2: 91.34    |  3: 90.86    |  4: 43.35    |  5: 83.62    |  6: 26.14    |  7: 57.73    |  8: 49.25    |  9: 92.84    |  10: 89.52    |  11: 44.88    |  12: 67.07    |  13: 83.96    |  14: 94.84    |  15: 85.21    |  16: 95.81    |  17: 73.95    |  18: 76.73    |  19: 82.41   
[Batch: 0414/2400] mIoU: 14.03  |  FB-IoU: 84.83 |  0: 88.53    |  1: 87.24    |  2: 91.34    |  3: 90.86    |  4: 43.35    |  5: 83.62    |  6: 26.14    |  7: 57.73    |  8: 49.25    |  9: 92.84    |  10: 89.52    |  11: 44.88    |  12: 67.07    |  13: 83.96    |  14: 94.84    |  15: 85.21    |  16: 95.81    |  17: 73.95    |  18: 76.73    |  19: 82.41   
[Batch: 0415/2400] mIoU: 14.03  |  FB-IoU: 84.84 |  0: 88.53    |  1: 87.24    |  2: 91.34    |  3: 90.86    |  4: 43.35    |  5: 83.62    |  6: 26.14    |  7: 57.73    |  8: 49.25    |  9: 92.84    |  10: 89.52    |  11: 44.88    |  12: 67.07    |  13: 83.96    |  14: 94.84    |  15: 85.21    |  16: 95.81    |  17: 73.95    |  18: 76.73    |  19: 82.41   
[Batch: 0416/2400] mIoU: 14.04  |  FB-IoU: 84.87 |  0: 88.53    |  1: 87.24    |  2: 91.34    |  3: 90.86    |  4: 43.35    |  5: 83.62    |  6: 26.14    |  7: 57.73    |  8: 49.25    |  9: 92.84    |  10: 89.52    |  11: 44.88    |  12: 67.07    |  13: 83.96    |  14: 94.84    |  15: 85.21    |  16: 95.81    |  17: 73.95    |  18: 76.73    |  19: 82.41   
[Batch: 0417/2400] mIoU: 14.04  |  FB-IoU: 84.87 |  0: 88.53    |  1: 87.24    |  2: 91.34    |  3: 90.86    |  4: 43.35    |  5: 83.62    |  6: 26.14    |  7: 57.73    |  8: 49.25    |  9: 92.84    |  10: 89.52    |  11: 44.88    |  12: 67.07    |  13: 83.96    |  14: 94.84    |  15: 85.21    |  16: 95.81    |  17: 73.95    |  18: 76.73    |  19: 82.41   
[Batch: 0418/2400] mIoU: 14.05  |  FB-IoU: 84.89 |  0: 88.53    |  1: 87.24    |  2: 91.34    |  3: 90.86    |  4: 43.35    |  5: 83.62    |  6: 26.14    |  7: 57.73    |  8: 49.25    |  9: 92.84    |  10: 89.52    |  11: 44.88    |  12: 67.07    |  13: 83.96    |  14: 94.84    |  15: 85.21    |  16: 95.81    |  17: 73.95    |  18: 76.73    |  19: 82.41   
[Batch: 0419/2400] mIoU: 14.05  |  FB-IoU: 84.91 |  0: 88.53    |  1: 87.24    |  2: 91.34    |  3: 90.86    |  4: 43.35    |  5: 83.62    |  6: 26.14    |  7: 57.73    |  8: 49.25    |  9: 92.84    |  10: 89.52    |  11: 44.88    |  12: 67.07    |  13: 83.96    |  14: 94.84    |  15: 85.21    |  16: 95.81    |  17: 73.95    |  18: 76.73    |  19: 82.41   
[Batch: 0420/2400] mIoU: 14.05  |  FB-IoU: 84.92 |  0: 88.53    |  1: 87.24    |  2: 91.34    |  3: 90.86    |  4: 43.35    |  5: 83.62    |  6: 26.14    |  7: 57.73    |  8: 49.25    |  9: 92.84    |  10: 89.52    |  11: 44.88    |  12: 67.07    |  13: 83.96    |  14: 94.84    |  15: 85.21    |  16: 95.81    |  17: 73.95    |  18: 76.73    |  19: 82.41   
[Batch: 0421/2400] mIoU: 14.46  |  FB-IoU: 84.96 |  0: 88.53    |  1: 87.24    |  2: 91.34    |  3: 90.86    |  4: 43.35    |  5: 83.62    |  6: 26.14    |  7: 57.73    |  8: 49.25    |  9: 92.84    |  10: 89.52    |  11: 44.88    |  12: 67.07    |  13: 83.96    |  14: 94.84    |  15: 85.21    |  16: 95.81    |  17: 73.95    |  18: 76.73    |  19: 82.41   
[Batch: 0422/2400] mIoU: 14.45  |  FB-IoU: 84.99 |  0: 88.53    |  1: 87.24    |  2: 91.34    |  3: 90.86    |  4: 43.35    |  5: 83.62    |  6: 26.14    |  7: 57.73    |  8: 49.25    |  9: 92.84    |  10: 89.52    |  11: 44.88    |  12: 67.07    |  13: 83.96    |  14: 94.84    |  15: 85.21    |  16: 95.81    |  17: 73.95    |  18: 76.73    |  19: 82.41   
[Batch: 0423/2400] mIoU: 14.45  |  FB-IoU: 85.02 |  0: 88.53    |  1: 87.24    |  2: 91.34    |  3: 90.86    |  4: 43.35    |  5: 83.62    |  6: 26.14    |  7: 57.73    |  8: 49.25    |  9: 92.84    |  10: 89.52    |  11: 44.88    |  12: 67.07    |  13: 83.96    |  14: 94.84    |  15: 85.21    |  16: 95.81    |  17: 73.95    |  18: 76.73    |  19: 82.41   
[Batch: 0424/2400] mIoU: 14.45  |  FB-IoU: 85.04 |  0: 88.53    |  1: 87.24    |  2: 91.34    |  3: 90.86    |  4: 43.35    |  5: 83.62    |  6: 26.14    |  7: 57.73    |  8: 49.25    |  9: 92.84    |  10: 89.52    |  11: 44.88    |  12: 67.07    |  13: 83.96    |  14: 94.84    |  15: 85.21    |  16: 95.81    |  17: 73.95    |  18: 76.73    |  19: 82.41   
[Batch: 0425/2400] mIoU: 14.45  |  FB-IoU: 85.07 |  0: 88.53    |  1: 87.24    |  2: 91.34    |  3: 90.86    |  4: 43.35    |  5: 83.62    |  6: 26.14    |  7: 57.73    |  8: 49.25    |  9: 92.84    |  10: 89.52    |  11: 44.88    |  12: 67.07    |  13: 83.96    |  14: 94.84    |  15: 85.21    |  16: 95.81    |  17: 73.95    |  18: 76.73    |  19: 82.41   
[Batch: 0426/2400] mIoU: 14.45  |  FB-IoU: 85.10 |  0: 88.53    |  1: 87.24    |  2: 91.34    |  3: 90.86    |  4: 43.35    |  5: 83.62    |  6: 26.14    |  7: 57.73    |  8: 49.25    |  9: 92.84    |  10: 89.52    |  11: 44.88    |  12: 67.07    |  13: 83.96    |  14: 94.84    |  15: 85.21    |  16: 95.81    |  17: 73.95    |  18: 76.73    |  19: 82.41   
[Batch: 0427/2400] mIoU: 14.45  |  FB-IoU: 85.12 |  0: 88.53    |  1: 87.24    |  2: 91.34    |  3: 90.86    |  4: 43.35    |  5: 83.62    |  6: 26.14    |  7: 57.73    |  8: 49.25    |  9: 92.84    |  10: 89.52    |  11: 44.88    |  12: 67.07    |  13: 83.96    |  14: 94.84    |  15: 85.21    |  16: 95.81    |  17: 73.95    |  18: 76.73    |  19: 82.41   
[Batch: 0428/2400] mIoU: 14.45  |  FB-IoU: 85.14 |  0: 88.53    |  1: 87.24    |  2: 91.34    |  3: 90.86    |  4: 43.35    |  5: 83.62    |  6: 26.14    |  7: 57.73    |  8: 49.25    |  9: 92.84    |  10: 89.52    |  11: 44.88    |  12: 67.07    |  13: 83.96    |  14: 94.84    |  15: 85.21    |  16: 95.81    |  17: 73.95    |  18: 76.73    |  19: 82.41   
[Batch: 0429/2400] mIoU: 14.45  |  FB-IoU: 85.16 |  0: 88.53    |  1: 87.24    |  2: 91.34    |  3: 90.86    |  4: 43.35    |  5: 83.62    |  6: 26.14    |  7: 57.73    |  8: 49.25    |  9: 92.84    |  10: 89.52    |  11: 44.88    |  12: 67.07    |  13: 83.96    |  14: 94.84    |  15: 85.21    |  16: 95.81    |  17: 73.95    |  18: 76.73    |  19: 82.41   
[Batch: 0430/2400] mIoU: 14.42  |  FB-IoU: 85.10 |  0: 88.53    |  1: 87.24    |  2: 91.34    |  3: 90.86    |  4: 43.35    |  5: 83.62    |  6: 26.14    |  7: 57.73    |  8: 49.25    |  9: 92.84    |  10: 89.52    |  11: 44.88    |  12: 67.07    |  13: 83.96    |  14: 94.84    |  15: 85.21    |  16: 95.81    |  17: 73.95    |  18: 76.73    |  19: 82.41   
[Batch: 0431/2400] mIoU: 14.64  |  FB-IoU: 85.07 |  0: 88.53    |  1: 87.24    |  2: 91.34    |  3: 90.86    |  4: 43.35    |  5: 83.62    |  6: 26.14    |  7: 57.73    |  8: 49.25    |  9: 92.84    |  10: 89.52    |  11: 44.88    |  12: 67.07    |  13: 83.96    |  14: 94.84    |  15: 85.21    |  16: 95.81    |  17: 73.95    |  18: 76.73    |  19: 82.41   
[Batch: 0432/2400] mIoU: 14.70  |  FB-IoU: 85.08 |  0: 88.53    |  1: 87.24    |  2: 91.34    |  3: 90.86    |  4: 43.35    |  5: 83.62    |  6: 26.14    |  7: 57.73    |  8: 49.25    |  9: 92.84    |  10: 89.52    |  11: 44.88    |  12: 67.07    |  13: 83.96    |  14: 94.84    |  15: 85.21    |  16: 95.81    |  17: 73.95    |  18: 76.73    |  19: 82.41   
[Batch: 0433/2400] mIoU: 14.71  |  FB-IoU: 85.09 |  0: 88.53    |  1: 87.24    |  2: 91.34    |  3: 90.86    |  4: 43.35    |  5: 83.62    |  6: 26.14    |  7: 57.73    |  8: 49.25    |  9: 92.84    |  10: 89.52    |  11: 44.88    |  12: 67.07    |  13: 83.96    |  14: 94.84    |  15: 85.21    |  16: 95.81    |  17: 73.95    |  18: 76.73    |  19: 82.41   
[Batch: 0434/2400] mIoU: 14.72  |  FB-IoU: 85.10 |  0: 88.53    |  1: 87.24    |  2: 91.34    |  3: 90.86    |  4: 43.35    |  5: 83.62    |  6: 26.14    |  7: 57.73    |  8: 49.25    |  9: 92.84    |  10: 89.52    |  11: 44.88    |  12: 67.07    |  13: 83.96    |  14: 94.84    |  15: 85.21    |  16: 95.81    |  17: 73.95    |  18: 76.73    |  19: 82.41   
[Batch: 0435/2400] mIoU: 14.75  |  FB-IoU: 85.13 |  0: 88.53    |  1: 87.24    |  2: 91.34    |  3: 90.86    |  4: 43.35    |  5: 83.62    |  6: 26.14    |  7: 57.73    |  8: 49.25    |  9: 92.84    |  10: 89.52    |  11: 44.88    |  12: 67.07    |  13: 83.96    |  14: 94.84    |  15: 85.21    |  16: 95.81    |  17: 73.95    |  18: 76.73    |  19: 82.41   
[Batch: 0436/2400] mIoU: 14.70  |  FB-IoU: 85.05 |  0: 88.53    |  1: 87.24    |  2: 91.34    |  3: 90.86    |  4: 43.35    |  5: 83.62    |  6: 26.14    |  7: 57.73    |  8: 49.25    |  9: 92.84    |  10: 89.52    |  11: 44.88    |  12: 67.07    |  13: 83.96    |  14: 94.84    |  15: 85.21    |  16: 95.81    |  17: 73.95    |  18: 76.73    |  19: 82.41   
[Batch: 0437/2400] mIoU: 14.68  |  FB-IoU: 85.02 |  0: 88.53    |  1: 87.24    |  2: 91.34    |  3: 90.86    |  4: 43.35    |  5: 83.62    |  6: 26.14    |  7: 57.73    |  8: 49.25    |  9: 92.84    |  10: 89.52    |  11: 44.88    |  12: 67.07    |  13: 83.96    |  14: 94.84    |  15: 85.21    |  16: 95.81    |  17: 73.95    |  18: 76.73    |  19: 82.41   
[Batch: 0438/2400] mIoU: 14.66  |  FB-IoU: 84.96 |  0: 88.53    |  1: 87.24    |  2: 91.34    |  3: 90.86    |  4: 43.35    |  5: 83.62    |  6: 26.14    |  7: 57.73    |  8: 49.25    |  9: 92.84    |  10: 89.52    |  11: 44.88    |  12: 67.07    |  13: 83.96    |  14: 94.84    |  15: 85.21    |  16: 95.81    |  17: 73.95    |  18: 76.73    |  19: 82.41   
[Batch: 0439/2400] mIoU: 14.67  |  FB-IoU: 84.97 |  0: 88.53    |  1: 87.24    |  2: 91.34    |  3: 90.86    |  4: 43.35    |  5: 83.62    |  6: 26.14    |  7: 57.73    |  8: 49.25    |  9: 92.84    |  10: 89.52    |  11: 44.88    |  12: 67.07    |  13: 83.96    |  14: 94.84    |  15: 85.21    |  16: 95.81    |  17: 73.95    |  18: 76.73    |  19: 82.41   
[Batch: 0440/2400] mIoU: 14.67  |  FB-IoU: 84.98 |  0: 88.53    |  1: 87.24    |  2: 91.34    |  3: 90.86    |  4: 43.35    |  5: 83.62    |  6: 26.14    |  7: 57.73    |  8: 49.25    |  9: 92.84    |  10: 89.52    |  11: 44.88    |  12: 67.07    |  13: 83.96    |  14: 94.84    |  15: 85.21    |  16: 95.81    |  17: 73.95    |  18: 76.73    |  19: 82.41   
[Batch: 0441/2400] mIoU: 15.07  |  FB-IoU: 85.02 |  0: 88.53    |  1: 87.24    |  2: 91.34    |  3: 90.86    |  4: 43.35    |  5: 83.62    |  6: 26.14    |  7: 57.73    |  8: 49.25    |  9: 92.84    |  10: 89.52    |  11: 44.88    |  12: 67.07    |  13: 83.96    |  14: 94.84    |  15: 85.21    |  16: 95.81    |  17: 73.95    |  18: 76.73    |  19: 82.41   
[Batch: 0442/2400] mIoU: 15.06  |  FB-IoU: 85.03 |  0: 88.53    |  1: 87.24    |  2: 91.34    |  3: 90.86    |  4: 43.35    |  5: 83.62    |  6: 26.14    |  7: 57.73    |  8: 49.25    |  9: 92.84    |  10: 89.52    |  11: 44.88    |  12: 67.07    |  13: 83.96    |  14: 94.84    |  15: 85.21    |  16: 95.81    |  17: 73.95    |  18: 76.73    |  19: 82.41   
[Batch: 0443/2400] mIoU: 15.03  |  FB-IoU: 85.02 |  0: 88.53    |  1: 87.24    |  2: 91.34    |  3: 90.86    |  4: 43.35    |  5: 83.62    |  6: 26.14    |  7: 57.73    |  8: 49.25    |  9: 92.84    |  10: 89.52    |  11: 44.88    |  12: 67.07    |  13: 83.96    |  14: 94.84    |  15: 85.21    |  16: 95.81    |  17: 73.95    |  18: 76.73    |  19: 82.41   
[Batch: 0444/2400] mIoU: 15.04  |  FB-IoU: 85.04 |  0: 88.53    |  1: 87.24    |  2: 91.34    |  3: 90.86    |  4: 43.35    |  5: 83.62    |  6: 26.14    |  7: 57.73    |  8: 49.25    |  9: 92.84    |  10: 89.52    |  11: 44.88    |  12: 67.07    |  13: 83.96    |  14: 94.84    |  15: 85.21    |  16: 95.81    |  17: 73.95    |  18: 76.73    |  19: 82.41   
[Batch: 0445/2400] mIoU: 15.04  |  FB-IoU: 85.06 |  0: 88.53    |  1: 87.24    |  2: 91.34    |  3: 90.86    |  4: 43.35    |  5: 83.62    |  6: 26.14    |  7: 57.73    |  8: 49.25    |  9: 92.84    |  10: 89.52    |  11: 44.88    |  12: 67.07    |  13: 83.96    |  14: 94.84    |  15: 85.21    |  16: 95.81    |  17: 73.95    |  18: 76.73    |  19: 82.41   
[Batch: 0446/2400] mIoU: 15.04  |  FB-IoU: 85.07 |  0: 88.53    |  1: 87.24    |  2: 91.34    |  3: 90.86    |  4: 43.35    |  5: 83.62    |  6: 26.14    |  7: 57.73    |  8: 49.25    |  9: 92.84    |  10: 89.52    |  11: 44.88    |  12: 67.07    |  13: 83.96    |  14: 94.84    |  15: 85.21    |  16: 95.81    |  17: 73.95    |  18: 76.73    |  19: 82.41   
[Batch: 0447/2400] mIoU: 15.05  |  FB-IoU: 85.10 |  0: 88.53    |  1: 87.24    |  2: 91.34    |  3: 90.86    |  4: 43.35    |  5: 83.62    |  6: 26.14    |  7: 57.73    |  8: 49.25    |  9: 92.84    |  10: 89.52    |  11: 44.88    |  12: 67.07    |  13: 83.96    |  14: 94.84    |  15: 85.21    |  16: 95.81    |  17: 73.95    |  18: 76.73    |  19: 82.41   
[Batch: 0448/2400] mIoU: 15.05  |  FB-IoU: 85.11 |  0: 88.53    |  1: 87.24    |  2: 91.34    |  3: 90.86    |  4: 43.35    |  5: 83.62    |  6: 26.14    |  7: 57.73    |  8: 49.25    |  9: 92.84    |  10: 89.52    |  11: 44.88    |  12: 67.07    |  13: 83.96    |  14: 94.84    |  15: 85.21    |  16: 95.81    |  17: 73.95    |  18: 76.73    |  19: 82.41   
[Batch: 0449/2400] mIoU: 15.05  |  FB-IoU: 85.13 |  0: 88.53    |  1: 87.24    |  2: 91.34    |  3: 90.86    |  4: 43.35    |  5: 83.62    |  6: 26.14    |  7: 57.73    |  8: 49.25    |  9: 92.84    |  10: 89.52    |  11: 44.88    |  12: 67.07    |  13: 83.96    |  14: 94.84    |  15: 85.21    |  16: 95.81    |  17: 73.95    |  18: 76.73    |  19: 82.41   
[Batch: 0450/2400] mIoU: 15.05  |  FB-IoU: 85.15 |  0: 88.53    |  1: 87.24    |  2: 91.34    |  3: 90.86    |  4: 43.35    |  5: 83.62    |  6: 26.14    |  7: 57.73    |  8: 49.25    |  9: 92.84    |  10: 89.52    |  11: 44.88    |  12: 67.07    |  13: 83.96    |  14: 94.84    |  15: 85.21    |  16: 95.81    |  17: 73.95    |  18: 76.73    |  19: 82.41   
[Batch: 0451/2400] mIoU: 15.42  |  FB-IoU: 85.17 |  0: 88.53    |  1: 87.24    |  2: 91.34    |  3: 90.86    |  4: 43.35    |  5: 83.62    |  6: 26.14    |  7: 57.73    |  8: 49.25    |  9: 92.84    |  10: 89.52    |  11: 44.88    |  12: 67.07    |  13: 83.96    |  14: 94.84    |  15: 85.21    |  16: 95.81    |  17: 73.95    |  18: 76.73    |  19: 82.41   
[Batch: 0452/2400] mIoU: 15.44  |  FB-IoU: 85.21 |  0: 88.53    |  1: 87.24    |  2: 91.34    |  3: 90.86    |  4: 43.35    |  5: 83.62    |  6: 26.14    |  7: 57.73    |  8: 49.25    |  9: 92.84    |  10: 89.52    |  11: 44.88    |  12: 67.07    |  13: 83.96    |  14: 94.84    |  15: 85.21    |  16: 95.81    |  17: 73.95    |  18: 76.73    |  19: 82.41   
[Batch: 0453/2400] mIoU: 15.45  |  FB-IoU: 85.24 |  0: 88.53    |  1: 87.24    |  2: 91.34    |  3: 90.86    |  4: 43.35    |  5: 83.62    |  6: 26.14    |  7: 57.73    |  8: 49.25    |  9: 92.84    |  10: 89.52    |  11: 44.88    |  12: 67.07    |  13: 83.96    |  14: 94.84    |  15: 85.21    |  16: 95.81    |  17: 73.95    |  18: 76.73    |  19: 82.41   
[Batch: 0454/2400] mIoU: 15.44  |  FB-IoU: 85.25 |  0: 88.53    |  1: 87.24    |  2: 91.34    |  3: 90.86    |  4: 43.35    |  5: 83.62    |  6: 26.14    |  7: 57.73    |  8: 49.25    |  9: 92.84    |  10: 89.52    |  11: 44.88    |  12: 67.07    |  13: 83.96    |  14: 94.84    |  15: 85.21    |  16: 95.81    |  17: 73.95    |  18: 76.73    |  19: 82.41   
[Batch: 0455/2400] mIoU: 15.44  |  FB-IoU: 85.28 |  0: 88.53    |  1: 87.24    |  2: 91.34    |  3: 90.86    |  4: 43.35    |  5: 83.62    |  6: 26.14    |  7: 57.73    |  8: 49.25    |  9: 92.84    |  10: 89.52    |  11: 44.88    |  12: 67.07    |  13: 83.96    |  14: 94.84    |  15: 85.21    |  16: 95.81    |  17: 73.95    |  18: 76.73    |  19: 82.41   
[Batch: 0456/2400] mIoU: 15.44  |  FB-IoU: 85.30 |  0: 88.53    |  1: 87.24    |  2: 91.34    |  3: 90.86    |  4: 43.35    |  5: 83.62    |  6: 26.14    |  7: 57.73    |  8: 49.25    |  9: 92.84    |  10: 89.52    |  11: 44.88    |  12: 67.07    |  13: 83.96    |  14: 94.84    |  15: 85.21    |  16: 95.81    |  17: 73.95    |  18: 76.73    |  19: 82.41   
[Batch: 0457/2400] mIoU: 15.44  |  FB-IoU: 85.32 |  0: 88.53    |  1: 87.24    |  2: 91.34    |  3: 90.86    |  4: 43.35    |  5: 83.62    |  6: 26.14    |  7: 57.73    |  8: 49.25    |  9: 92.84    |  10: 89.52    |  11: 44.88    |  12: 67.07    |  13: 83.96    |  14: 94.84    |  15: 85.21    |  16: 95.81    |  17: 73.95    |  18: 76.73    |  19: 82.41   
[Batch: 0458/2400] mIoU: 15.44  |  FB-IoU: 85.34 |  0: 88.53    |  1: 87.24    |  2: 91.34    |  3: 90.86    |  4: 43.35    |  5: 83.62    |  6: 26.14    |  7: 57.73    |  8: 49.25    |  9: 92.84    |  10: 89.52    |  11: 44.88    |  12: 67.07    |  13: 83.96    |  14: 94.84    |  15: 85.21    |  16: 95.81    |  17: 73.95    |  18: 76.73    |  19: 82.41   
[Batch: 0459/2400] mIoU: 15.37  |  FB-IoU: 85.10 |  0: 88.53    |  1: 87.24    |  2: 91.34    |  3: 90.86    |  4: 43.35    |  5: 83.62    |  6: 26.14    |  7: 57.73    |  8: 49.25    |  9: 92.84    |  10: 89.52    |  11: 44.88    |  12: 67.07    |  13: 83.96    |  14: 94.84    |  15: 85.21    |  16: 95.81    |  17: 73.95    |  18: 76.73    |  19: 82.41   
[Batch: 0460/2400] mIoU: 15.37  |  FB-IoU: 85.12 |  0: 88.53    |  1: 87.24    |  2: 91.34    |  3: 90.86    |  4: 43.35    |  5: 83.62    |  6: 26.14    |  7: 57.73    |  8: 49.25    |  9: 92.84    |  10: 89.52    |  11: 44.88    |  12: 67.07    |  13: 83.96    |  14: 94.84    |  15: 85.21    |  16: 95.81    |  17: 73.95    |  18: 76.73    |  19: 82.41   
[Batch: 0461/2400] mIoU: 15.71  |  FB-IoU: 85.12 |  0: 88.53    |  1: 87.24    |  2: 91.34    |  3: 90.86    |  4: 43.35    |  5: 83.62    |  6: 26.14    |  7: 57.73    |  8: 49.25    |  9: 92.84    |  10: 89.52    |  11: 44.88    |  12: 67.07    |  13: 83.96    |  14: 94.84    |  15: 85.21    |  16: 95.81    |  17: 73.95    |  18: 76.73    |  19: 82.41   
[Batch: 0462/2400] mIoU: 15.75  |  FB-IoU: 85.16 |  0: 88.53    |  1: 87.24    |  2: 91.34    |  3: 90.86    |  4: 43.35    |  5: 83.62    |  6: 26.14    |  7: 57.73    |  8: 49.25    |  9: 92.84    |  10: 89.52    |  11: 44.88    |  12: 67.07    |  13: 83.96    |  14: 94.84    |  15: 85.21    |  16: 95.81    |  17: 73.95    |  18: 76.73    |  19: 82.41   
[Batch: 0463/2400] mIoU: 15.75  |  FB-IoU: 85.19 |  0: 88.53    |  1: 87.24    |  2: 91.34    |  3: 90.86    |  4: 43.35    |  5: 83.62    |  6: 26.14    |  7: 57.73    |  8: 49.25    |  9: 92.84    |  10: 89.52    |  11: 44.88    |  12: 67.07    |  13: 83.96    |  14: 94.84    |  15: 85.21    |  16: 95.81    |  17: 73.95    |  18: 76.73    |  19: 82.41   
[Batch: 0464/2400] mIoU: 15.76  |  FB-IoU: 85.23 |  0: 88.53    |  1: 87.24    |  2: 91.34    |  3: 90.86    |  4: 43.35    |  5: 83.62    |  6: 26.14    |  7: 57.73    |  8: 49.25    |  9: 92.84    |  10: 89.52    |  11: 44.88    |  12: 67.07    |  13: 83.96    |  14: 94.84    |  15: 85.21    |  16: 95.81    |  17: 73.95    |  18: 76.73    |  19: 82.41   
[Batch: 0465/2400] mIoU: 15.77  |  FB-IoU: 85.27 |  0: 88.53    |  1: 87.24    |  2: 91.34    |  3: 90.86    |  4: 43.35    |  5: 83.62    |  6: 26.14    |  7: 57.73    |  8: 49.25    |  9: 92.84    |  10: 89.52    |  11: 44.88    |  12: 67.07    |  13: 83.96    |  14: 94.84    |  15: 85.21    |  16: 95.81    |  17: 73.95    |  18: 76.73    |  19: 82.41   
[Batch: 0466/2400] mIoU: 15.74  |  FB-IoU: 85.21 |  0: 88.53    |  1: 87.24    |  2: 91.34    |  3: 90.86    |  4: 43.35    |  5: 83.62    |  6: 26.14    |  7: 57.73    |  8: 49.25    |  9: 92.84    |  10: 89.52    |  11: 44.88    |  12: 67.07    |  13: 83.96    |  14: 94.84    |  15: 85.21    |  16: 95.81    |  17: 73.95    |  18: 76.73    |  19: 82.41   
[Batch: 0467/2400] mIoU: 15.74  |  FB-IoU: 85.24 |  0: 88.53    |  1: 87.24    |  2: 91.34    |  3: 90.86    |  4: 43.35    |  5: 83.62    |  6: 26.14    |  7: 57.73    |  8: 49.25    |  9: 92.84    |  10: 89.52    |  11: 44.88    |  12: 67.07    |  13: 83.96    |  14: 94.84    |  15: 85.21    |  16: 95.81    |  17: 73.95    |  18: 76.73    |  19: 82.41   
[Batch: 0468/2400] mIoU: 15.75  |  FB-IoU: 85.28 |  0: 88.53    |  1: 87.24    |  2: 91.34    |  3: 90.86    |  4: 43.35    |  5: 83.62    |  6: 26.14    |  7: 57.73    |  8: 49.25    |  9: 92.84    |  10: 89.52    |  11: 44.88    |  12: 67.07    |  13: 83.96    |  14: 94.84    |  15: 85.21    |  16: 95.81    |  17: 73.95    |  18: 76.73    |  19: 82.41   
[Batch: 0469/2400] mIoU: 15.75  |  FB-IoU: 85.30 |  0: 88.53    |  1: 87.24    |  2: 91.34    |  3: 90.86    |  4: 43.35    |  5: 83.62    |  6: 26.14    |  7: 57.73    |  8: 49.25    |  9: 92.84    |  10: 89.52    |  11: 44.88    |  12: 67.07    |  13: 83.96    |  14: 94.84    |  15: 85.21    |  16: 95.81    |  17: 73.95    |  18: 76.73    |  19: 82.41   
[Batch: 0470/2400] mIoU: 15.75  |  FB-IoU: 85.33 |  0: 88.53    |  1: 87.24    |  2: 91.34    |  3: 90.86    |  4: 43.35    |  5: 83.62    |  6: 26.14    |  7: 57.73    |  8: 49.25    |  9: 92.84    |  10: 89.52    |  11: 44.88    |  12: 67.07    |  13: 83.96    |  14: 94.84    |  15: 85.21    |  16: 95.81    |  17: 73.95    |  18: 76.73    |  19: 82.41   
[Batch: 0471/2400] mIoU: 16.13  |  FB-IoU: 85.35 |  0: 88.53    |  1: 87.24    |  2: 91.34    |  3: 90.86    |  4: 43.35    |  5: 83.62    |  6: 26.14    |  7: 57.73    |  8: 49.25    |  9: 92.84    |  10: 89.52    |  11: 44.88    |  12: 67.07    |  13: 83.96    |  14: 94.84    |  15: 85.21    |  16: 95.81    |  17: 73.95    |  18: 76.73    |  19: 82.41   
[Batch: 0472/2400] mIoU: 16.09  |  FB-IoU: 85.34 |  0: 88.53    |  1: 87.24    |  2: 91.34    |  3: 90.86    |  4: 43.35    |  5: 83.62    |  6: 26.14    |  7: 57.73    |  8: 49.25    |  9: 92.84    |  10: 89.52    |  11: 44.88    |  12: 67.07    |  13: 83.96    |  14: 94.84    |  15: 85.21    |  16: 95.81    |  17: 73.95    |  18: 76.73    |  19: 82.41   
[Batch: 0473/2400] mIoU: 16.10  |  FB-IoU: 85.35 |  0: 88.53    |  1: 87.24    |  2: 91.34    |  3: 90.86    |  4: 43.35    |  5: 83.62    |  6: 26.14    |  7: 57.73    |  8: 49.25    |  9: 92.84    |  10: 89.52    |  11: 44.88    |  12: 67.07    |  13: 83.96    |  14: 94.84    |  15: 85.21    |  16: 95.81    |  17: 73.95    |  18: 76.73    |  19: 82.41   
[Batch: 0474/2400] mIoU: 16.10  |  FB-IoU: 85.36 |  0: 88.53    |  1: 87.24    |  2: 91.34    |  3: 90.86    |  4: 43.35    |  5: 83.62    |  6: 26.14    |  7: 57.73    |  8: 49.25    |  9: 92.84    |  10: 89.52    |  11: 44.88    |  12: 67.07    |  13: 83.96    |  14: 94.84    |  15: 85.21    |  16: 95.81    |  17: 73.95    |  18: 76.73    |  19: 82.41   
[Batch: 0475/2400] mIoU: 16.08  |  FB-IoU: 85.33 |  0: 88.53    |  1: 87.24    |  2: 91.34    |  3: 90.86    |  4: 43.35    |  5: 83.62    |  6: 26.14    |  7: 57.73    |  8: 49.25    |  9: 92.84    |  10: 89.52    |  11: 44.88    |  12: 67.07    |  13: 83.96    |  14: 94.84    |  15: 85.21    |  16: 95.81    |  17: 73.95    |  18: 76.73    |  19: 82.41   
[Batch: 0476/2400] mIoU: 16.09  |  FB-IoU: 85.35 |  0: 88.53    |  1: 87.24    |  2: 91.34    |  3: 90.86    |  4: 43.35    |  5: 83.62    |  6: 26.14    |  7: 57.73    |  8: 49.25    |  9: 92.84    |  10: 89.52    |  11: 44.88    |  12: 67.07    |  13: 83.96    |  14: 94.84    |  15: 85.21    |  16: 95.81    |  17: 73.95    |  18: 76.73    |  19: 82.41   
[Batch: 0477/2400] mIoU: 16.09  |  FB-IoU: 85.36 |  0: 88.53    |  1: 87.24    |  2: 91.34    |  3: 90.86    |  4: 43.35    |  5: 83.62    |  6: 26.14    |  7: 57.73    |  8: 49.25    |  9: 92.84    |  10: 89.52    |  11: 44.88    |  12: 67.07    |  13: 83.96    |  14: 94.84    |  15: 85.21    |  16: 95.81    |  17: 73.95    |  18: 76.73    |  19: 82.41   
[Batch: 0478/2400] mIoU: 16.10  |  FB-IoU: 85.38 |  0: 88.53    |  1: 87.24    |  2: 91.34    |  3: 90.86    |  4: 43.35    |  5: 83.62    |  6: 26.14    |  7: 57.73    |  8: 49.25    |  9: 92.84    |  10: 89.52    |  11: 44.88    |  12: 67.07    |  13: 83.96    |  14: 94.84    |  15: 85.21    |  16: 95.81    |  17: 73.95    |  18: 76.73    |  19: 82.41   
[Batch: 0479/2400] mIoU: 16.11  |  FB-IoU: 85.41 |  0: 88.53    |  1: 87.24    |  2: 91.34    |  3: 90.86    |  4: 43.35    |  5: 83.62    |  6: 26.14    |  7: 57.73    |  8: 49.25    |  9: 92.84    |  10: 89.52    |  11: 44.88    |  12: 67.07    |  13: 83.96    |  14: 94.84    |  15: 85.21    |  16: 95.81    |  17: 73.95    |  18: 76.73    |  19: 82.41   
[Batch: 0480/2400] mIoU: 16.10  |  FB-IoU: 85.40 |  0: 88.53    |  1: 87.24    |  2: 91.34    |  3: 90.86    |  4: 43.35    |  5: 83.62    |  6: 26.14    |  7: 57.73    |  8: 49.25    |  9: 92.84    |  10: 89.52    |  11: 44.88    |  12: 67.07    |  13: 83.96    |  14: 94.84    |  15: 85.21    |  16: 95.81    |  17: 73.95    |  18: 76.73    |  19: 82.41   
[Batch: 0481/2400] mIoU: 16.50  |  FB-IoU: 85.43 |  0: 88.53    |  1: 87.24    |  2: 91.34    |  3: 90.86    |  4: 43.35    |  5: 83.62    |  6: 26.14    |  7: 57.73    |  8: 49.25    |  9: 92.84    |  10: 89.52    |  11: 44.88    |  12: 67.07    |  13: 83.96    |  14: 94.84    |  15: 85.21    |  16: 95.81    |  17: 73.95    |  18: 76.73    |  19: 82.41   
[Batch: 0482/2400] mIoU: 16.48  |  FB-IoU: 85.44 |  0: 88.53    |  1: 87.24    |  2: 91.34    |  3: 90.86    |  4: 43.35    |  5: 83.62    |  6: 26.14    |  7: 57.73    |  8: 49.25    |  9: 92.84    |  10: 89.52    |  11: 44.88    |  12: 67.07    |  13: 83.96    |  14: 94.84    |  15: 85.21    |  16: 95.81    |  17: 73.95    |  18: 76.73    |  19: 82.41   
[Batch: 0483/2400] mIoU: 16.48  |  FB-IoU: 85.46 |  0: 88.53    |  1: 87.24    |  2: 91.34    |  3: 90.86    |  4: 43.35    |  5: 83.62    |  6: 26.14    |  7: 57.73    |  8: 49.25    |  9: 92.84    |  10: 89.52    |  11: 44.88    |  12: 67.07    |  13: 83.96    |  14: 94.84    |  15: 85.21    |  16: 95.81    |  17: 73.95    |  18: 76.73    |  19: 82.41   
[Batch: 0484/2400] mIoU: 16.49  |  FB-IoU: 85.49 |  0: 88.53    |  1: 87.24    |  2: 91.34    |  3: 90.86    |  4: 43.35    |  5: 83.62    |  6: 26.14    |  7: 57.73    |  8: 49.25    |  9: 92.84    |  10: 89.52    |  11: 44.88    |  12: 67.07    |  13: 83.96    |  14: 94.84    |  15: 85.21    |  16: 95.81    |  17: 73.95    |  18: 76.73    |  19: 82.41   
[Batch: 0485/2400] mIoU: 16.49  |  FB-IoU: 85.52 |  0: 88.53    |  1: 87.24    |  2: 91.34    |  3: 90.86    |  4: 43.35    |  5: 83.62    |  6: 26.14    |  7: 57.73    |  8: 49.25    |  9: 92.84    |  10: 89.52    |  11: 44.88    |  12: 67.07    |  13: 83.96    |  14: 94.84    |  15: 85.21    |  16: 95.81    |  17: 73.95    |  18: 76.73    |  19: 82.41   
[Batch: 0486/2400] mIoU: 16.49  |  FB-IoU: 85.54 |  0: 88.53    |  1: 87.24    |  2: 91.34    |  3: 90.86    |  4: 43.35    |  5: 83.62    |  6: 26.14    |  7: 57.73    |  8: 49.25    |  9: 92.84    |  10: 89.52    |  11: 44.88    |  12: 67.07    |  13: 83.96    |  14: 94.84    |  15: 85.21    |  16: 95.81    |  17: 73.95    |  18: 76.73    |  19: 82.41   
[Batch: 0487/2400] mIoU: 16.49  |  FB-IoU: 85.57 |  0: 88.53    |  1: 87.24    |  2: 91.34    |  3: 90.86    |  4: 43.35    |  5: 83.62    |  6: 26.14    |  7: 57.73    |  8: 49.25    |  9: 92.84    |  10: 89.52    |  11: 44.88    |  12: 67.07    |  13: 83.96    |  14: 94.84    |  15: 85.21    |  16: 95.81    |  17: 73.95    |  18: 76.73    |  19: 82.41   
[Batch: 0488/2400] mIoU: 16.49  |  FB-IoU: 85.59 |  0: 88.53    |  1: 87.24    |  2: 91.34    |  3: 90.86    |  4: 43.35    |  5: 83.62    |  6: 26.14    |  7: 57.73    |  8: 49.25    |  9: 92.84    |  10: 89.52    |  11: 44.88    |  12: 67.07    |  13: 83.96    |  14: 94.84    |  15: 85.21    |  16: 95.81    |  17: 73.95    |  18: 76.73    |  19: 82.41   
[Batch: 0489/2400] mIoU: 16.49  |  FB-IoU: 85.60 |  0: 88.53    |  1: 87.24    |  2: 91.34    |  3: 90.86    |  4: 43.35    |  5: 83.62    |  6: 26.14    |  7: 57.73    |  8: 49.25    |  9: 92.84    |  10: 89.52    |  11: 44.88    |  12: 67.07    |  13: 83.96    |  14: 94.84    |  15: 85.21    |  16: 95.81    |  17: 73.95    |  18: 76.73    |  19: 82.41   
[Batch: 0490/2400] mIoU: 16.49  |  FB-IoU: 85.61 |  0: 88.53    |  1: 87.24    |  2: 91.34    |  3: 90.86    |  4: 43.35    |  5: 83.62    |  6: 26.14    |  7: 57.73    |  8: 49.25    |  9: 92.84    |  10: 89.52    |  11: 44.88    |  12: 67.07    |  13: 83.96    |  14: 94.84    |  15: 85.21    |  16: 95.81    |  17: 73.95    |  18: 76.73    |  19: 82.41   
[Batch: 0491/2400] mIoU: 16.88  |  FB-IoU: 85.63 |  0: 88.53    |  1: 87.24    |  2: 91.34    |  3: 90.86    |  4: 43.35    |  5: 83.62    |  6: 26.14    |  7: 57.73    |  8: 49.25    |  9: 92.84    |  10: 89.52    |  11: 44.88    |  12: 67.07    |  13: 83.96    |  14: 94.84    |  15: 85.21    |  16: 95.81    |  17: 73.95    |  18: 76.73    |  19: 82.41   
[Batch: 0492/2400] mIoU: 16.88  |  FB-IoU: 85.65 |  0: 88.53    |  1: 87.24    |  2: 91.34    |  3: 90.86    |  4: 43.35    |  5: 83.62    |  6: 26.14    |  7: 57.73    |  8: 49.25    |  9: 92.84    |  10: 89.52    |  11: 44.88    |  12: 67.07    |  13: 83.96    |  14: 94.84    |  15: 85.21    |  16: 95.81    |  17: 73.95    |  18: 76.73    |  19: 82.41   
[Batch: 0493/2400] mIoU: 16.87  |  FB-IoU: 85.67 |  0: 88.53    |  1: 87.24    |  2: 91.34    |  3: 90.86    |  4: 43.35    |  5: 83.62    |  6: 26.14    |  7: 57.73    |  8: 49.25    |  9: 92.84    |  10: 89.52    |  11: 44.88    |  12: 67.07    |  13: 83.96    |  14: 94.84    |  15: 85.21    |  16: 95.81    |  17: 73.95    |  18: 76.73    |  19: 82.41   
[Batch: 0494/2400] mIoU: 16.87  |  FB-IoU: 85.68 |  0: 88.53    |  1: 87.24    |  2: 91.34    |  3: 90.86    |  4: 43.35    |  5: 83.62    |  6: 26.14    |  7: 57.73    |  8: 49.25    |  9: 92.84    |  10: 89.52    |  11: 44.88    |  12: 67.07    |  13: 83.96    |  14: 94.84    |  15: 85.21    |  16: 95.81    |  17: 73.95    |  18: 76.73    |  19: 82.41   
[Batch: 0495/2400] mIoU: 16.87  |  FB-IoU: 85.69 |  0: 88.53    |  1: 87.24    |  2: 91.34    |  3: 90.86    |  4: 43.35    |  5: 83.62    |  6: 26.14    |  7: 57.73    |  8: 49.25    |  9: 92.84    |  10: 89.52    |  11: 44.88    |  12: 67.07    |  13: 83.96    |  14: 94.84    |  15: 85.21    |  16: 95.81    |  17: 73.95    |  18: 76.73    |  19: 82.41   
[Batch: 0496/2400] mIoU: 16.87  |  FB-IoU: 85.70 |  0: 88.53    |  1: 87.24    |  2: 91.34    |  3: 90.86    |  4: 43.35    |  5: 83.62    |  6: 26.14    |  7: 57.73    |  8: 49.25    |  9: 92.84    |  10: 89.52    |  11: 44.88    |  12: 67.07    |  13: 83.96    |  14: 94.84    |  15: 85.21    |  16: 95.81    |  17: 73.95    |  18: 76.73    |  19: 82.41   
[Batch: 0497/2400] mIoU: 16.87  |  FB-IoU: 85.71 |  0: 88.53    |  1: 87.24    |  2: 91.34    |  3: 90.86    |  4: 43.35    |  5: 83.62    |  6: 26.14    |  7: 57.73    |  8: 49.25    |  9: 92.84    |  10: 89.52    |  11: 44.88    |  12: 67.07    |  13: 83.96    |  14: 94.84    |  15: 85.21    |  16: 95.81    |  17: 73.95    |  18: 76.73    |  19: 82.41   
[Batch: 0498/2400] mIoU: 16.86  |  FB-IoU: 85.72 |  0: 88.53    |  1: 87.24    |  2: 91.34    |  3: 90.86    |  4: 43.35    |  5: 83.62    |  6: 26.14    |  7: 57.73    |  8: 49.25    |  9: 92.84    |  10: 89.52    |  11: 44.88    |  12: 67.07    |  13: 83.96    |  14: 94.84    |  15: 85.21    |  16: 95.81    |  17: 73.95    |  18: 76.73    |  19: 82.41   
[Batch: 0499/2400] mIoU: 16.86  |  FB-IoU: 85.73 |  0: 88.53    |  1: 87.24    |  2: 91.34    |  3: 90.86    |  4: 43.35    |  5: 83.62    |  6: 26.14    |  7: 57.73    |  8: 49.25    |  9: 92.84    |  10: 89.52    |  11: 44.88    |  12: 67.07    |  13: 83.96    |  14: 94.84    |  15: 85.21    |  16: 95.81    |  17: 73.95    |  18: 76.73    |  19: 82.41   
[Batch: 0500/2400] mIoU: 16.86  |  FB-IoU: 85.74 |  0: 88.53    |  1: 87.24    |  2: 91.34    |  3: 90.86    |  4: 43.35    |  5: 83.62    |  6: 26.14    |  7: 57.73    |  8: 49.25    |  9: 92.84    |  10: 89.52    |  11: 44.88    |  12: 67.07    |  13: 83.96    |  14: 94.84    |  15: 85.21    |  16: 95.81    |  17: 73.95    |  18: 76.73    |  19: 82.41   
[Batch: 0501/2400] mIoU: 17.18  |  FB-IoU: 85.73 |  0: 88.53    |  1: 87.24    |  2: 91.34    |  3: 90.86    |  4: 43.35    |  5: 83.62    |  6: 26.14    |  7: 57.73    |  8: 49.25    |  9: 92.84    |  10: 89.52    |  11: 44.88    |  12: 67.07    |  13: 83.96    |  14: 94.84    |  15: 85.21    |  16: 95.81    |  17: 73.95    |  18: 76.73    |  19: 82.41   
[Batch: 0502/2400] mIoU: 17.21  |  FB-IoU: 85.75 |  0: 88.53    |  1: 87.24    |  2: 91.34    |  3: 90.86    |  4: 43.35    |  5: 83.62    |  6: 26.14    |  7: 57.73    |  8: 49.25    |  9: 92.84    |  10: 89.52    |  11: 44.88    |  12: 67.07    |  13: 83.96    |  14: 94.84    |  15: 85.21    |  16: 95.81    |  17: 73.95    |  18: 76.73    |  19: 82.41   
[Batch: 0503/2400] mIoU: 17.05  |  FB-IoU: 85.44 |  0: 88.53    |  1: 87.24    |  2: 91.34    |  3: 90.86    |  4: 43.35    |  5: 83.62    |  6: 26.14    |  7: 57.73    |  8: 49.25    |  9: 92.84    |  10: 89.52    |  11: 44.88    |  12: 67.07    |  13: 83.96    |  14: 94.84    |  15: 85.21    |  16: 95.81    |  17: 73.95    |  18: 76.73    |  19: 82.41   
[Batch: 0504/2400] mIoU: 17.07  |  FB-IoU: 85.46 |  0: 88.53    |  1: 87.24    |  2: 91.34    |  3: 90.86    |  4: 43.35    |  5: 83.62    |  6: 26.14    |  7: 57.73    |  8: 49.25    |  9: 92.84    |  10: 89.52    |  11: 44.88    |  12: 67.07    |  13: 83.96    |  14: 94.84    |  15: 85.21    |  16: 95.81    |  17: 73.95    |  18: 76.73    |  19: 82.41   
[Batch: 0505/2400] mIoU: 17.08  |  FB-IoU: 85.45 |  0: 88.53    |  1: 87.24    |  2: 91.34    |  3: 90.86    |  4: 43.35    |  5: 83.62    |  6: 26.14    |  7: 57.73    |  8: 49.25    |  9: 92.84    |  10: 89.52    |  11: 44.88    |  12: 67.07    |  13: 83.96    |  14: 94.84    |  15: 85.21    |  16: 95.81    |  17: 73.95    |  18: 76.73    |  19: 82.41   
[Batch: 0506/2400] mIoU: 17.11  |  FB-IoU: 85.48 |  0: 88.53    |  1: 87.24    |  2: 91.34    |  3: 90.86    |  4: 43.35    |  5: 83.62    |  6: 26.14    |  7: 57.73    |  8: 49.25    |  9: 92.84    |  10: 89.52    |  11: 44.88    |  12: 67.07    |  13: 83.96    |  14: 94.84    |  15: 85.21    |  16: 95.81    |  17: 73.95    |  18: 76.73    |  19: 82.41   
[Batch: 0507/2400] mIoU: 17.13  |  FB-IoU: 85.50 |  0: 88.53    |  1: 87.24    |  2: 91.34    |  3: 90.86    |  4: 43.35    |  5: 83.62    |  6: 26.14    |  7: 57.73    |  8: 49.25    |  9: 92.84    |  10: 89.52    |  11: 44.88    |  12: 67.07    |  13: 83.96    |  14: 94.84    |  15: 85.21    |  16: 95.81    |  17: 73.95    |  18: 76.73    |  19: 82.41   
[Batch: 0508/2400] mIoU: 17.14  |  FB-IoU: 85.53 |  0: 88.53    |  1: 87.24    |  2: 91.34    |  3: 90.86    |  4: 43.35    |  5: 83.62    |  6: 26.14    |  7: 57.73    |  8: 49.25    |  9: 92.84    |  10: 89.52    |  11: 44.88    |  12: 67.07    |  13: 83.96    |  14: 94.84    |  15: 85.21    |  16: 95.81    |  17: 73.95    |  18: 76.73    |  19: 82.41   
[Batch: 0509/2400] mIoU: 17.15  |  FB-IoU: 85.55 |  0: 88.53    |  1: 87.24    |  2: 91.34    |  3: 90.86    |  4: 43.35    |  5: 83.62    |  6: 26.14    |  7: 57.73    |  8: 49.25    |  9: 92.84    |  10: 89.52    |  11: 44.88    |  12: 67.07    |  13: 83.96    |  14: 94.84    |  15: 85.21    |  16: 95.81    |  17: 73.95    |  18: 76.73    |  19: 82.41   
[Batch: 0510/2400] mIoU: 17.14  |  FB-IoU: 85.49 |  0: 88.53    |  1: 87.24    |  2: 91.34    |  3: 90.86    |  4: 43.35    |  5: 83.62    |  6: 26.14    |  7: 57.73    |  8: 49.25    |  9: 92.84    |  10: 89.52    |  11: 44.88    |  12: 67.07    |  13: 83.96    |  14: 94.84    |  15: 85.21    |  16: 95.81    |  17: 73.95    |  18: 76.73    |  19: 82.41   
[Batch: 0511/2400] mIoU: 17.50  |  FB-IoU: 85.50 |  0: 88.53    |  1: 87.24    |  2: 91.34    |  3: 90.86    |  4: 43.35    |  5: 83.62    |  6: 26.14    |  7: 57.73    |  8: 49.25    |  9: 92.84    |  10: 89.52    |  11: 44.88    |  12: 67.07    |  13: 83.96    |  14: 94.84    |  15: 85.21    |  16: 95.81    |  17: 73.95    |  18: 76.73    |  19: 82.41   
[Batch: 0512/2400] mIoU: 17.50  |  FB-IoU: 85.50 |  0: 88.53    |  1: 87.24    |  2: 91.34    |  3: 90.86    |  4: 43.35    |  5: 83.62    |  6: 26.14    |  7: 57.73    |  8: 49.25    |  9: 92.84    |  10: 89.52    |  11: 44.88    |  12: 67.07    |  13: 83.96    |  14: 94.84    |  15: 85.21    |  16: 95.81    |  17: 73.95    |  18: 76.73    |  19: 82.41   
[Batch: 0513/2400] mIoU: 17.49  |  FB-IoU: 85.51 |  0: 88.53    |  1: 87.24    |  2: 91.34    |  3: 90.86    |  4: 43.35    |  5: 83.62    |  6: 26.14    |  7: 57.73    |  8: 49.25    |  9: 92.84    |  10: 89.52    |  11: 44.88    |  12: 67.07    |  13: 83.96    |  14: 94.84    |  15: 85.21    |  16: 95.81    |  17: 73.95    |  18: 76.73    |  19: 82.41   
[Batch: 0514/2400] mIoU: 17.49  |  FB-IoU: 85.52 |  0: 88.53    |  1: 87.24    |  2: 91.34    |  3: 90.86    |  4: 43.35    |  5: 83.62    |  6: 26.14    |  7: 57.73    |  8: 49.25    |  9: 92.84    |  10: 89.52    |  11: 44.88    |  12: 67.07    |  13: 83.96    |  14: 94.84    |  15: 85.21    |  16: 95.81    |  17: 73.95    |  18: 76.73    |  19: 82.41   
[Batch: 0515/2400] mIoU: 17.50  |  FB-IoU: 85.54 |  0: 88.53    |  1: 87.24    |  2: 91.34    |  3: 90.86    |  4: 43.35    |  5: 83.62    |  6: 26.14    |  7: 57.73    |  8: 49.25    |  9: 92.84    |  10: 89.52    |  11: 44.88    |  12: 67.07    |  13: 83.96    |  14: 94.84    |  15: 85.21    |  16: 95.81    |  17: 73.95    |  18: 76.73    |  19: 82.41   
[Batch: 0516/2400] mIoU: 17.48  |  FB-IoU: 85.53 |  0: 88.53    |  1: 87.24    |  2: 91.34    |  3: 90.86    |  4: 43.35    |  5: 83.62    |  6: 26.14    |  7: 57.73    |  8: 49.25    |  9: 92.84    |  10: 89.52    |  11: 44.88    |  12: 67.07    |  13: 83.96    |  14: 94.84    |  15: 85.21    |  16: 95.81    |  17: 73.95    |  18: 76.73    |  19: 82.41   
[Batch: 0517/2400] mIoU: 17.48  |  FB-IoU: 85.54 |  0: 88.53    |  1: 87.24    |  2: 91.34    |  3: 90.86    |  4: 43.35    |  5: 83.62    |  6: 26.14    |  7: 57.73    |  8: 49.25    |  9: 92.84    |  10: 89.52    |  11: 44.88    |  12: 67.07    |  13: 83.96    |  14: 94.84    |  15: 85.21    |  16: 95.81    |  17: 73.95    |  18: 76.73    |  19: 82.41   
[Batch: 0518/2400] mIoU: 17.48  |  FB-IoU: 85.55 |  0: 88.53    |  1: 87.24    |  2: 91.34    |  3: 90.86    |  4: 43.35    |  5: 83.62    |  6: 26.14    |  7: 57.73    |  8: 49.25    |  9: 92.84    |  10: 89.52    |  11: 44.88    |  12: 67.07    |  13: 83.96    |  14: 94.84    |  15: 85.21    |  16: 95.81    |  17: 73.95    |  18: 76.73    |  19: 82.41   
[Batch: 0519/2400] mIoU: 17.48  |  FB-IoU: 85.55 |  0: 88.53    |  1: 87.24    |  2: 91.34    |  3: 90.86    |  4: 43.35    |  5: 83.62    |  6: 26.14    |  7: 57.73    |  8: 49.25    |  9: 92.84    |  10: 89.52    |  11: 44.88    |  12: 67.07    |  13: 83.96    |  14: 94.84    |  15: 85.21    |  16: 95.81    |  17: 73.95    |  18: 76.73    |  19: 82.41   
[Batch: 0520/2400] mIoU: 17.48  |  FB-IoU: 85.56 |  0: 88.53    |  1: 87.24    |  2: 91.34    |  3: 90.86    |  4: 43.35    |  5: 83.62    |  6: 26.14    |  7: 57.73    |  8: 49.25    |  9: 92.84    |  10: 89.52    |  11: 44.88    |  12: 67.07    |  13: 83.96    |  14: 94.84    |  15: 85.21    |  16: 95.81    |  17: 73.95    |  18: 76.73    |  19: 82.41   
[Batch: 0521/2400] mIoU: 17.67  |  FB-IoU: 85.46 |  0: 88.53    |  1: 87.24    |  2: 91.34    |  3: 90.86    |  4: 43.35    |  5: 83.62    |  6: 26.14    |  7: 57.73    |  8: 49.25    |  9: 92.84    |  10: 89.52    |  11: 44.88    |  12: 67.07    |  13: 83.96    |  14: 94.84    |  15: 85.21    |  16: 95.81    |  17: 73.95    |  18: 76.73    |  19: 82.41   
[Batch: 0522/2400] mIoU: 17.58  |  FB-IoU: 85.14 |  0: 88.53    |  1: 87.24    |  2: 91.34    |  3: 90.86    |  4: 43.35    |  5: 83.62    |  6: 26.14    |  7: 57.73    |  8: 49.25    |  9: 92.84    |  10: 89.52    |  11: 44.88    |  12: 67.07    |  13: 83.96    |  14: 94.84    |  15: 85.21    |  16: 95.81    |  17: 73.95    |  18: 76.73    |  19: 82.41   
[Batch: 0523/2400] mIoU: 17.59  |  FB-IoU: 85.06 |  0: 88.53    |  1: 87.24    |  2: 91.34    |  3: 90.86    |  4: 43.35    |  5: 83.62    |  6: 26.14    |  7: 57.73    |  8: 49.25    |  9: 92.84    |  10: 89.52    |  11: 44.88    |  12: 67.07    |  13: 83.96    |  14: 94.84    |  15: 85.21    |  16: 95.81    |  17: 73.95    |  18: 76.73    |  19: 82.41   
[Batch: 0524/2400] mIoU: 17.57  |  FB-IoU: 84.72 |  0: 88.53    |  1: 87.24    |  2: 91.34    |  3: 90.86    |  4: 43.35    |  5: 83.62    |  6: 26.14    |  7: 57.73    |  8: 49.25    |  9: 92.84    |  10: 89.52    |  11: 44.88    |  12: 67.07    |  13: 83.96    |  14: 94.84    |  15: 85.21    |  16: 95.81    |  17: 73.95    |  18: 76.73    |  19: 82.41   
[Batch: 0525/2400] mIoU: 17.59  |  FB-IoU: 84.73 |  0: 88.53    |  1: 87.24    |  2: 91.34    |  3: 90.86    |  4: 43.35    |  5: 83.62    |  6: 26.14    |  7: 57.73    |  8: 49.25    |  9: 92.84    |  10: 89.52    |  11: 44.88    |  12: 67.07    |  13: 83.96    |  14: 94.84    |  15: 85.21    |  16: 95.81    |  17: 73.95    |  18: 76.73    |  19: 82.41   
[Batch: 0526/2400] mIoU: 17.59  |  FB-IoU: 84.48 |  0: 88.53    |  1: 87.24    |  2: 91.34    |  3: 90.86    |  4: 43.35    |  5: 83.62    |  6: 26.14    |  7: 57.73    |  8: 49.25    |  9: 92.84    |  10: 89.52    |  11: 44.88    |  12: 67.07    |  13: 83.96    |  14: 94.84    |  15: 85.21    |  16: 95.81    |  17: 73.95    |  18: 76.73    |  19: 82.41   
[Batch: 0527/2400] mIoU: 17.59  |  FB-IoU: 84.49 |  0: 88.53    |  1: 87.24    |  2: 91.34    |  3: 90.86    |  4: 43.35    |  5: 83.62    |  6: 26.14    |  7: 57.73    |  8: 49.25    |  9: 92.84    |  10: 89.52    |  11: 44.88    |  12: 67.07    |  13: 83.96    |  14: 94.84    |  15: 85.21    |  16: 95.81    |  17: 73.95    |  18: 76.73    |  19: 82.41   
[Batch: 0528/2400] mIoU: 17.58  |  FB-IoU: 84.15 |  0: 88.53    |  1: 87.24    |  2: 91.34    |  3: 90.86    |  4: 43.35    |  5: 83.62    |  6: 26.14    |  7: 57.73    |  8: 49.25    |  9: 92.84    |  10: 89.52    |  11: 44.88    |  12: 67.07    |  13: 83.96    |  14: 94.84    |  15: 85.21    |  16: 95.81    |  17: 73.95    |  18: 76.73    |  19: 82.41   
[Batch: 0529/2400] mIoU: 17.58  |  FB-IoU: 84.10 |  0: 88.53    |  1: 87.24    |  2: 91.34    |  3: 90.86    |  4: 43.35    |  5: 83.62    |  6: 26.14    |  7: 57.73    |  8: 49.25    |  9: 92.84    |  10: 89.52    |  11: 44.88    |  12: 67.07    |  13: 83.96    |  14: 94.84    |  15: 85.21    |  16: 95.81    |  17: 73.95    |  18: 76.73    |  19: 82.41   
[Batch: 0530/2400] mIoU: 17.59  |  FB-IoU: 84.11 |  0: 88.53    |  1: 87.24    |  2: 91.34    |  3: 90.86    |  4: 43.35    |  5: 83.62    |  6: 26.14    |  7: 57.73    |  8: 49.25    |  9: 92.84    |  10: 89.52    |  11: 44.88    |  12: 67.07    |  13: 83.96    |  14: 94.84    |  15: 85.21    |  16: 95.81    |  17: 73.95    |  18: 76.73    |  19: 82.41   
[Batch: 0531/2400] mIoU: 17.99  |  FB-IoU: 84.14 |  0: 88.53    |  1: 87.24    |  2: 91.34    |  3: 90.86    |  4: 43.35    |  5: 83.62    |  6: 26.14    |  7: 57.73    |  8: 49.25    |  9: 92.84    |  10: 89.52    |  11: 44.88    |  12: 67.07    |  13: 83.96    |  14: 94.84    |  15: 85.21    |  16: 95.81    |  17: 73.95    |  18: 76.73    |  19: 82.41   
[Batch: 0532/2400] mIoU: 17.99  |  FB-IoU: 84.16 |  0: 88.53    |  1: 87.24    |  2: 91.34    |  3: 90.86    |  4: 43.35    |  5: 83.62    |  6: 26.14    |  7: 57.73    |  8: 49.25    |  9: 92.84    |  10: 89.52    |  11: 44.88    |  12: 67.07    |  13: 83.96    |  14: 94.84    |  15: 85.21    |  16: 95.81    |  17: 73.95    |  18: 76.73    |  19: 82.41   
[Batch: 0533/2400] mIoU: 17.99  |  FB-IoU: 84.18 |  0: 88.53    |  1: 87.24    |  2: 91.34    |  3: 90.86    |  4: 43.35    |  5: 83.62    |  6: 26.14    |  7: 57.73    |  8: 49.25    |  9: 92.84    |  10: 89.52    |  11: 44.88    |  12: 67.07    |  13: 83.96    |  14: 94.84    |  15: 85.21    |  16: 95.81    |  17: 73.95    |  18: 76.73    |  19: 82.41   
[Batch: 0534/2400] mIoU: 17.99  |  FB-IoU: 84.21 |  0: 88.53    |  1: 87.24    |  2: 91.34    |  3: 90.86    |  4: 43.35    |  5: 83.62    |  6: 26.14    |  7: 57.73    |  8: 49.25    |  9: 92.84    |  10: 89.52    |  11: 44.88    |  12: 67.07    |  13: 83.96    |  14: 94.84    |  15: 85.21    |  16: 95.81    |  17: 73.95    |  18: 76.73    |  19: 82.41   
[Batch: 0535/2400] mIoU: 17.99  |  FB-IoU: 84.23 |  0: 88.53    |  1: 87.24    |  2: 91.34    |  3: 90.86    |  4: 43.35    |  5: 83.62    |  6: 26.14    |  7: 57.73    |  8: 49.25    |  9: 92.84    |  10: 89.52    |  11: 44.88    |  12: 67.07    |  13: 83.96    |  14: 94.84    |  15: 85.21    |  16: 95.81    |  17: 73.95    |  18: 76.73    |  19: 82.41   
[Batch: 0536/2400] mIoU: 17.99  |  FB-IoU: 84.26 |  0: 88.53    |  1: 87.24    |  2: 91.34    |  3: 90.86    |  4: 43.35    |  5: 83.62    |  6: 26.14    |  7: 57.73    |  8: 49.25    |  9: 92.84    |  10: 89.52    |  11: 44.88    |  12: 67.07    |  13: 83.96    |  14: 94.84    |  15: 85.21    |  16: 95.81    |  17: 73.95    |  18: 76.73    |  19: 82.41   
[Batch: 0537/2400] mIoU: 17.99  |  FB-IoU: 84.29 |  0: 88.53    |  1: 87.24    |  2: 91.34    |  3: 90.86    |  4: 43.35    |  5: 83.62    |  6: 26.14    |  7: 57.73    |  8: 49.25    |  9: 92.84    |  10: 89.52    |  11: 44.88    |  12: 67.07    |  13: 83.96    |  14: 94.84    |  15: 85.21    |  16: 95.81    |  17: 73.95    |  18: 76.73    |  19: 82.41   
[Batch: 0538/2400] mIoU: 17.99  |  FB-IoU: 84.31 |  0: 88.53    |  1: 87.24    |  2: 91.34    |  3: 90.86    |  4: 43.35    |  5: 83.62    |  6: 26.14    |  7: 57.73    |  8: 49.25    |  9: 92.84    |  10: 89.52    |  11: 44.88    |  12: 67.07    |  13: 83.96    |  14: 94.84    |  15: 85.21    |  16: 95.81    |  17: 73.95    |  18: 76.73    |  19: 82.41   
[Batch: 0539/2400] mIoU: 17.99  |  FB-IoU: 84.33 |  0: 88.53    |  1: 87.24    |  2: 91.34    |  3: 90.86    |  4: 43.35    |  5: 83.62    |  6: 26.14    |  7: 57.73    |  8: 49.25    |  9: 92.84    |  10: 89.52    |  11: 44.88    |  12: 67.07    |  13: 83.96    |  14: 94.84    |  15: 85.21    |  16: 95.81    |  17: 73.95    |  18: 76.73    |  19: 82.41   
[Batch: 0540/2400] mIoU: 17.99  |  FB-IoU: 84.37 |  0: 88.53    |  1: 87.24    |  2: 91.34    |  3: 90.86    |  4: 43.35    |  5: 83.62    |  6: 26.14    |  7: 57.73    |  8: 49.25    |  9: 92.84    |  10: 89.52    |  11: 44.88    |  12: 67.07    |  13: 83.96    |  14: 94.84    |  15: 85.21    |  16: 95.81    |  17: 73.95    |  18: 76.73    |  19: 82.41   
[Batch: 0541/2400] mIoU: 18.39  |  FB-IoU: 84.39 |  0: 88.53    |  1: 87.24    |  2: 91.34    |  3: 90.86    |  4: 43.35    |  5: 83.62    |  6: 26.14    |  7: 57.73    |  8: 49.25    |  9: 92.84    |  10: 89.52    |  11: 44.88    |  12: 67.07    |  13: 83.96    |  14: 94.84    |  15: 85.21    |  16: 95.81    |  17: 73.95    |  18: 76.73    |  19: 82.41   
[Batch: 0542/2400] mIoU: 18.39  |  FB-IoU: 84.42 |  0: 88.53    |  1: 87.24    |  2: 91.34    |  3: 90.86    |  4: 43.35    |  5: 83.62    |  6: 26.14    |  7: 57.73    |  8: 49.25    |  9: 92.84    |  10: 89.52    |  11: 44.88    |  12: 67.07    |  13: 83.96    |  14: 94.84    |  15: 85.21    |  16: 95.81    |  17: 73.95    |  18: 76.73    |  19: 82.41   
[Batch: 0543/2400] mIoU: 18.23  |  FB-IoU: 84.24 |  0: 88.53    |  1: 87.24    |  2: 91.34    |  3: 90.86    |  4: 43.35    |  5: 83.62    |  6: 26.14    |  7: 57.73    |  8: 49.25    |  9: 92.84    |  10: 89.52    |  11: 44.88    |  12: 67.07    |  13: 83.96    |  14: 94.84    |  15: 85.21    |  16: 95.81    |  17: 73.95    |  18: 76.73    |  19: 82.41   
[Batch: 0544/2400] mIoU: 18.27  |  FB-IoU: 84.28 |  0: 88.53    |  1: 87.24    |  2: 91.34    |  3: 90.86    |  4: 43.35    |  5: 83.62    |  6: 26.14    |  7: 57.73    |  8: 49.25    |  9: 92.84    |  10: 89.52    |  11: 44.88    |  12: 67.07    |  13: 83.96    |  14: 94.84    |  15: 85.21    |  16: 95.81    |  17: 73.95    |  18: 76.73    |  19: 82.41   
[Batch: 0545/2400] mIoU: 18.29  |  FB-IoU: 84.31 |  0: 88.53    |  1: 87.24    |  2: 91.34    |  3: 90.86    |  4: 43.35    |  5: 83.62    |  6: 26.14    |  7: 57.73    |  8: 49.25    |  9: 92.84    |  10: 89.52    |  11: 44.88    |  12: 67.07    |  13: 83.96    |  14: 94.84    |  15: 85.21    |  16: 95.81    |  17: 73.95    |  18: 76.73    |  19: 82.41   
[Batch: 0546/2400] mIoU: 18.31  |  FB-IoU: 84.34 |  0: 88.53    |  1: 87.24    |  2: 91.34    |  3: 90.86    |  4: 43.35    |  5: 83.62    |  6: 26.14    |  7: 57.73    |  8: 49.25    |  9: 92.84    |  10: 89.52    |  11: 44.88    |  12: 67.07    |  13: 83.96    |  14: 94.84    |  15: 85.21    |  16: 95.81    |  17: 73.95    |  18: 76.73    |  19: 82.41   
[Batch: 0547/2400] mIoU: 18.31  |  FB-IoU: 84.35 |  0: 88.53    |  1: 87.24    |  2: 91.34    |  3: 90.86    |  4: 43.35    |  5: 83.62    |  6: 26.14    |  7: 57.73    |  8: 49.25    |  9: 92.84    |  10: 89.52    |  11: 44.88    |  12: 67.07    |  13: 83.96    |  14: 94.84    |  15: 85.21    |  16: 95.81    |  17: 73.95    |  18: 76.73    |  19: 82.41   
[Batch: 0548/2400] mIoU: 18.33  |  FB-IoU: 84.39 |  0: 88.53    |  1: 87.24    |  2: 91.34    |  3: 90.86    |  4: 43.35    |  5: 83.62    |  6: 26.14    |  7: 57.73    |  8: 49.25    |  9: 92.84    |  10: 89.52    |  11: 44.88    |  12: 67.07    |  13: 83.96    |  14: 94.84    |  15: 85.21    |  16: 95.81    |  17: 73.95    |  18: 76.73    |  19: 82.41   
[Batch: 0549/2400] mIoU: 18.27  |  FB-IoU: 84.17 |  0: 88.53    |  1: 87.24    |  2: 91.34    |  3: 90.86    |  4: 43.35    |  5: 83.62    |  6: 26.14    |  7: 57.73    |  8: 49.25    |  9: 92.84    |  10: 89.52    |  11: 44.88    |  12: 67.07    |  13: 83.96    |  14: 94.84    |  15: 85.21    |  16: 95.81    |  17: 73.95    |  18: 76.73    |  19: 82.41   
[Batch: 0550/2400] mIoU: 18.28  |  FB-IoU: 84.19 |  0: 88.53    |  1: 87.24    |  2: 91.34    |  3: 90.86    |  4: 43.35    |  5: 83.62    |  6: 26.14    |  7: 57.73    |  8: 49.25    |  9: 92.84    |  10: 89.52    |  11: 44.88    |  12: 67.07    |  13: 83.96    |  14: 94.84    |  15: 85.21    |  16: 95.81    |  17: 73.95    |  18: 76.73    |  19: 82.41   
[Batch: 0551/2400] mIoU: 18.65  |  FB-IoU: 84.20 |  0: 88.53    |  1: 87.24    |  2: 91.34    |  3: 90.86    |  4: 43.35    |  5: 83.62    |  6: 26.14    |  7: 57.73    |  8: 49.25    |  9: 92.84    |  10: 89.52    |  11: 44.88    |  12: 67.07    |  13: 83.96    |  14: 94.84    |  15: 85.21    |  16: 95.81    |  17: 73.95    |  18: 76.73    |  19: 82.41   
[Batch: 0552/2400] mIoU: 18.65  |  FB-IoU: 84.22 |  0: 88.53    |  1: 87.24    |  2: 91.34    |  3: 90.86    |  4: 43.35    |  5: 83.62    |  6: 26.14    |  7: 57.73    |  8: 49.25    |  9: 92.84    |  10: 89.52    |  11: 44.88    |  12: 67.07    |  13: 83.96    |  14: 94.84    |  15: 85.21    |  16: 95.81    |  17: 73.95    |  18: 76.73    |  19: 82.41   
[Batch: 0553/2400] mIoU: 18.66  |  FB-IoU: 84.23 |  0: 88.53    |  1: 87.24    |  2: 91.34    |  3: 90.86    |  4: 43.35    |  5: 83.62    |  6: 26.14    |  7: 57.73    |  8: 49.25    |  9: 92.84    |  10: 89.52    |  11: 44.88    |  12: 67.07    |  13: 83.96    |  14: 94.84    |  15: 85.21    |  16: 95.81    |  17: 73.95    |  18: 76.73    |  19: 82.41   
[Batch: 0554/2400] mIoU: 18.64  |  FB-IoU: 84.24 |  0: 88.53    |  1: 87.24    |  2: 91.34    |  3: 90.86    |  4: 43.35    |  5: 83.62    |  6: 26.14    |  7: 57.73    |  8: 49.25    |  9: 92.84    |  10: 89.52    |  11: 44.88    |  12: 67.07    |  13: 83.96    |  14: 94.84    |  15: 85.21    |  16: 95.81    |  17: 73.95    |  18: 76.73    |  19: 82.41   
[Batch: 0555/2400] mIoU: 18.65  |  FB-IoU: 84.27 |  0: 88.53    |  1: 87.24    |  2: 91.34    |  3: 90.86    |  4: 43.35    |  5: 83.62    |  6: 26.14    |  7: 57.73    |  8: 49.25    |  9: 92.84    |  10: 89.52    |  11: 44.88    |  12: 67.07    |  13: 83.96    |  14: 94.84    |  15: 85.21    |  16: 95.81    |  17: 73.95    |  18: 76.73    |  19: 82.41   
[Batch: 0556/2400] mIoU: 18.66  |  FB-IoU: 84.29 |  0: 88.53    |  1: 87.24    |  2: 91.34    |  3: 90.86    |  4: 43.35    |  5: 83.62    |  6: 26.14    |  7: 57.73    |  8: 49.25    |  9: 92.84    |  10: 89.52    |  11: 44.88    |  12: 67.07    |  13: 83.96    |  14: 94.84    |  15: 85.21    |  16: 95.81    |  17: 73.95    |  18: 76.73    |  19: 82.41   
[Batch: 0557/2400] mIoU: 18.66  |  FB-IoU: 84.30 |  0: 88.53    |  1: 87.24    |  2: 91.34    |  3: 90.86    |  4: 43.35    |  5: 83.62    |  6: 26.14    |  7: 57.73    |  8: 49.25    |  9: 92.84    |  10: 89.52    |  11: 44.88    |  12: 67.07    |  13: 83.96    |  14: 94.84    |  15: 85.21    |  16: 95.81    |  17: 73.95    |  18: 76.73    |  19: 82.41   
[Batch: 0558/2400] mIoU: 18.66  |  FB-IoU: 84.32 |  0: 88.53    |  1: 87.24    |  2: 91.34    |  3: 90.86    |  4: 43.35    |  5: 83.62    |  6: 26.14    |  7: 57.73    |  8: 49.25    |  9: 92.84    |  10: 89.52    |  11: 44.88    |  12: 67.07    |  13: 83.96    |  14: 94.84    |  15: 85.21    |  16: 95.81    |  17: 73.95    |  18: 76.73    |  19: 82.41   
[Batch: 0559/2400] mIoU: 18.66  |  FB-IoU: 84.34 |  0: 88.53    |  1: 87.24    |  2: 91.34    |  3: 90.86    |  4: 43.35    |  5: 83.62    |  6: 26.14    |  7: 57.73    |  8: 49.25    |  9: 92.84    |  10: 89.52    |  11: 44.88    |  12: 67.07    |  13: 83.96    |  14: 94.84    |  15: 85.21    |  16: 95.81    |  17: 73.95    |  18: 76.73    |  19: 82.41   
[Batch: 0560/2400] mIoU: 18.66  |  FB-IoU: 84.35 |  0: 88.53    |  1: 87.24    |  2: 91.34    |  3: 90.86    |  4: 43.35    |  5: 83.62    |  6: 26.14    |  7: 57.73    |  8: 49.25    |  9: 92.84    |  10: 89.52    |  11: 44.88    |  12: 67.07    |  13: 83.96    |  14: 94.84    |  15: 85.21    |  16: 95.81    |  17: 73.95    |  18: 76.73    |  19: 82.41   
[Batch: 0561/2400] mIoU: 19.02  |  FB-IoU: 84.36 |  0: 88.53    |  1: 87.24    |  2: 91.34    |  3: 90.86    |  4: 43.35    |  5: 83.62    |  6: 26.14    |  7: 57.73    |  8: 49.25    |  9: 92.84    |  10: 89.52    |  11: 44.88    |  12: 67.07    |  13: 83.96    |  14: 94.84    |  15: 85.21    |  16: 95.81    |  17: 73.95    |  18: 76.73    |  19: 82.41   
[Batch: 0562/2400] mIoU: 19.04  |  FB-IoU: 84.38 |  0: 88.53    |  1: 87.24    |  2: 91.34    |  3: 90.86    |  4: 43.35    |  5: 83.62    |  6: 26.14    |  7: 57.73    |  8: 49.25    |  9: 92.84    |  10: 89.52    |  11: 44.88    |  12: 67.07    |  13: 83.96    |  14: 94.84    |  15: 85.21    |  16: 95.81    |  17: 73.95    |  18: 76.73    |  19: 82.41   
[Batch: 0563/2400] mIoU: 18.74  |  FB-IoU: 84.03 |  0: 88.53    |  1: 87.24    |  2: 91.34    |  3: 90.86    |  4: 43.35    |  5: 83.62    |  6: 26.14    |  7: 57.73    |  8: 49.25    |  9: 92.84    |  10: 89.52    |  11: 44.88    |  12: 67.07    |  13: 83.96    |  14: 94.84    |  15: 85.21    |  16: 95.81    |  17: 73.95    |  18: 76.73    |  19: 82.41   
[Batch: 0564/2400] mIoU: 18.79  |  FB-IoU: 84.05 |  0: 88.53    |  1: 87.24    |  2: 91.34    |  3: 90.86    |  4: 43.35    |  5: 83.62    |  6: 26.14    |  7: 57.73    |  8: 49.25    |  9: 92.84    |  10: 89.52    |  11: 44.88    |  12: 67.07    |  13: 83.96    |  14: 94.84    |  15: 85.21    |  16: 95.81    |  17: 73.95    |  18: 76.73    |  19: 82.41   
[Batch: 0565/2400] mIoU: 18.83  |  FB-IoU: 84.07 |  0: 88.53    |  1: 87.24    |  2: 91.34    |  3: 90.86    |  4: 43.35    |  5: 83.62    |  6: 26.14    |  7: 57.73    |  8: 49.25    |  9: 92.84    |  10: 89.52    |  11: 44.88    |  12: 67.07    |  13: 83.96    |  14: 94.84    |  15: 85.21    |  16: 95.81    |  17: 73.95    |  18: 76.73    |  19: 82.41   
[Batch: 0566/2400] mIoU: 18.85  |  FB-IoU: 84.08 |  0: 88.53    |  1: 87.24    |  2: 91.34    |  3: 90.86    |  4: 43.35    |  5: 83.62    |  6: 26.14    |  7: 57.73    |  8: 49.25    |  9: 92.84    |  10: 89.52    |  11: 44.88    |  12: 67.07    |  13: 83.96    |  14: 94.84    |  15: 85.21    |  16: 95.81    |  17: 73.95    |  18: 76.73    |  19: 82.41   
[Batch: 0567/2400] mIoU: 18.86  |  FB-IoU: 84.10 |  0: 88.53    |  1: 87.24    |  2: 91.34    |  3: 90.86    |  4: 43.35    |  5: 83.62    |  6: 26.14    |  7: 57.73    |  8: 49.25    |  9: 92.84    |  10: 89.52    |  11: 44.88    |  12: 67.07    |  13: 83.96    |  14: 94.84    |  15: 85.21    |  16: 95.81    |  17: 73.95    |  18: 76.73    |  19: 82.41   
[Batch: 0568/2400] mIoU: 18.88  |  FB-IoU: 84.12 |  0: 88.53    |  1: 87.24    |  2: 91.34    |  3: 90.86    |  4: 43.35    |  5: 83.62    |  6: 26.14    |  7: 57.73    |  8: 49.25    |  9: 92.84    |  10: 89.52    |  11: 44.88    |  12: 67.07    |  13: 83.96    |  14: 94.84    |  15: 85.21    |  16: 95.81    |  17: 73.95    |  18: 76.73    |  19: 82.41   
[Batch: 0569/2400] mIoU: 18.89  |  FB-IoU: 84.12 |  0: 88.53    |  1: 87.24    |  2: 91.34    |  3: 90.86    |  4: 43.35    |  5: 83.62    |  6: 26.14    |  7: 57.73    |  8: 49.25    |  9: 92.84    |  10: 89.52    |  11: 44.88    |  12: 67.07    |  13: 83.96    |  14: 94.84    |  15: 85.21    |  16: 95.81    |  17: 73.95    |  18: 76.73    |  19: 82.41   
[Batch: 0570/2400] mIoU: 18.90  |  FB-IoU: 84.14 |  0: 88.53    |  1: 87.24    |  2: 91.34    |  3: 90.86    |  4: 43.35    |  5: 83.62    |  6: 26.14    |  7: 57.73    |  8: 49.25    |  9: 92.84    |  10: 89.52    |  11: 44.88    |  12: 67.07    |  13: 83.96    |  14: 94.84    |  15: 85.21    |  16: 95.81    |  17: 73.95    |  18: 76.73    |  19: 82.41   
[Batch: 0571/2400] mIoU: 19.25  |  FB-IoU: 84.15 |  0: 88.53    |  1: 87.24    |  2: 91.34    |  3: 90.86    |  4: 43.35    |  5: 83.62    |  6: 26.14    |  7: 57.73    |  8: 49.25    |  9: 92.84    |  10: 89.52    |  11: 44.88    |  12: 67.07    |  13: 83.96    |  14: 94.84    |  15: 85.21    |  16: 95.81    |  17: 73.95    |  18: 76.73    |  19: 82.41   
[Batch: 0572/2400] mIoU: 19.25  |  FB-IoU: 84.16 |  0: 88.53    |  1: 87.24    |  2: 91.34    |  3: 90.86    |  4: 43.35    |  5: 83.62    |  6: 26.14    |  7: 57.73    |  8: 49.25    |  9: 92.84    |  10: 89.52    |  11: 44.88    |  12: 67.07    |  13: 83.96    |  14: 94.84    |  15: 85.21    |  16: 95.81    |  17: 73.95    |  18: 76.73    |  19: 82.41   
[Batch: 0573/2400] mIoU: 19.27  |  FB-IoU: 84.18 |  0: 88.53    |  1: 87.24    |  2: 91.34    |  3: 90.86    |  4: 43.35    |  5: 83.62    |  6: 26.14    |  7: 57.73    |  8: 49.25    |  9: 92.84    |  10: 89.52    |  11: 44.88    |  12: 67.07    |  13: 83.96    |  14: 94.84    |  15: 85.21    |  16: 95.81    |  17: 73.95    |  18: 76.73    |  19: 82.41   
[Batch: 0574/2400] mIoU: 19.26  |  FB-IoU: 84.18 |  0: 88.53    |  1: 87.24    |  2: 91.34    |  3: 90.86    |  4: 43.35    |  5: 83.62    |  6: 26.14    |  7: 57.73    |  8: 49.25    |  9: 92.84    |  10: 89.52    |  11: 44.88    |  12: 67.07    |  13: 83.96    |  14: 94.84    |  15: 85.21    |  16: 95.81    |  17: 73.95    |  18: 76.73    |  19: 82.41   
[Batch: 0575/2400] mIoU: 19.27  |  FB-IoU: 84.20 |  0: 88.53    |  1: 87.24    |  2: 91.34    |  3: 90.86    |  4: 43.35    |  5: 83.62    |  6: 26.14    |  7: 57.73    |  8: 49.25    |  9: 92.84    |  10: 89.52    |  11: 44.88    |  12: 67.07    |  13: 83.96    |  14: 94.84    |  15: 85.21    |  16: 95.81    |  17: 73.95    |  18: 76.73    |  19: 82.41   
[Batch: 0576/2400] mIoU: 19.26  |  FB-IoU: 84.21 |  0: 88.53    |  1: 87.24    |  2: 91.34    |  3: 90.86    |  4: 43.35    |  5: 83.62    |  6: 26.14    |  7: 57.73    |  8: 49.25    |  9: 92.84    |  10: 89.52    |  11: 44.88    |  12: 67.07    |  13: 83.96    |  14: 94.84    |  15: 85.21    |  16: 95.81    |  17: 73.95    |  18: 76.73    |  19: 82.41   
[Batch: 0577/2400] mIoU: 19.27  |  FB-IoU: 84.22 |  0: 88.53    |  1: 87.24    |  2: 91.34    |  3: 90.86    |  4: 43.35    |  5: 83.62    |  6: 26.14    |  7: 57.73    |  8: 49.25    |  9: 92.84    |  10: 89.52    |  11: 44.88    |  12: 67.07    |  13: 83.96    |  14: 94.84    |  15: 85.21    |  16: 95.81    |  17: 73.95    |  18: 76.73    |  19: 82.41   
[Batch: 0578/2400] mIoU: 19.27  |  FB-IoU: 84.23 |  0: 88.53    |  1: 87.24    |  2: 91.34    |  3: 90.86    |  4: 43.35    |  5: 83.62    |  6: 26.14    |  7: 57.73    |  8: 49.25    |  9: 92.84    |  10: 89.52    |  11: 44.88    |  12: 67.07    |  13: 83.96    |  14: 94.84    |  15: 85.21    |  16: 95.81    |  17: 73.95    |  18: 76.73    |  19: 82.41   
[Batch: 0579/2400] mIoU: 19.26  |  FB-IoU: 84.24 |  0: 88.53    |  1: 87.24    |  2: 91.34    |  3: 90.86    |  4: 43.35    |  5: 83.62    |  6: 26.14    |  7: 57.73    |  8: 49.25    |  9: 92.84    |  10: 89.52    |  11: 44.88    |  12: 67.07    |  13: 83.96    |  14: 94.84    |  15: 85.21    |  16: 95.81    |  17: 73.95    |  18: 76.73    |  19: 82.41   
[Batch: 0580/2400] mIoU: 19.26  |  FB-IoU: 84.25 |  0: 88.53    |  1: 87.24    |  2: 91.34    |  3: 90.86    |  4: 43.35    |  5: 83.62    |  6: 26.14    |  7: 57.73    |  8: 49.25    |  9: 92.84    |  10: 89.52    |  11: 44.88    |  12: 67.07    |  13: 83.96    |  14: 94.84    |  15: 85.21    |  16: 95.81    |  17: 73.95    |  18: 76.73    |  19: 82.41   
[Batch: 0581/2400] mIoU: 19.47  |  FB-IoU: 84.20 |  0: 88.53    |  1: 87.24    |  2: 91.34    |  3: 90.86    |  4: 43.35    |  5: 83.62    |  6: 26.14    |  7: 57.73    |  8: 49.25    |  9: 92.84    |  10: 89.52    |  11: 44.88    |  12: 67.07    |  13: 83.96    |  14: 94.84    |  15: 85.21    |  16: 95.81    |  17: 73.95    |  18: 76.73    |  19: 82.41   
[Batch: 0582/2400] mIoU: 19.38  |  FB-IoU: 83.98 |  0: 88.53    |  1: 87.24    |  2: 91.34    |  3: 90.86    |  4: 43.35    |  5: 83.62    |  6: 26.14    |  7: 57.73    |  8: 49.25    |  9: 92.84    |  10: 89.52    |  11: 44.88    |  12: 67.07    |  13: 83.96    |  14: 94.84    |  15: 85.21    |  16: 95.81    |  17: 73.95    |  18: 76.73    |  19: 82.41   
[Batch: 0583/2400] mIoU: 19.44  |  FB-IoU: 84.01 |  0: 88.53    |  1: 87.24    |  2: 91.34    |  3: 90.86    |  4: 43.35    |  5: 83.62    |  6: 26.14    |  7: 57.73    |  8: 49.25    |  9: 92.84    |  10: 89.52    |  11: 44.88    |  12: 67.07    |  13: 83.96    |  14: 94.84    |  15: 85.21    |  16: 95.81    |  17: 73.95    |  18: 76.73    |  19: 82.41   
[Batch: 0584/2400] mIoU: 19.47  |  FB-IoU: 84.03 |  0: 88.53    |  1: 87.24    |  2: 91.34    |  3: 90.86    |  4: 43.35    |  5: 83.62    |  6: 26.14    |  7: 57.73    |  8: 49.25    |  9: 92.84    |  10: 89.52    |  11: 44.88    |  12: 67.07    |  13: 83.96    |  14: 94.84    |  15: 85.21    |  16: 95.81    |  17: 73.95    |  18: 76.73    |  19: 82.41   
[Batch: 0585/2400] mIoU: 19.50  |  FB-IoU: 84.05 |  0: 88.53    |  1: 87.24    |  2: 91.34    |  3: 90.86    |  4: 43.35    |  5: 83.62    |  6: 26.14    |  7: 57.73    |  8: 49.25    |  9: 92.84    |  10: 89.52    |  11: 44.88    |  12: 67.07    |  13: 83.96    |  14: 94.84    |  15: 85.21    |  16: 95.81    |  17: 73.95    |  18: 76.73    |  19: 82.41   
[Batch: 0586/2400] mIoU: 19.50  |  FB-IoU: 84.01 |  0: 88.53    |  1: 87.24    |  2: 91.34    |  3: 90.86    |  4: 43.35    |  5: 83.62    |  6: 26.14    |  7: 57.73    |  8: 49.25    |  9: 92.84    |  10: 89.52    |  11: 44.88    |  12: 67.07    |  13: 83.96    |  14: 94.84    |  15: 85.21    |  16: 95.81    |  17: 73.95    |  18: 76.73    |  19: 82.41   
[Batch: 0587/2400] mIoU: 19.53  |  FB-IoU: 84.05 |  0: 88.53    |  1: 87.24    |  2: 91.34    |  3: 90.86    |  4: 43.35    |  5: 83.62    |  6: 26.14    |  7: 57.73    |  8: 49.25    |  9: 92.84    |  10: 89.52    |  11: 44.88    |  12: 67.07    |  13: 83.96    |  14: 94.84    |  15: 85.21    |  16: 95.81    |  17: 73.95    |  18: 76.73    |  19: 82.41   
[Batch: 0588/2400] mIoU: 19.55  |  FB-IoU: 84.08 |  0: 88.53    |  1: 87.24    |  2: 91.34    |  3: 90.86    |  4: 43.35    |  5: 83.62    |  6: 26.14    |  7: 57.73    |  8: 49.25    |  9: 92.84    |  10: 89.52    |  11: 44.88    |  12: 67.07    |  13: 83.96    |  14: 94.84    |  15: 85.21    |  16: 95.81    |  17: 73.95    |  18: 76.73    |  19: 82.41   
[Batch: 0589/2400] mIoU: 19.56  |  FB-IoU: 84.10 |  0: 88.53    |  1: 87.24    |  2: 91.34    |  3: 90.86    |  4: 43.35    |  5: 83.62    |  6: 26.14    |  7: 57.73    |  8: 49.25    |  9: 92.84    |  10: 89.52    |  11: 44.88    |  12: 67.07    |  13: 83.96    |  14: 94.84    |  15: 85.21    |  16: 95.81    |  17: 73.95    |  18: 76.73    |  19: 82.41   
[Batch: 0590/2400] mIoU: 19.56  |  FB-IoU: 84.12 |  0: 88.53    |  1: 87.24    |  2: 91.34    |  3: 90.86    |  4: 43.35    |  5: 83.62    |  6: 26.14    |  7: 57.73    |  8: 49.25    |  9: 92.84    |  10: 89.52    |  11: 44.88    |  12: 67.07    |  13: 83.96    |  14: 94.84    |  15: 85.21    |  16: 95.81    |  17: 73.95    |  18: 76.73    |  19: 82.41   
[Batch: 0591/2400] mIoU: 19.95  |  FB-IoU: 84.14 |  0: 88.53    |  1: 87.24    |  2: 91.34    |  3: 90.86    |  4: 43.35    |  5: 83.62    |  6: 26.14    |  7: 57.73    |  8: 49.25    |  9: 92.84    |  10: 89.52    |  11: 44.88    |  12: 67.07    |  13: 83.96    |  14: 94.84    |  15: 85.21    |  16: 95.81    |  17: 73.95    |  18: 76.73    |  19: 82.41   
[Batch: 0592/2400] mIoU: 19.95  |  FB-IoU: 84.15 |  0: 88.53    |  1: 87.24    |  2: 91.34    |  3: 90.86    |  4: 43.35    |  5: 83.62    |  6: 26.14    |  7: 57.73    |  8: 49.25    |  9: 92.84    |  10: 89.52    |  11: 44.88    |  12: 67.07    |  13: 83.96    |  14: 94.84    |  15: 85.21    |  16: 95.81    |  17: 73.95    |  18: 76.73    |  19: 82.41   
[Batch: 0593/2400] mIoU: 19.95  |  FB-IoU: 84.16 |  0: 88.53    |  1: 87.24    |  2: 91.34    |  3: 90.86    |  4: 43.35    |  5: 83.62    |  6: 26.14    |  7: 57.73    |  8: 49.25    |  9: 92.84    |  10: 89.52    |  11: 44.88    |  12: 67.07    |  13: 83.96    |  14: 94.84    |  15: 85.21    |  16: 95.81    |  17: 73.95    |  18: 76.73    |  19: 82.41   
[Batch: 0594/2400] mIoU: 19.94  |  FB-IoU: 84.17 |  0: 88.53    |  1: 87.24    |  2: 91.34    |  3: 90.86    |  4: 43.35    |  5: 83.62    |  6: 26.14    |  7: 57.73    |  8: 49.25    |  9: 92.84    |  10: 89.52    |  11: 44.88    |  12: 67.07    |  13: 83.96    |  14: 94.84    |  15: 85.21    |  16: 95.81    |  17: 73.95    |  18: 76.73    |  19: 82.41   
[Batch: 0595/2400] mIoU: 19.93  |  FB-IoU: 84.18 |  0: 88.53    |  1: 87.24    |  2: 91.34    |  3: 90.86    |  4: 43.35    |  5: 83.62    |  6: 26.14    |  7: 57.73    |  8: 49.25    |  9: 92.84    |  10: 89.52    |  11: 44.88    |  12: 67.07    |  13: 83.96    |  14: 94.84    |  15: 85.21    |  16: 95.81    |  17: 73.95    |  18: 76.73    |  19: 82.41   
[Batch: 0596/2400] mIoU: 19.93  |  FB-IoU: 84.19 |  0: 88.53    |  1: 87.24    |  2: 91.34    |  3: 90.86    |  4: 43.35    |  5: 83.62    |  6: 26.14    |  7: 57.73    |  8: 49.25    |  9: 92.84    |  10: 89.52    |  11: 44.88    |  12: 67.07    |  13: 83.96    |  14: 94.84    |  15: 85.21    |  16: 95.81    |  17: 73.95    |  18: 76.73    |  19: 82.41   
[Batch: 0597/2400] mIoU: 19.92  |  FB-IoU: 84.19 |  0: 88.53    |  1: 87.24    |  2: 91.34    |  3: 90.86    |  4: 43.35    |  5: 83.62    |  6: 26.14    |  7: 57.73    |  8: 49.25    |  9: 92.84    |  10: 89.52    |  11: 44.88    |  12: 67.07    |  13: 83.96    |  14: 94.84    |  15: 85.21    |  16: 95.81    |  17: 73.95    |  18: 76.73    |  19: 82.41   
[Batch: 0598/2400] mIoU: 19.92  |  FB-IoU: 84.20 |  0: 88.53    |  1: 87.24    |  2: 91.34    |  3: 90.86    |  4: 43.35    |  5: 83.62    |  6: 26.14    |  7: 57.73    |  8: 49.25    |  9: 92.84    |  10: 89.52    |  11: 44.88    |  12: 67.07    |  13: 83.96    |  14: 94.84    |  15: 85.21    |  16: 95.81    |  17: 73.95    |  18: 76.73    |  19: 82.41   
[Batch: 0599/2400] mIoU: 19.92  |  FB-IoU: 84.20 |  0: 88.53    |  1: 87.24    |  2: 91.34    |  3: 90.86    |  4: 43.35    |  5: 83.62    |  6: 26.14    |  7: 57.73    |  8: 49.25    |  9: 92.84    |  10: 89.52    |  11: 44.88    |  12: 67.07    |  13: 83.96    |  14: 94.84    |  15: 85.21    |  16: 95.81    |  17: 73.95    |  18: 76.73    |  19: 82.41   
[Batch: 0600/2400] mIoU: 19.91  |  FB-IoU: 84.21 |  0: 88.53    |  1: 87.24    |  2: 91.34    |  3: 90.86    |  4: 43.35    |  5: 83.62    |  6: 26.14    |  7: 57.73    |  8: 49.25    |  9: 92.84    |  10: 89.52    |  11: 44.88    |  12: 67.07    |  13: 83.96    |  14: 94.84    |  15: 85.21    |  16: 95.81    |  17: 73.95    |  18: 76.73    |  19: 82.41   
[Batch: 0601/2400] mIoU: 20.25  |  FB-IoU: 84.22 |  0: 88.53    |  1: 87.24    |  2: 91.34    |  3: 90.86    |  4: 43.35    |  5: 83.62    |  6: 26.14    |  7: 57.73    |  8: 49.25    |  9: 92.84    |  10: 89.52    |  11: 44.88    |  12: 67.07    |  13: 83.96    |  14: 94.84    |  15: 85.21    |  16: 95.81    |  17: 73.95    |  18: 76.73    |  19: 82.41   
[Batch: 0602/2400] mIoU: 20.28  |  FB-IoU: 84.23 |  0: 88.53    |  1: 87.24    |  2: 91.34    |  3: 90.86    |  4: 43.35    |  5: 83.62    |  6: 26.14    |  7: 57.73    |  8: 49.25    |  9: 92.84    |  10: 89.52    |  11: 44.88    |  12: 67.07    |  13: 83.96    |  14: 94.84    |  15: 85.21    |  16: 95.81    |  17: 73.95    |  18: 76.73    |  19: 82.41   
[Batch: 0603/2400] mIoU: 20.28  |  FB-IoU: 84.24 |  0: 88.53    |  1: 87.24    |  2: 91.34    |  3: 90.86    |  4: 43.35    |  5: 83.62    |  6: 26.14    |  7: 57.73    |  8: 49.25    |  9: 92.84    |  10: 89.52    |  11: 44.88    |  12: 67.07    |  13: 83.96    |  14: 94.84    |  15: 85.21    |  16: 95.81    |  17: 73.95    |  18: 76.73    |  19: 82.41   
[Batch: 0604/2400] mIoU: 20.28  |  FB-IoU: 84.25 |  0: 88.53    |  1: 87.24    |  2: 91.34    |  3: 90.86    |  4: 43.35    |  5: 83.62    |  6: 26.14    |  7: 57.73    |  8: 49.25    |  9: 92.84    |  10: 89.52    |  11: 44.88    |  12: 67.07    |  13: 83.96    |  14: 94.84    |  15: 85.21    |  16: 95.81    |  17: 73.95    |  18: 76.73    |  19: 82.41   
[Batch: 0605/2400] mIoU: 20.28  |  FB-IoU: 84.26 |  0: 88.53    |  1: 87.24    |  2: 91.34    |  3: 90.86    |  4: 43.35    |  5: 83.62    |  6: 26.14    |  7: 57.73    |  8: 49.25    |  9: 92.84    |  10: 89.52    |  11: 44.88    |  12: 67.07    |  13: 83.96    |  14: 94.84    |  15: 85.21    |  16: 95.81    |  17: 73.95    |  18: 76.73    |  19: 82.41   
[Batch: 0606/2400] mIoU: 20.29  |  FB-IoU: 84.27 |  0: 88.53    |  1: 87.24    |  2: 91.34    |  3: 90.86    |  4: 43.35    |  5: 83.62    |  6: 26.14    |  7: 57.73    |  8: 49.25    |  9: 92.84    |  10: 89.52    |  11: 44.88    |  12: 67.07    |  13: 83.96    |  14: 94.84    |  15: 85.21    |  16: 95.81    |  17: 73.95    |  18: 76.73    |  19: 82.41   
[Batch: 0607/2400] mIoU: 20.29  |  FB-IoU: 84.29 |  0: 88.53    |  1: 87.24    |  2: 91.34    |  3: 90.86    |  4: 43.35    |  5: 83.62    |  6: 26.14    |  7: 57.73    |  8: 49.25    |  9: 92.84    |  10: 89.52    |  11: 44.88    |  12: 67.07    |  13: 83.96    |  14: 94.84    |  15: 85.21    |  16: 95.81    |  17: 73.95    |  18: 76.73    |  19: 82.41   
[Batch: 0608/2400] mIoU: 20.29  |  FB-IoU: 84.29 |  0: 88.53    |  1: 87.24    |  2: 91.34    |  3: 90.86    |  4: 43.35    |  5: 83.62    |  6: 26.14    |  7: 57.73    |  8: 49.25    |  9: 92.84    |  10: 89.52    |  11: 44.88    |  12: 67.07    |  13: 83.96    |  14: 94.84    |  15: 85.21    |  16: 95.81    |  17: 73.95    |  18: 76.73    |  19: 82.41   
[Batch: 0609/2400] mIoU: 20.29  |  FB-IoU: 84.30 |  0: 88.53    |  1: 87.24    |  2: 91.34    |  3: 90.86    |  4: 43.35    |  5: 83.62    |  6: 26.14    |  7: 57.73    |  8: 49.25    |  9: 92.84    |  10: 89.52    |  11: 44.88    |  12: 67.07    |  13: 83.96    |  14: 94.84    |  15: 85.21    |  16: 95.81    |  17: 73.95    |  18: 76.73    |  19: 82.41   
[Batch: 0610/2400] mIoU: 20.29  |  FB-IoU: 84.32 |  0: 88.53    |  1: 87.24    |  2: 91.34    |  3: 90.86    |  4: 43.35    |  5: 83.62    |  6: 26.14    |  7: 57.73    |  8: 49.25    |  9: 92.84    |  10: 89.52    |  11: 44.88    |  12: 67.07    |  13: 83.96    |  14: 94.84    |  15: 85.21    |  16: 95.81    |  17: 73.95    |  18: 76.73    |  19: 82.41   
[Batch: 0611/2400] mIoU: 20.65  |  FB-IoU: 84.33 |  0: 88.53    |  1: 87.24    |  2: 91.34    |  3: 90.86    |  4: 43.35    |  5: 83.62    |  6: 26.14    |  7: 57.73    |  8: 49.25    |  9: 92.84    |  10: 89.52    |  11: 44.88    |  12: 67.07    |  13: 83.96    |  14: 94.84    |  15: 85.21    |  16: 95.81    |  17: 73.95    |  18: 76.73    |  19: 82.41   
[Batch: 0612/2400] mIoU: 20.61  |  FB-IoU: 84.31 |  0: 88.53    |  1: 87.24    |  2: 91.34    |  3: 90.86    |  4: 43.35    |  5: 83.62    |  6: 26.14    |  7: 57.73    |  8: 49.25    |  9: 92.84    |  10: 89.52    |  11: 44.88    |  12: 67.07    |  13: 83.96    |  14: 94.84    |  15: 85.21    |  16: 95.81    |  17: 73.95    |  18: 76.73    |  19: 82.41   
[Batch: 0613/2400] mIoU: 20.63  |  FB-IoU: 84.33 |  0: 88.53    |  1: 87.24    |  2: 91.34    |  3: 90.86    |  4: 43.35    |  5: 83.62    |  6: 26.14    |  7: 57.73    |  8: 49.25    |  9: 92.84    |  10: 89.52    |  11: 44.88    |  12: 67.07    |  13: 83.96    |  14: 94.84    |  15: 85.21    |  16: 95.81    |  17: 73.95    |  18: 76.73    |  19: 82.41   
[Batch: 0614/2400] mIoU: 20.62  |  FB-IoU: 84.33 |  0: 88.53    |  1: 87.24    |  2: 91.34    |  3: 90.86    |  4: 43.35    |  5: 83.62    |  6: 26.14    |  7: 57.73    |  8: 49.25    |  9: 92.84    |  10: 89.52    |  11: 44.88    |  12: 67.07    |  13: 83.96    |  14: 94.84    |  15: 85.21    |  16: 95.81    |  17: 73.95    |  18: 76.73    |  19: 82.41   
[Batch: 0615/2400] mIoU: 20.59  |  FB-IoU: 84.27 |  0: 88.53    |  1: 87.24    |  2: 91.34    |  3: 90.86    |  4: 43.35    |  5: 83.62    |  6: 26.14    |  7: 57.73    |  8: 49.25    |  9: 92.84    |  10: 89.52    |  11: 44.88    |  12: 67.07    |  13: 83.96    |  14: 94.84    |  15: 85.21    |  16: 95.81    |  17: 73.95    |  18: 76.73    |  19: 82.41   
[Batch: 0616/2400] mIoU: 20.60  |  FB-IoU: 84.29 |  0: 88.53    |  1: 87.24    |  2: 91.34    |  3: 90.86    |  4: 43.35    |  5: 83.62    |  6: 26.14    |  7: 57.73    |  8: 49.25    |  9: 92.84    |  10: 89.52    |  11: 44.88    |  12: 67.07    |  13: 83.96    |  14: 94.84    |  15: 85.21    |  16: 95.81    |  17: 73.95    |  18: 76.73    |  19: 82.41   
[Batch: 0617/2400] mIoU: 20.53  |  FB-IoU: 84.06 |  0: 88.53    |  1: 87.24    |  2: 91.34    |  3: 90.86    |  4: 43.35    |  5: 83.62    |  6: 26.14    |  7: 57.73    |  8: 49.25    |  9: 92.84    |  10: 89.52    |  11: 44.88    |  12: 67.07    |  13: 83.96    |  14: 94.84    |  15: 85.21    |  16: 95.81    |  17: 73.95    |  18: 76.73    |  19: 82.41   
[Batch: 0618/2400] mIoU: 20.54  |  FB-IoU: 84.07 |  0: 88.53    |  1: 87.24    |  2: 91.34    |  3: 90.86    |  4: 43.35    |  5: 83.62    |  6: 26.14    |  7: 57.73    |  8: 49.25    |  9: 92.84    |  10: 89.52    |  11: 44.88    |  12: 67.07    |  13: 83.96    |  14: 94.84    |  15: 85.21    |  16: 95.81    |  17: 73.95    |  18: 76.73    |  19: 82.41   
[Batch: 0619/2400] mIoU: 20.55  |  FB-IoU: 84.09 |  0: 88.53    |  1: 87.24    |  2: 91.34    |  3: 90.86    |  4: 43.35    |  5: 83.62    |  6: 26.14    |  7: 57.73    |  8: 49.25    |  9: 92.84    |  10: 89.52    |  11: 44.88    |  12: 67.07    |  13: 83.96    |  14: 94.84    |  15: 85.21    |  16: 95.81    |  17: 73.95    |  18: 76.73    |  19: 82.41   
[Batch: 0620/2400] mIoU: 20.56  |  FB-IoU: 84.09 |  0: 88.53    |  1: 87.24    |  2: 91.34    |  3: 90.86    |  4: 43.35    |  5: 83.62    |  6: 26.14    |  7: 57.73    |  8: 49.25    |  9: 92.84    |  10: 89.52    |  11: 44.88    |  12: 67.07    |  13: 83.96    |  14: 94.84    |  15: 85.21    |  16: 95.81    |  17: 73.95    |  18: 76.73    |  19: 82.41   
[Batch: 0621/2400] mIoU: 20.93  |  FB-IoU: 84.10 |  0: 88.53    |  1: 87.24    |  2: 91.34    |  3: 90.86    |  4: 43.35    |  5: 83.62    |  6: 26.14    |  7: 57.73    |  8: 49.25    |  9: 92.84    |  10: 89.52    |  11: 44.88    |  12: 67.07    |  13: 83.96    |  14: 94.84    |  15: 85.21    |  16: 95.81    |  17: 73.95    |  18: 76.73    |  19: 82.41   
[Batch: 0622/2400] mIoU: 20.95  |  FB-IoU: 84.11 |  0: 88.53    |  1: 87.24    |  2: 91.34    |  3: 90.86    |  4: 43.35    |  5: 83.62    |  6: 26.14    |  7: 57.73    |  8: 49.25    |  9: 92.84    |  10: 89.52    |  11: 44.88    |  12: 67.07    |  13: 83.96    |  14: 94.84    |  15: 85.21    |  16: 95.81    |  17: 73.95    |  18: 76.73    |  19: 82.41   
[Batch: 0623/2400] mIoU: 20.95  |  FB-IoU: 84.13 |  0: 88.53    |  1: 87.24    |  2: 91.34    |  3: 90.86    |  4: 43.35    |  5: 83.62    |  6: 26.14    |  7: 57.73    |  8: 49.25    |  9: 92.84    |  10: 89.52    |  11: 44.88    |  12: 67.07    |  13: 83.96    |  14: 94.84    |  15: 85.21    |  16: 95.81    |  17: 73.95    |  18: 76.73    |  19: 82.41   
[Batch: 0624/2400] mIoU: 20.96  |  FB-IoU: 84.15 |  0: 88.53    |  1: 87.24    |  2: 91.34    |  3: 90.86    |  4: 43.35    |  5: 83.62    |  6: 26.14    |  7: 57.73    |  8: 49.25    |  9: 92.84    |  10: 89.52    |  11: 44.88    |  12: 67.07    |  13: 83.96    |  14: 94.84    |  15: 85.21    |  16: 95.81    |  17: 73.95    |  18: 76.73    |  19: 82.41   
[Batch: 0625/2400] mIoU: 20.95  |  FB-IoU: 84.16 |  0: 88.53    |  1: 87.24    |  2: 91.34    |  3: 90.86    |  4: 43.35    |  5: 83.62    |  6: 26.14    |  7: 57.73    |  8: 49.25    |  9: 92.84    |  10: 89.52    |  11: 44.88    |  12: 67.07    |  13: 83.96    |  14: 94.84    |  15: 85.21    |  16: 95.81    |  17: 73.95    |  18: 76.73    |  19: 82.41   
[Batch: 0626/2400] mIoU: 20.95  |  FB-IoU: 84.18 |  0: 88.53    |  1: 87.24    |  2: 91.34    |  3: 90.86    |  4: 43.35    |  5: 83.62    |  6: 26.14    |  7: 57.73    |  8: 49.25    |  9: 92.84    |  10: 89.52    |  11: 44.88    |  12: 67.07    |  13: 83.96    |  14: 94.84    |  15: 85.21    |  16: 95.81    |  17: 73.95    |  18: 76.73    |  19: 82.41   
[Batch: 0627/2400] mIoU: 20.95  |  FB-IoU: 84.20 |  0: 88.53    |  1: 87.24    |  2: 91.34    |  3: 90.86    |  4: 43.35    |  5: 83.62    |  6: 26.14    |  7: 57.73    |  8: 49.25    |  9: 92.84    |  10: 89.52    |  11: 44.88    |  12: 67.07    |  13: 83.96    |  14: 94.84    |  15: 85.21    |  16: 95.81    |  17: 73.95    |  18: 76.73    |  19: 82.41   
[Batch: 0628/2400] mIoU: 20.95  |  FB-IoU: 84.21 |  0: 88.53    |  1: 87.24    |  2: 91.34    |  3: 90.86    |  4: 43.35    |  5: 83.62    |  6: 26.14    |  7: 57.73    |  8: 49.25    |  9: 92.84    |  10: 89.52    |  11: 44.88    |  12: 67.07    |  13: 83.96    |  14: 94.84    |  15: 85.21    |  16: 95.81    |  17: 73.95    |  18: 76.73    |  19: 82.41   
[Batch: 0629/2400] mIoU: 20.96  |  FB-IoU: 84.23 |  0: 88.53    |  1: 87.24    |  2: 91.34    |  3: 90.86    |  4: 43.35    |  5: 83.62    |  6: 26.14    |  7: 57.73    |  8: 49.25    |  9: 92.84    |  10: 89.52    |  11: 44.88    |  12: 67.07    |  13: 83.96    |  14: 94.84    |  15: 85.21    |  16: 95.81    |  17: 73.95    |  18: 76.73    |  19: 82.41   
[Batch: 0630/2400] mIoU: 20.96  |  FB-IoU: 84.24 |  0: 88.53    |  1: 87.24    |  2: 91.34    |  3: 90.86    |  4: 43.35    |  5: 83.62    |  6: 26.14    |  7: 57.73    |  8: 49.25    |  9: 92.84    |  10: 89.52    |  11: 44.88    |  12: 67.07    |  13: 83.96    |  14: 94.84    |  15: 85.21    |  16: 95.81    |  17: 73.95    |  18: 76.73    |  19: 82.41   
[Batch: 0631/2400] mIoU: 21.33  |  FB-IoU: 84.25 |  0: 88.53    |  1: 87.24    |  2: 91.34    |  3: 90.86    |  4: 43.35    |  5: 83.62    |  6: 26.14    |  7: 57.73    |  8: 49.25    |  9: 92.84    |  10: 89.52    |  11: 44.88    |  12: 67.07    |  13: 83.96    |  14: 94.84    |  15: 85.21    |  16: 95.81    |  17: 73.95    |  18: 76.73    |  19: 82.41   
[Batch: 0632/2400] mIoU: 21.33  |  FB-IoU: 84.26 |  0: 88.53    |  1: 87.24    |  2: 91.34    |  3: 90.86    |  4: 43.35    |  5: 83.62    |  6: 26.14    |  7: 57.73    |  8: 49.25    |  9: 92.84    |  10: 89.52    |  11: 44.88    |  12: 67.07    |  13: 83.96    |  14: 94.84    |  15: 85.21    |  16: 95.81    |  17: 73.95    |  18: 76.73    |  19: 82.41   
[Batch: 0633/2400] mIoU: 21.32  |  FB-IoU: 84.27 |  0: 88.53    |  1: 87.24    |  2: 91.34    |  3: 90.86    |  4: 43.35    |  5: 83.62    |  6: 26.14    |  7: 57.73    |  8: 49.25    |  9: 92.84    |  10: 89.52    |  11: 44.88    |  12: 67.07    |  13: 83.96    |  14: 94.84    |  15: 85.21    |  16: 95.81    |  17: 73.95    |  18: 76.73    |  19: 82.41   
[Batch: 0634/2400] mIoU: 21.33  |  FB-IoU: 84.28 |  0: 88.53    |  1: 87.24    |  2: 91.34    |  3: 90.86    |  4: 43.35    |  5: 83.62    |  6: 26.14    |  7: 57.73    |  8: 49.25    |  9: 92.84    |  10: 89.52    |  11: 44.88    |  12: 67.07    |  13: 83.96    |  14: 94.84    |  15: 85.21    |  16: 95.81    |  17: 73.95    |  18: 76.73    |  19: 82.41   
[Batch: 0635/2400] mIoU: 21.32  |  FB-IoU: 84.29 |  0: 88.53    |  1: 87.24    |  2: 91.34    |  3: 90.86    |  4: 43.35    |  5: 83.62    |  6: 26.14    |  7: 57.73    |  8: 49.25    |  9: 92.84    |  10: 89.52    |  11: 44.88    |  12: 67.07    |  13: 83.96    |  14: 94.84    |  15: 85.21    |  16: 95.81    |  17: 73.95    |  18: 76.73    |  19: 82.41   
[Batch: 0636/2400] mIoU: 21.20  |  FB-IoU: 84.19 |  0: 88.53    |  1: 87.24    |  2: 91.34    |  3: 90.86    |  4: 43.35    |  5: 83.62    |  6: 26.14    |  7: 57.73    |  8: 49.25    |  9: 92.84    |  10: 89.52    |  11: 44.88    |  12: 67.07    |  13: 83.96    |  14: 94.84    |  15: 85.21    |  16: 95.81    |  17: 73.95    |  18: 76.73    |  19: 82.41   
[Batch: 0637/2400] mIoU: 21.21  |  FB-IoU: 84.19 |  0: 88.53    |  1: 87.24    |  2: 91.34    |  3: 90.86    |  4: 43.35    |  5: 83.62    |  6: 26.14    |  7: 57.73    |  8: 49.25    |  9: 92.84    |  10: 89.52    |  11: 44.88    |  12: 67.07    |  13: 83.96    |  14: 94.84    |  15: 85.21    |  16: 95.81    |  17: 73.95    |  18: 76.73    |  19: 82.41   
[Batch: 0638/2400] mIoU: 21.22  |  FB-IoU: 84.20 |  0: 88.53    |  1: 87.24    |  2: 91.34    |  3: 90.86    |  4: 43.35    |  5: 83.62    |  6: 26.14    |  7: 57.73    |  8: 49.25    |  9: 92.84    |  10: 89.52    |  11: 44.88    |  12: 67.07    |  13: 83.96    |  14: 94.84    |  15: 85.21    |  16: 95.81    |  17: 73.95    |  18: 76.73    |  19: 82.41   
[Batch: 0639/2400] mIoU: 21.23  |  FB-IoU: 84.21 |  0: 88.53    |  1: 87.24    |  2: 91.34    |  3: 90.86    |  4: 43.35    |  5: 83.62    |  6: 26.14    |  7: 57.73    |  8: 49.25    |  9: 92.84    |  10: 89.52    |  11: 44.88    |  12: 67.07    |  13: 83.96    |  14: 94.84    |  15: 85.21    |  16: 95.81    |  17: 73.95    |  18: 76.73    |  19: 82.41   
[Batch: 0640/2400] mIoU: 21.23  |  FB-IoU: 84.22 |  0: 88.53    |  1: 87.24    |  2: 91.34    |  3: 90.86    |  4: 43.35    |  5: 83.62    |  6: 26.14    |  7: 57.73    |  8: 49.25    |  9: 92.84    |  10: 89.52    |  11: 44.88    |  12: 67.07    |  13: 83.96    |  14: 94.84    |  15: 85.21    |  16: 95.81    |  17: 73.95    |  18: 76.73    |  19: 82.41   
[Batch: 0641/2400] mIoU: 21.64  |  FB-IoU: 84.26 |  0: 88.53    |  1: 87.24    |  2: 91.34    |  3: 90.86    |  4: 43.35    |  5: 83.62    |  6: 26.14    |  7: 57.73    |  8: 49.25    |  9: 92.84    |  10: 89.52    |  11: 44.88    |  12: 67.07    |  13: 83.96    |  14: 94.84    |  15: 85.21    |  16: 95.81    |  17: 73.95    |  18: 76.73    |  19: 82.41   
[Batch: 0642/2400] mIoU: 21.64  |  FB-IoU: 84.29 |  0: 88.53    |  1: 87.24    |  2: 91.34    |  3: 90.86    |  4: 43.35    |  5: 83.62    |  6: 26.14    |  7: 57.73    |  8: 49.25    |  9: 92.84    |  10: 89.52    |  11: 44.88    |  12: 67.07    |  13: 83.96    |  14: 94.84    |  15: 85.21    |  16: 95.81    |  17: 73.95    |  18: 76.73    |  19: 82.41   
[Batch: 0643/2400] mIoU: 21.64  |  FB-IoU: 84.33 |  0: 88.53    |  1: 87.24    |  2: 91.34    |  3: 90.86    |  4: 43.35    |  5: 83.62    |  6: 26.14    |  7: 57.73    |  8: 49.25    |  9: 92.84    |  10: 89.52    |  11: 44.88    |  12: 67.07    |  13: 83.96    |  14: 94.84    |  15: 85.21    |  16: 95.81    |  17: 73.95    |  18: 76.73    |  19: 82.41   
[Batch: 0644/2400] mIoU: 21.64  |  FB-IoU: 84.35 |  0: 88.53    |  1: 87.24    |  2: 91.34    |  3: 90.86    |  4: 43.35    |  5: 83.62    |  6: 26.14    |  7: 57.73    |  8: 49.25    |  9: 92.84    |  10: 89.52    |  11: 44.88    |  12: 67.07    |  13: 83.96    |  14: 94.84    |  15: 85.21    |  16: 95.81    |  17: 73.95    |  18: 76.73    |  19: 82.41   
[Batch: 0645/2400] mIoU: 21.64  |  FB-IoU: 84.38 |  0: 88.53    |  1: 87.24    |  2: 91.34    |  3: 90.86    |  4: 43.35    |  5: 83.62    |  6: 26.14    |  7: 57.73    |  8: 49.25    |  9: 92.84    |  10: 89.52    |  11: 44.88    |  12: 67.07    |  13: 83.96    |  14: 94.84    |  15: 85.21    |  16: 95.81    |  17: 73.95    |  18: 76.73    |  19: 82.41   
[Batch: 0646/2400] mIoU: 21.59  |  FB-IoU: 84.29 |  0: 88.53    |  1: 87.24    |  2: 91.34    |  3: 90.86    |  4: 43.35    |  5: 83.62    |  6: 26.14    |  7: 57.73    |  8: 49.25    |  9: 92.84    |  10: 89.52    |  11: 44.88    |  12: 67.07    |  13: 83.96    |  14: 94.84    |  15: 85.21    |  16: 95.81    |  17: 73.95    |  18: 76.73    |  19: 82.41   
[Batch: 0647/2400] mIoU: 21.59  |  FB-IoU: 84.30 |  0: 88.53    |  1: 87.24    |  2: 91.34    |  3: 90.86    |  4: 43.35    |  5: 83.62    |  6: 26.14    |  7: 57.73    |  8: 49.25    |  9: 92.84    |  10: 89.52    |  11: 44.88    |  12: 67.07    |  13: 83.96    |  14: 94.84    |  15: 85.21    |  16: 95.81    |  17: 73.95    |  18: 76.73    |  19: 82.41   
[Batch: 0648/2400] mIoU: 21.60  |  FB-IoU: 84.33 |  0: 88.53    |  1: 87.24    |  2: 91.34    |  3: 90.86    |  4: 43.35    |  5: 83.62    |  6: 26.14    |  7: 57.73    |  8: 49.25    |  9: 92.84    |  10: 89.52    |  11: 44.88    |  12: 67.07    |  13: 83.96    |  14: 94.84    |  15: 85.21    |  16: 95.81    |  17: 73.95    |  18: 76.73    |  19: 82.41   
[Batch: 0649/2400] mIoU: 21.60  |  FB-IoU: 84.36 |  0: 88.53    |  1: 87.24    |  2: 91.34    |  3: 90.86    |  4: 43.35    |  5: 83.62    |  6: 26.14    |  7: 57.73    |  8: 49.25    |  9: 92.84    |  10: 89.52    |  11: 44.88    |  12: 67.07    |  13: 83.96    |  14: 94.84    |  15: 85.21    |  16: 95.81    |  17: 73.95    |  18: 76.73    |  19: 82.41   
[Batch: 0650/2400] mIoU: 21.60  |  FB-IoU: 84.38 |  0: 88.53    |  1: 87.24    |  2: 91.34    |  3: 90.86    |  4: 43.35    |  5: 83.62    |  6: 26.14    |  7: 57.73    |  8: 49.25    |  9: 92.84    |  10: 89.52    |  11: 44.88    |  12: 67.07    |  13: 83.96    |  14: 94.84    |  15: 85.21    |  16: 95.81    |  17: 73.95    |  18: 76.73    |  19: 82.41   
[Batch: 0651/2400] mIoU: 21.99  |  FB-IoU: 84.40 |  0: 88.53    |  1: 87.24    |  2: 91.34    |  3: 90.86    |  4: 43.35    |  5: 83.62    |  6: 26.14    |  7: 57.73    |  8: 49.25    |  9: 92.84    |  10: 89.52    |  11: 44.88    |  12: 67.07    |  13: 83.96    |  14: 94.84    |  15: 85.21    |  16: 95.81    |  17: 73.95    |  18: 76.73    |  19: 82.41   
[Batch: 0652/2400] mIoU: 22.00  |  FB-IoU: 84.43 |  0: 88.53    |  1: 87.24    |  2: 91.34    |  3: 90.86    |  4: 43.35    |  5: 83.62    |  6: 26.14    |  7: 57.73    |  8: 49.25    |  9: 92.84    |  10: 89.52    |  11: 44.88    |  12: 67.07    |  13: 83.96    |  14: 94.84    |  15: 85.21    |  16: 95.81    |  17: 73.95    |  18: 76.73    |  19: 82.41   
[Batch: 0653/2400] mIoU: 22.01  |  FB-IoU: 84.46 |  0: 88.53    |  1: 87.24    |  2: 91.34    |  3: 90.86    |  4: 43.35    |  5: 83.62    |  6: 26.14    |  7: 57.73    |  8: 49.25    |  9: 92.84    |  10: 89.52    |  11: 44.88    |  12: 67.07    |  13: 83.96    |  14: 94.84    |  15: 85.21    |  16: 95.81    |  17: 73.95    |  18: 76.73    |  19: 82.41   
[Batch: 0654/2400] mIoU: 22.01  |  FB-IoU: 84.49 |  0: 88.53    |  1: 87.24    |  2: 91.34    |  3: 90.86    |  4: 43.35    |  5: 83.62    |  6: 26.14    |  7: 57.73    |  8: 49.25    |  9: 92.84    |  10: 89.52    |  11: 44.88    |  12: 67.07    |  13: 83.96    |  14: 94.84    |  15: 85.21    |  16: 95.81    |  17: 73.95    |  18: 76.73    |  19: 82.41   
[Batch: 0655/2400] mIoU: 22.01  |  FB-IoU: 84.52 |  0: 88.53    |  1: 87.24    |  2: 91.34    |  3: 90.86    |  4: 43.35    |  5: 83.62    |  6: 26.14    |  7: 57.73    |  8: 49.25    |  9: 92.84    |  10: 89.52    |  11: 44.88    |  12: 67.07    |  13: 83.96    |  14: 94.84    |  15: 85.21    |  16: 95.81    |  17: 73.95    |  18: 76.73    |  19: 82.41   
[Batch: 0656/2400] mIoU: 22.01  |  FB-IoU: 84.55 |  0: 88.53    |  1: 87.24    |  2: 91.34    |  3: 90.86    |  4: 43.35    |  5: 83.62    |  6: 26.14    |  7: 57.73    |  8: 49.25    |  9: 92.84    |  10: 89.52    |  11: 44.88    |  12: 67.07    |  13: 83.96    |  14: 94.84    |  15: 85.21    |  16: 95.81    |  17: 73.95    |  18: 76.73    |  19: 82.41   
[Batch: 0657/2400] mIoU: 22.01  |  FB-IoU: 84.58 |  0: 88.53    |  1: 87.24    |  2: 91.34    |  3: 90.86    |  4: 43.35    |  5: 83.62    |  6: 26.14    |  7: 57.73    |  8: 49.25    |  9: 92.84    |  10: 89.52    |  11: 44.88    |  12: 67.07    |  13: 83.96    |  14: 94.84    |  15: 85.21    |  16: 95.81    |  17: 73.95    |  18: 76.73    |  19: 82.41   
[Batch: 0658/2400] mIoU: 22.00  |  FB-IoU: 84.58 |  0: 88.53    |  1: 87.24    |  2: 91.34    |  3: 90.86    |  4: 43.35    |  5: 83.62    |  6: 26.14    |  7: 57.73    |  8: 49.25    |  9: 92.84    |  10: 89.52    |  11: 44.88    |  12: 67.07    |  13: 83.96    |  14: 94.84    |  15: 85.21    |  16: 95.81    |  17: 73.95    |  18: 76.73    |  19: 82.41   
[Batch: 0659/2400] mIoU: 22.00  |  FB-IoU: 84.61 |  0: 88.53    |  1: 87.24    |  2: 91.34    |  3: 90.86    |  4: 43.35    |  5: 83.62    |  6: 26.14    |  7: 57.73    |  8: 49.25    |  9: 92.84    |  10: 89.52    |  11: 44.88    |  12: 67.07    |  13: 83.96    |  14: 94.84    |  15: 85.21    |  16: 95.81    |  17: 73.95    |  18: 76.73    |  19: 82.41   
[Batch: 0660/2400] mIoU: 22.00  |  FB-IoU: 84.64 |  0: 88.53    |  1: 87.24    |  2: 91.34    |  3: 90.86    |  4: 43.35    |  5: 83.62    |  6: 26.14    |  7: 57.73    |  8: 49.25    |  9: 92.84    |  10: 89.52    |  11: 44.88    |  12: 67.07    |  13: 83.96    |  14: 94.84    |  15: 85.21    |  16: 95.81    |  17: 73.95    |  18: 76.73    |  19: 82.41   
[Batch: 0661/2400] mIoU: 22.41  |  FB-IoU: 84.67 |  0: 88.53    |  1: 87.24    |  2: 91.34    |  3: 90.86    |  4: 43.35    |  5: 83.62    |  6: 26.14    |  7: 57.73    |  8: 49.25    |  9: 92.84    |  10: 89.52    |  11: 44.88    |  12: 67.07    |  13: 83.96    |  14: 94.84    |  15: 85.21    |  16: 95.81    |  17: 73.95    |  18: 76.73    |  19: 82.41   
[Batch: 0662/2400] mIoU: 22.40  |  FB-IoU: 84.68 |  0: 88.53    |  1: 87.24    |  2: 91.34    |  3: 90.86    |  4: 43.35    |  5: 83.62    |  6: 26.14    |  7: 57.73    |  8: 49.25    |  9: 92.84    |  10: 89.52    |  11: 44.88    |  12: 67.07    |  13: 83.96    |  14: 94.84    |  15: 85.21    |  16: 95.81    |  17: 73.95    |  18: 76.73    |  19: 82.41   
[Batch: 0663/2400] mIoU: 22.40  |  FB-IoU: 84.71 |  0: 88.53    |  1: 87.24    |  2: 91.34    |  3: 90.86    |  4: 43.35    |  5: 83.62    |  6: 26.14    |  7: 57.73    |  8: 49.25    |  9: 92.84    |  10: 89.52    |  11: 44.88    |  12: 67.07    |  13: 83.96    |  14: 94.84    |  15: 85.21    |  16: 95.81    |  17: 73.95    |  18: 76.73    |  19: 82.41   
[Batch: 0664/2400] mIoU: 22.40  |  FB-IoU: 84.72 |  0: 88.53    |  1: 87.24    |  2: 91.34    |  3: 90.86    |  4: 43.35    |  5: 83.62    |  6: 26.14    |  7: 57.73    |  8: 49.25    |  9: 92.84    |  10: 89.52    |  11: 44.88    |  12: 67.07    |  13: 83.96    |  14: 94.84    |  15: 85.21    |  16: 95.81    |  17: 73.95    |  18: 76.73    |  19: 82.41   
[Batch: 0665/2400] mIoU: 22.39  |  FB-IoU: 84.71 |  0: 88.53    |  1: 87.24    |  2: 91.34    |  3: 90.86    |  4: 43.35    |  5: 83.62    |  6: 26.14    |  7: 57.73    |  8: 49.25    |  9: 92.84    |  10: 89.52    |  11: 44.88    |  12: 67.07    |  13: 83.96    |  14: 94.84    |  15: 85.21    |  16: 95.81    |  17: 73.95    |  18: 76.73    |  19: 82.41   
[Batch: 0666/2400] mIoU: 22.39  |  FB-IoU: 84.73 |  0: 88.53    |  1: 87.24    |  2: 91.34    |  3: 90.86    |  4: 43.35    |  5: 83.62    |  6: 26.14    |  7: 57.73    |  8: 49.25    |  9: 92.84    |  10: 89.52    |  11: 44.88    |  12: 67.07    |  13: 83.96    |  14: 94.84    |  15: 85.21    |  16: 95.81    |  17: 73.95    |  18: 76.73    |  19: 82.41   
[Batch: 0667/2400] mIoU: 22.37  |  FB-IoU: 84.72 |  0: 88.53    |  1: 87.24    |  2: 91.34    |  3: 90.86    |  4: 43.35    |  5: 83.62    |  6: 26.14    |  7: 57.73    |  8: 49.25    |  9: 92.84    |  10: 89.52    |  11: 44.88    |  12: 67.07    |  13: 83.96    |  14: 94.84    |  15: 85.21    |  16: 95.81    |  17: 73.95    |  18: 76.73    |  19: 82.41   
[Batch: 0668/2400] mIoU: 22.37  |  FB-IoU: 84.73 |  0: 88.53    |  1: 87.24    |  2: 91.34    |  3: 90.86    |  4: 43.35    |  5: 83.62    |  6: 26.14    |  7: 57.73    |  8: 49.25    |  9: 92.84    |  10: 89.52    |  11: 44.88    |  12: 67.07    |  13: 83.96    |  14: 94.84    |  15: 85.21    |  16: 95.81    |  17: 73.95    |  18: 76.73    |  19: 82.41   
[Batch: 0669/2400] mIoU: 22.38  |  FB-IoU: 84.75 |  0: 88.53    |  1: 87.24    |  2: 91.34    |  3: 90.86    |  4: 43.35    |  5: 83.62    |  6: 26.14    |  7: 57.73    |  8: 49.25    |  9: 92.84    |  10: 89.52    |  11: 44.88    |  12: 67.07    |  13: 83.96    |  14: 94.84    |  15: 85.21    |  16: 95.81    |  17: 73.95    |  18: 76.73    |  19: 82.41   
[Batch: 0670/2400] mIoU: 22.38  |  FB-IoU: 84.77 |  0: 88.53    |  1: 87.24    |  2: 91.34    |  3: 90.86    |  4: 43.35    |  5: 83.62    |  6: 26.14    |  7: 57.73    |  8: 49.25    |  9: 92.84    |  10: 89.52    |  11: 44.88    |  12: 67.07    |  13: 83.96    |  14: 94.84    |  15: 85.21    |  16: 95.81    |  17: 73.95    |  18: 76.73    |  19: 82.41   
[Batch: 0671/2400] mIoU: 22.79  |  FB-IoU: 84.79 |  0: 88.53    |  1: 87.24    |  2: 91.34    |  3: 90.86    |  4: 43.35    |  5: 83.62    |  6: 26.14    |  7: 57.73    |  8: 49.25    |  9: 92.84    |  10: 89.52    |  11: 44.88    |  12: 67.07    |  13: 83.96    |  14: 94.84    |  15: 85.21    |  16: 95.81    |  17: 73.95    |  18: 76.73    |  19: 82.41   
[Batch: 0672/2400] mIoU: 22.73  |  FB-IoU: 84.79 |  0: 88.53    |  1: 87.24    |  2: 91.34    |  3: 90.86    |  4: 43.35    |  5: 83.62    |  6: 26.14    |  7: 57.73    |  8: 49.25    |  9: 92.84    |  10: 89.52    |  11: 44.88    |  12: 67.07    |  13: 83.96    |  14: 94.84    |  15: 85.21    |  16: 95.81    |  17: 73.95    |  18: 76.73    |  19: 82.41   
[Batch: 0673/2400] mIoU: 22.76  |  FB-IoU: 84.81 |  0: 88.53    |  1: 87.24    |  2: 91.34    |  3: 90.86    |  4: 43.35    |  5: 83.62    |  6: 26.14    |  7: 57.73    |  8: 49.25    |  9: 92.84    |  10: 89.52    |  11: 44.88    |  12: 67.07    |  13: 83.96    |  14: 94.84    |  15: 85.21    |  16: 95.81    |  17: 73.95    |  18: 76.73    |  19: 82.41   
[Batch: 0674/2400] mIoU: 22.77  |  FB-IoU: 84.84 |  0: 88.53    |  1: 87.24    |  2: 91.34    |  3: 90.86    |  4: 43.35    |  5: 83.62    |  6: 26.14    |  7: 57.73    |  8: 49.25    |  9: 92.84    |  10: 89.52    |  11: 44.88    |  12: 67.07    |  13: 83.96    |  14: 94.84    |  15: 85.21    |  16: 95.81    |  17: 73.95    |  18: 76.73    |  19: 82.41   
[Batch: 0675/2400] mIoU: 22.73  |  FB-IoU: 84.81 |  0: 88.53    |  1: 87.24    |  2: 91.34    |  3: 90.86    |  4: 43.35    |  5: 83.62    |  6: 26.14    |  7: 57.73    |  8: 49.25    |  9: 92.84    |  10: 89.52    |  11: 44.88    |  12: 67.07    |  13: 83.96    |  14: 94.84    |  15: 85.21    |  16: 95.81    |  17: 73.95    |  18: 76.73    |  19: 82.41   
[Batch: 0676/2400] mIoU: 22.74  |  FB-IoU: 84.82 |  0: 88.53    |  1: 87.24    |  2: 91.34    |  3: 90.86    |  4: 43.35    |  5: 83.62    |  6: 26.14    |  7: 57.73    |  8: 49.25    |  9: 92.84    |  10: 89.52    |  11: 44.88    |  12: 67.07    |  13: 83.96    |  14: 94.84    |  15: 85.21    |  16: 95.81    |  17: 73.95    |  18: 76.73    |  19: 82.41   
[Batch: 0677/2400] mIoU: 22.74  |  FB-IoU: 84.84 |  0: 88.53    |  1: 87.24    |  2: 91.34    |  3: 90.86    |  4: 43.35    |  5: 83.62    |  6: 26.14    |  7: 57.73    |  8: 49.25    |  9: 92.84    |  10: 89.52    |  11: 44.88    |  12: 67.07    |  13: 83.96    |  14: 94.84    |  15: 85.21    |  16: 95.81    |  17: 73.95    |  18: 76.73    |  19: 82.41   
[Batch: 0678/2400] mIoU: 22.75  |  FB-IoU: 84.86 |  0: 88.53    |  1: 87.24    |  2: 91.34    |  3: 90.86    |  4: 43.35    |  5: 83.62    |  6: 26.14    |  7: 57.73    |  8: 49.25    |  9: 92.84    |  10: 89.52    |  11: 44.88    |  12: 67.07    |  13: 83.96    |  14: 94.84    |  15: 85.21    |  16: 95.81    |  17: 73.95    |  18: 76.73    |  19: 82.41   
[Batch: 0679/2400] mIoU: 22.75  |  FB-IoU: 84.88 |  0: 88.53    |  1: 87.24    |  2: 91.34    |  3: 90.86    |  4: 43.35    |  5: 83.62    |  6: 26.14    |  7: 57.73    |  8: 49.25    |  9: 92.84    |  10: 89.52    |  11: 44.88    |  12: 67.07    |  13: 83.96    |  14: 94.84    |  15: 85.21    |  16: 95.81    |  17: 73.95    |  18: 76.73    |  19: 82.41   
[Batch: 0680/2400] mIoU: 22.75  |  FB-IoU: 84.89 |  0: 88.53    |  1: 87.24    |  2: 91.34    |  3: 90.86    |  4: 43.35    |  5: 83.62    |  6: 26.14    |  7: 57.73    |  8: 49.25    |  9: 92.84    |  10: 89.52    |  11: 44.88    |  12: 67.07    |  13: 83.96    |  14: 94.84    |  15: 85.21    |  16: 95.81    |  17: 73.95    |  18: 76.73    |  19: 82.41   
[Batch: 0681/2400] mIoU: 23.14  |  FB-IoU: 84.90 |  0: 88.53    |  1: 87.24    |  2: 91.34    |  3: 90.86    |  4: 43.35    |  5: 83.62    |  6: 26.14    |  7: 57.73    |  8: 49.25    |  9: 92.84    |  10: 89.52    |  11: 44.88    |  12: 67.07    |  13: 83.96    |  14: 94.84    |  15: 85.21    |  16: 95.81    |  17: 73.95    |  18: 76.73    |  19: 82.41   
[Batch: 0682/2400] mIoU: 23.14  |  FB-IoU: 84.92 |  0: 88.53    |  1: 87.24    |  2: 91.34    |  3: 90.86    |  4: 43.35    |  5: 83.62    |  6: 26.14    |  7: 57.73    |  8: 49.25    |  9: 92.84    |  10: 89.52    |  11: 44.88    |  12: 67.07    |  13: 83.96    |  14: 94.84    |  15: 85.21    |  16: 95.81    |  17: 73.95    |  18: 76.73    |  19: 82.41   
[Batch: 0683/2400] mIoU: 23.14  |  FB-IoU: 84.93 |  0: 88.53    |  1: 87.24    |  2: 91.34    |  3: 90.86    |  4: 43.35    |  5: 83.62    |  6: 26.14    |  7: 57.73    |  8: 49.25    |  9: 92.84    |  10: 89.52    |  11: 44.88    |  12: 67.07    |  13: 83.96    |  14: 94.84    |  15: 85.21    |  16: 95.81    |  17: 73.95    |  18: 76.73    |  19: 82.41   
[Batch: 0684/2400] mIoU: 23.14  |  FB-IoU: 84.94 |  0: 88.53    |  1: 87.24    |  2: 91.34    |  3: 90.86    |  4: 43.35    |  5: 83.62    |  6: 26.14    |  7: 57.73    |  8: 49.25    |  9: 92.84    |  10: 89.52    |  11: 44.88    |  12: 67.07    |  13: 83.96    |  14: 94.84    |  15: 85.21    |  16: 95.81    |  17: 73.95    |  18: 76.73    |  19: 82.41   
[Batch: 0685/2400] mIoU: 23.13  |  FB-IoU: 84.95 |  0: 88.53    |  1: 87.24    |  2: 91.34    |  3: 90.86    |  4: 43.35    |  5: 83.62    |  6: 26.14    |  7: 57.73    |  8: 49.25    |  9: 92.84    |  10: 89.52    |  11: 44.88    |  12: 67.07    |  13: 83.96    |  14: 94.84    |  15: 85.21    |  16: 95.81    |  17: 73.95    |  18: 76.73    |  19: 82.41   
[Batch: 0686/2400] mIoU: 23.13  |  FB-IoU: 84.96 |  0: 88.53    |  1: 87.24    |  2: 91.34    |  3: 90.86    |  4: 43.35    |  5: 83.62    |  6: 26.14    |  7: 57.73    |  8: 49.25    |  9: 92.84    |  10: 89.52    |  11: 44.88    |  12: 67.07    |  13: 83.96    |  14: 94.84    |  15: 85.21    |  16: 95.81    |  17: 73.95    |  18: 76.73    |  19: 82.41   
[Batch: 0687/2400] mIoU: 23.12  |  FB-IoU: 84.96 |  0: 88.53    |  1: 87.24    |  2: 91.34    |  3: 90.86    |  4: 43.35    |  5: 83.62    |  6: 26.14    |  7: 57.73    |  8: 49.25    |  9: 92.84    |  10: 89.52    |  11: 44.88    |  12: 67.07    |  13: 83.96    |  14: 94.84    |  15: 85.21    |  16: 95.81    |  17: 73.95    |  18: 76.73    |  19: 82.41   
[Batch: 0688/2400] mIoU: 23.11  |  FB-IoU: 84.95 |  0: 88.53    |  1: 87.24    |  2: 91.34    |  3: 90.86    |  4: 43.35    |  5: 83.62    |  6: 26.14    |  7: 57.73    |  8: 49.25    |  9: 92.84    |  10: 89.52    |  11: 44.88    |  12: 67.07    |  13: 83.96    |  14: 94.84    |  15: 85.21    |  16: 95.81    |  17: 73.95    |  18: 76.73    |  19: 82.41   
[Batch: 0689/2400] mIoU: 23.11  |  FB-IoU: 84.96 |  0: 88.53    |  1: 87.24    |  2: 91.34    |  3: 90.86    |  4: 43.35    |  5: 83.62    |  6: 26.14    |  7: 57.73    |  8: 49.25    |  9: 92.84    |  10: 89.52    |  11: 44.88    |  12: 67.07    |  13: 83.96    |  14: 94.84    |  15: 85.21    |  16: 95.81    |  17: 73.95    |  18: 76.73    |  19: 82.41   
[Batch: 0690/2400] mIoU: 23.11  |  FB-IoU: 84.97 |  0: 88.53    |  1: 87.24    |  2: 91.34    |  3: 90.86    |  4: 43.35    |  5: 83.62    |  6: 26.14    |  7: 57.73    |  8: 49.25    |  9: 92.84    |  10: 89.52    |  11: 44.88    |  12: 67.07    |  13: 83.96    |  14: 94.84    |  15: 85.21    |  16: 95.81    |  17: 73.95    |  18: 76.73    |  19: 82.41   
[Batch: 0691/2400] mIoU: 23.48  |  FB-IoU: 84.98 |  0: 88.53    |  1: 87.24    |  2: 91.34    |  3: 90.86    |  4: 43.35    |  5: 83.62    |  6: 26.14    |  7: 57.73    |  8: 49.25    |  9: 92.84    |  10: 89.52    |  11: 44.88    |  12: 67.07    |  13: 83.96    |  14: 94.84    |  15: 85.21    |  16: 95.81    |  17: 73.95    |  18: 76.73    |  19: 82.41   
[Batch: 0692/2400] mIoU: 23.48  |  FB-IoU: 84.99 |  0: 88.53    |  1: 87.24    |  2: 91.34    |  3: 90.86    |  4: 43.35    |  5: 83.62    |  6: 26.14    |  7: 57.73    |  8: 49.25    |  9: 92.84    |  10: 89.52    |  11: 44.88    |  12: 67.07    |  13: 83.96    |  14: 94.84    |  15: 85.21    |  16: 95.81    |  17: 73.95    |  18: 76.73    |  19: 82.41   
[Batch: 0693/2400] mIoU: 23.46  |  FB-IoU: 84.98 |  0: 88.53    |  1: 87.24    |  2: 91.34    |  3: 90.86    |  4: 43.35    |  5: 83.62    |  6: 26.14    |  7: 57.73    |  8: 49.25    |  9: 92.84    |  10: 89.52    |  11: 44.88    |  12: 67.07    |  13: 83.96    |  14: 94.84    |  15: 85.21    |  16: 95.81    |  17: 73.95    |  18: 76.73    |  19: 82.41   
[Batch: 0694/2400] mIoU: 23.47  |  FB-IoU: 85.00 |  0: 88.53    |  1: 87.24    |  2: 91.34    |  3: 90.86    |  4: 43.35    |  5: 83.62    |  6: 26.14    |  7: 57.73    |  8: 49.25    |  9: 92.84    |  10: 89.52    |  11: 44.88    |  12: 67.07    |  13: 83.96    |  14: 94.84    |  15: 85.21    |  16: 95.81    |  17: 73.95    |  18: 76.73    |  19: 82.41   
[Batch: 0695/2400] mIoU: 23.47  |  FB-IoU: 85.01 |  0: 88.53    |  1: 87.24    |  2: 91.34    |  3: 90.86    |  4: 43.35    |  5: 83.62    |  6: 26.14    |  7: 57.73    |  8: 49.25    |  9: 92.84    |  10: 89.52    |  11: 44.88    |  12: 67.07    |  13: 83.96    |  14: 94.84    |  15: 85.21    |  16: 95.81    |  17: 73.95    |  18: 76.73    |  19: 82.41   
[Batch: 0696/2400] mIoU: 23.48  |  FB-IoU: 85.03 |  0: 88.53    |  1: 87.24    |  2: 91.34    |  3: 90.86    |  4: 43.35    |  5: 83.62    |  6: 26.14    |  7: 57.73    |  8: 49.25    |  9: 92.84    |  10: 89.52    |  11: 44.88    |  12: 67.07    |  13: 83.96    |  14: 94.84    |  15: 85.21    |  16: 95.81    |  17: 73.95    |  18: 76.73    |  19: 82.41   
[Batch: 0697/2400] mIoU: 23.48  |  FB-IoU: 85.05 |  0: 88.53    |  1: 87.24    |  2: 91.34    |  3: 90.86    |  4: 43.35    |  5: 83.62    |  6: 26.14    |  7: 57.73    |  8: 49.25    |  9: 92.84    |  10: 89.52    |  11: 44.88    |  12: 67.07    |  13: 83.96    |  14: 94.84    |  15: 85.21    |  16: 95.81    |  17: 73.95    |  18: 76.73    |  19: 82.41   
[Batch: 0698/2400] mIoU: 23.49  |  FB-IoU: 85.07 |  0: 88.53    |  1: 87.24    |  2: 91.34    |  3: 90.86    |  4: 43.35    |  5: 83.62    |  6: 26.14    |  7: 57.73    |  8: 49.25    |  9: 92.84    |  10: 89.52    |  11: 44.88    |  12: 67.07    |  13: 83.96    |  14: 94.84    |  15: 85.21    |  16: 95.81    |  17: 73.95    |  18: 76.73    |  19: 82.41   
[Batch: 0699/2400] mIoU: 23.49  |  FB-IoU: 85.08 |  0: 88.53    |  1: 87.24    |  2: 91.34    |  3: 90.86    |  4: 43.35    |  5: 83.62    |  6: 26.14    |  7: 57.73    |  8: 49.25    |  9: 92.84    |  10: 89.52    |  11: 44.88    |  12: 67.07    |  13: 83.96    |  14: 94.84    |  15: 85.21    |  16: 95.81    |  17: 73.95    |  18: 76.73    |  19: 82.41   
[Batch: 0700/2400] mIoU: 23.40  |  FB-IoU: 84.83 |  0: 88.53    |  1: 87.24    |  2: 91.34    |  3: 90.86    |  4: 43.35    |  5: 83.62    |  6: 26.14    |  7: 57.73    |  8: 49.25    |  9: 92.84    |  10: 89.52    |  11: 44.88    |  12: 67.07    |  13: 83.96    |  14: 94.84    |  15: 85.21    |  16: 95.81    |  17: 73.95    |  18: 76.73    |  19: 82.41   
[Batch: 0701/2400] mIoU: 23.78  |  FB-IoU: 84.84 |  0: 88.53    |  1: 87.24    |  2: 91.34    |  3: 90.86    |  4: 43.35    |  5: 83.62    |  6: 26.14    |  7: 57.73    |  8: 49.25    |  9: 92.84    |  10: 89.52    |  11: 44.88    |  12: 67.07    |  13: 83.96    |  14: 94.84    |  15: 85.21    |  16: 95.81    |  17: 73.95    |  18: 76.73    |  19: 82.41   
[Batch: 0702/2400] mIoU: 23.80  |  FB-IoU: 84.86 |  0: 88.53    |  1: 87.24    |  2: 91.34    |  3: 90.86    |  4: 43.35    |  5: 83.62    |  6: 26.14    |  7: 57.73    |  8: 49.25    |  9: 92.84    |  10: 89.52    |  11: 44.88    |  12: 67.07    |  13: 83.96    |  14: 94.84    |  15: 85.21    |  16: 95.81    |  17: 73.95    |  18: 76.73    |  19: 82.41   
[Batch: 0703/2400] mIoU: 23.80  |  FB-IoU: 84.87 |  0: 88.53    |  1: 87.24    |  2: 91.34    |  3: 90.86    |  4: 43.35    |  5: 83.62    |  6: 26.14    |  7: 57.73    |  8: 49.25    |  9: 92.84    |  10: 89.52    |  11: 44.88    |  12: 67.07    |  13: 83.96    |  14: 94.84    |  15: 85.21    |  16: 95.81    |  17: 73.95    |  18: 76.73    |  19: 82.41   
[Batch: 0704/2400] mIoU: 23.79  |  FB-IoU: 84.88 |  0: 88.53    |  1: 87.24    |  2: 91.34    |  3: 90.86    |  4: 43.35    |  5: 83.62    |  6: 26.14    |  7: 57.73    |  8: 49.25    |  9: 92.84    |  10: 89.52    |  11: 44.88    |  12: 67.07    |  13: 83.96    |  14: 94.84    |  15: 85.21    |  16: 95.81    |  17: 73.95    |  18: 76.73    |  19: 82.41   
[Batch: 0705/2400] mIoU: 23.79  |  FB-IoU: 84.89 |  0: 88.53    |  1: 87.24    |  2: 91.34    |  3: 90.86    |  4: 43.35    |  5: 83.62    |  6: 26.14    |  7: 57.73    |  8: 49.25    |  9: 92.84    |  10: 89.52    |  11: 44.88    |  12: 67.07    |  13: 83.96    |  14: 94.84    |  15: 85.21    |  16: 95.81    |  17: 73.95    |  18: 76.73    |  19: 82.41   
[Batch: 0706/2400] mIoU: 23.79  |  FB-IoU: 84.90 |  0: 88.53    |  1: 87.24    |  2: 91.34    |  3: 90.86    |  4: 43.35    |  5: 83.62    |  6: 26.14    |  7: 57.73    |  8: 49.25    |  9: 92.84    |  10: 89.52    |  11: 44.88    |  12: 67.07    |  13: 83.96    |  14: 94.84    |  15: 85.21    |  16: 95.81    |  17: 73.95    |  18: 76.73    |  19: 82.41   
[Batch: 0707/2400] mIoU: 23.80  |  FB-IoU: 84.91 |  0: 88.53    |  1: 87.24    |  2: 91.34    |  3: 90.86    |  4: 43.35    |  5: 83.62    |  6: 26.14    |  7: 57.73    |  8: 49.25    |  9: 92.84    |  10: 89.52    |  11: 44.88    |  12: 67.07    |  13: 83.96    |  14: 94.84    |  15: 85.21    |  16: 95.81    |  17: 73.95    |  18: 76.73    |  19: 82.41   
[Batch: 0708/2400] mIoU: 23.80  |  FB-IoU: 84.92 |  0: 88.53    |  1: 87.24    |  2: 91.34    |  3: 90.86    |  4: 43.35    |  5: 83.62    |  6: 26.14    |  7: 57.73    |  8: 49.25    |  9: 92.84    |  10: 89.52    |  11: 44.88    |  12: 67.07    |  13: 83.96    |  14: 94.84    |  15: 85.21    |  16: 95.81    |  17: 73.95    |  18: 76.73    |  19: 82.41   
[Batch: 0709/2400] mIoU: 23.79  |  FB-IoU: 84.94 |  0: 88.53    |  1: 87.24    |  2: 91.34    |  3: 90.86    |  4: 43.35    |  5: 83.62    |  6: 26.14    |  7: 57.73    |  8: 49.25    |  9: 92.84    |  10: 89.52    |  11: 44.88    |  12: 67.07    |  13: 83.96    |  14: 94.84    |  15: 85.21    |  16: 95.81    |  17: 73.95    |  18: 76.73    |  19: 82.41   
[Batch: 0710/2400] mIoU: 23.79  |  FB-IoU: 84.95 |  0: 88.53    |  1: 87.24    |  2: 91.34    |  3: 90.86    |  4: 43.35    |  5: 83.62    |  6: 26.14    |  7: 57.73    |  8: 49.25    |  9: 92.84    |  10: 89.52    |  11: 44.88    |  12: 67.07    |  13: 83.96    |  14: 94.84    |  15: 85.21    |  16: 95.81    |  17: 73.95    |  18: 76.73    |  19: 82.41   
[Batch: 0711/2400] mIoU: 24.16  |  FB-IoU: 84.95 |  0: 88.53    |  1: 87.24    |  2: 91.34    |  3: 90.86    |  4: 43.35    |  5: 83.62    |  6: 26.14    |  7: 57.73    |  8: 49.25    |  9: 92.84    |  10: 89.52    |  11: 44.88    |  12: 67.07    |  13: 83.96    |  14: 94.84    |  15: 85.21    |  16: 95.81    |  17: 73.95    |  18: 76.73    |  19: 82.41   
[Batch: 0712/2400] mIoU: 24.16  |  FB-IoU: 84.96 |  0: 88.53    |  1: 87.24    |  2: 91.34    |  3: 90.86    |  4: 43.35    |  5: 83.62    |  6: 26.14    |  7: 57.73    |  8: 49.25    |  9: 92.84    |  10: 89.52    |  11: 44.88    |  12: 67.07    |  13: 83.96    |  14: 94.84    |  15: 85.21    |  16: 95.81    |  17: 73.95    |  18: 76.73    |  19: 82.41   
[Batch: 0713/2400] mIoU: 24.13  |  FB-IoU: 84.96 |  0: 88.53    |  1: 87.24    |  2: 91.34    |  3: 90.86    |  4: 43.35    |  5: 83.62    |  6: 26.14    |  7: 57.73    |  8: 49.25    |  9: 92.84    |  10: 89.52    |  11: 44.88    |  12: 67.07    |  13: 83.96    |  14: 94.84    |  15: 85.21    |  16: 95.81    |  17: 73.95    |  18: 76.73    |  19: 82.41   
[Batch: 0714/2400] mIoU: 24.10  |  FB-IoU: 84.96 |  0: 88.53    |  1: 87.24    |  2: 91.34    |  3: 90.86    |  4: 43.35    |  5: 83.62    |  6: 26.14    |  7: 57.73    |  8: 49.25    |  9: 92.84    |  10: 89.52    |  11: 44.88    |  12: 67.07    |  13: 83.96    |  14: 94.84    |  15: 85.21    |  16: 95.81    |  17: 73.95    |  18: 76.73    |  19: 82.41   
[Batch: 0715/2400] mIoU: 24.11  |  FB-IoU: 84.97 |  0: 88.53    |  1: 87.24    |  2: 91.34    |  3: 90.86    |  4: 43.35    |  5: 83.62    |  6: 26.14    |  7: 57.73    |  8: 49.25    |  9: 92.84    |  10: 89.52    |  11: 44.88    |  12: 67.07    |  13: 83.96    |  14: 94.84    |  15: 85.21    |  16: 95.81    |  17: 73.95    |  18: 76.73    |  19: 82.41   
[Batch: 0716/2400] mIoU: 24.12  |  FB-IoU: 84.97 |  0: 88.53    |  1: 87.24    |  2: 91.34    |  3: 90.86    |  4: 43.35    |  5: 83.62    |  6: 26.14    |  7: 57.73    |  8: 49.25    |  9: 92.84    |  10: 89.52    |  11: 44.88    |  12: 67.07    |  13: 83.96    |  14: 94.84    |  15: 85.21    |  16: 95.81    |  17: 73.95    |  18: 76.73    |  19: 82.41   
[Batch: 0717/2400] mIoU: 24.12  |  FB-IoU: 84.97 |  0: 88.53    |  1: 87.24    |  2: 91.34    |  3: 90.86    |  4: 43.35    |  5: 83.62    |  6: 26.14    |  7: 57.73    |  8: 49.25    |  9: 92.84    |  10: 89.52    |  11: 44.88    |  12: 67.07    |  13: 83.96    |  14: 94.84    |  15: 85.21    |  16: 95.81    |  17: 73.95    |  18: 76.73    |  19: 82.41   
[Batch: 0718/2400] mIoU: 24.12  |  FB-IoU: 84.98 |  0: 88.53    |  1: 87.24    |  2: 91.34    |  3: 90.86    |  4: 43.35    |  5: 83.62    |  6: 26.14    |  7: 57.73    |  8: 49.25    |  9: 92.84    |  10: 89.52    |  11: 44.88    |  12: 67.07    |  13: 83.96    |  14: 94.84    |  15: 85.21    |  16: 95.81    |  17: 73.95    |  18: 76.73    |  19: 82.41   
[Batch: 0719/2400] mIoU: 24.12  |  FB-IoU: 84.99 |  0: 88.53    |  1: 87.24    |  2: 91.34    |  3: 90.86    |  4: 43.35    |  5: 83.62    |  6: 26.14    |  7: 57.73    |  8: 49.25    |  9: 92.84    |  10: 89.52    |  11: 44.88    |  12: 67.07    |  13: 83.96    |  14: 94.84    |  15: 85.21    |  16: 95.81    |  17: 73.95    |  18: 76.73    |  19: 82.41   
[Batch: 0720/2400] mIoU: 24.12  |  FB-IoU: 84.99 |  0: 88.53    |  1: 87.24    |  2: 91.34    |  3: 90.86    |  4: 43.35    |  5: 83.62    |  6: 26.14    |  7: 57.73    |  8: 49.25    |  9: 92.84    |  10: 89.52    |  11: 44.88    |  12: 67.07    |  13: 83.96    |  14: 94.84    |  15: 85.21    |  16: 95.81    |  17: 73.95    |  18: 76.73    |  19: 82.41   
[Batch: 0721/2400] mIoU: 24.52  |  FB-IoU: 85.00 |  0: 88.53    |  1: 87.24    |  2: 91.34    |  3: 90.86    |  4: 43.35    |  5: 83.62    |  6: 26.14    |  7: 57.73    |  8: 49.25    |  9: 92.84    |  10: 89.52    |  11: 44.88    |  12: 67.07    |  13: 83.96    |  14: 94.84    |  15: 85.21    |  16: 95.81    |  17: 73.95    |  18: 76.73    |  19: 82.41   
[Batch: 0722/2400] mIoU: 24.51  |  FB-IoU: 85.02 |  0: 88.53    |  1: 87.24    |  2: 91.34    |  3: 90.86    |  4: 43.35    |  5: 83.62    |  6: 26.14    |  7: 57.73    |  8: 49.25    |  9: 92.84    |  10: 89.52    |  11: 44.88    |  12: 67.07    |  13: 83.96    |  14: 94.84    |  15: 85.21    |  16: 95.81    |  17: 73.95    |  18: 76.73    |  19: 82.41   
[Batch: 0723/2400] mIoU: 24.49  |  FB-IoU: 85.02 |  0: 88.53    |  1: 87.24    |  2: 91.34    |  3: 90.86    |  4: 43.35    |  5: 83.62    |  6: 26.14    |  7: 57.73    |  8: 49.25    |  9: 92.84    |  10: 89.52    |  11: 44.88    |  12: 67.07    |  13: 83.96    |  14: 94.84    |  15: 85.21    |  16: 95.81    |  17: 73.95    |  18: 76.73    |  19: 82.41   
[Batch: 0724/2400] mIoU: 24.48  |  FB-IoU: 85.02 |  0: 88.53    |  1: 87.24    |  2: 91.34    |  3: 90.86    |  4: 43.35    |  5: 83.62    |  6: 26.14    |  7: 57.73    |  8: 49.25    |  9: 92.84    |  10: 89.52    |  11: 44.88    |  12: 67.07    |  13: 83.96    |  14: 94.84    |  15: 85.21    |  16: 95.81    |  17: 73.95    |  18: 76.73    |  19: 82.41   
[Batch: 0725/2400] mIoU: 24.49  |  FB-IoU: 85.04 |  0: 88.53    |  1: 87.24    |  2: 91.34    |  3: 90.86    |  4: 43.35    |  5: 83.62    |  6: 26.14    |  7: 57.73    |  8: 49.25    |  9: 92.84    |  10: 89.52    |  11: 44.88    |  12: 67.07    |  13: 83.96    |  14: 94.84    |  15: 85.21    |  16: 95.81    |  17: 73.95    |  18: 76.73    |  19: 82.41   
[Batch: 0726/2400] mIoU: 24.49  |  FB-IoU: 85.05 |  0: 88.53    |  1: 87.24    |  2: 91.34    |  3: 90.86    |  4: 43.35    |  5: 83.62    |  6: 26.14    |  7: 57.73    |  8: 49.25    |  9: 92.84    |  10: 89.52    |  11: 44.88    |  12: 67.07    |  13: 83.96    |  14: 94.84    |  15: 85.21    |  16: 95.81    |  17: 73.95    |  18: 76.73    |  19: 82.41   
[Batch: 0727/2400] mIoU: 24.49  |  FB-IoU: 85.05 |  0: 88.53    |  1: 87.24    |  2: 91.34    |  3: 90.86    |  4: 43.35    |  5: 83.62    |  6: 26.14    |  7: 57.73    |  8: 49.25    |  9: 92.84    |  10: 89.52    |  11: 44.88    |  12: 67.07    |  13: 83.96    |  14: 94.84    |  15: 85.21    |  16: 95.81    |  17: 73.95    |  18: 76.73    |  19: 82.41   
[Batch: 0728/2400] mIoU: 24.49  |  FB-IoU: 85.07 |  0: 88.53    |  1: 87.24    |  2: 91.34    |  3: 90.86    |  4: 43.35    |  5: 83.62    |  6: 26.14    |  7: 57.73    |  8: 49.25    |  9: 92.84    |  10: 89.52    |  11: 44.88    |  12: 67.07    |  13: 83.96    |  14: 94.84    |  15: 85.21    |  16: 95.81    |  17: 73.95    |  18: 76.73    |  19: 82.41   
[Batch: 0729/2400] mIoU: 24.49  |  FB-IoU: 85.08 |  0: 88.53    |  1: 87.24    |  2: 91.34    |  3: 90.86    |  4: 43.35    |  5: 83.62    |  6: 26.14    |  7: 57.73    |  8: 49.25    |  9: 92.84    |  10: 89.52    |  11: 44.88    |  12: 67.07    |  13: 83.96    |  14: 94.84    |  15: 85.21    |  16: 95.81    |  17: 73.95    |  18: 76.73    |  19: 82.41   
[Batch: 0730/2400] mIoU: 24.50  |  FB-IoU: 85.10 |  0: 88.53    |  1: 87.24    |  2: 91.34    |  3: 90.86    |  4: 43.35    |  5: 83.62    |  6: 26.14    |  7: 57.73    |  8: 49.25    |  9: 92.84    |  10: 89.52    |  11: 44.88    |  12: 67.07    |  13: 83.96    |  14: 94.84    |  15: 85.21    |  16: 95.81    |  17: 73.95    |  18: 76.73    |  19: 82.41   
[Batch: 0731/2400] mIoU: 24.88  |  FB-IoU: 85.11 |  0: 88.53    |  1: 87.24    |  2: 91.34    |  3: 90.86    |  4: 43.35    |  5: 83.62    |  6: 26.14    |  7: 57.73    |  8: 49.25    |  9: 92.84    |  10: 89.52    |  11: 44.88    |  12: 67.07    |  13: 83.96    |  14: 94.84    |  15: 85.21    |  16: 95.81    |  17: 73.95    |  18: 76.73    |  19: 82.41   
[Batch: 0732/2400] mIoU: 24.87  |  FB-IoU: 85.12 |  0: 88.53    |  1: 87.24    |  2: 91.34    |  3: 90.86    |  4: 43.35    |  5: 83.62    |  6: 26.14    |  7: 57.73    |  8: 49.25    |  9: 92.84    |  10: 89.52    |  11: 44.88    |  12: 67.07    |  13: 83.96    |  14: 94.84    |  15: 85.21    |  16: 95.81    |  17: 73.95    |  18: 76.73    |  19: 82.41   
[Batch: 0733/2400] mIoU: 24.88  |  FB-IoU: 85.14 |  0: 88.53    |  1: 87.24    |  2: 91.34    |  3: 90.86    |  4: 43.35    |  5: 83.62    |  6: 26.14    |  7: 57.73    |  8: 49.25    |  9: 92.84    |  10: 89.52    |  11: 44.88    |  12: 67.07    |  13: 83.96    |  14: 94.84    |  15: 85.21    |  16: 95.81    |  17: 73.95    |  18: 76.73    |  19: 82.41   
[Batch: 0734/2400] mIoU: 24.88  |  FB-IoU: 85.16 |  0: 88.53    |  1: 87.24    |  2: 91.34    |  3: 90.86    |  4: 43.35    |  5: 83.62    |  6: 26.14    |  7: 57.73    |  8: 49.25    |  9: 92.84    |  10: 89.52    |  11: 44.88    |  12: 67.07    |  13: 83.96    |  14: 94.84    |  15: 85.21    |  16: 95.81    |  17: 73.95    |  18: 76.73    |  19: 82.41   
[Batch: 0735/2400] mIoU: 24.88  |  FB-IoU: 85.18 |  0: 88.53    |  1: 87.24    |  2: 91.34    |  3: 90.86    |  4: 43.35    |  5: 83.62    |  6: 26.14    |  7: 57.73    |  8: 49.25    |  9: 92.84    |  10: 89.52    |  11: 44.88    |  12: 67.07    |  13: 83.96    |  14: 94.84    |  15: 85.21    |  16: 95.81    |  17: 73.95    |  18: 76.73    |  19: 82.41   
[Batch: 0736/2400] mIoU: 24.88  |  FB-IoU: 85.19 |  0: 88.53    |  1: 87.24    |  2: 91.34    |  3: 90.86    |  4: 43.35    |  5: 83.62    |  6: 26.14    |  7: 57.73    |  8: 49.25    |  9: 92.84    |  10: 89.52    |  11: 44.88    |  12: 67.07    |  13: 83.96    |  14: 94.84    |  15: 85.21    |  16: 95.81    |  17: 73.95    |  18: 76.73    |  19: 82.41   
[Batch: 0737/2400] mIoU: 24.88  |  FB-IoU: 85.21 |  0: 88.53    |  1: 87.24    |  2: 91.34    |  3: 90.86    |  4: 43.35    |  5: 83.62    |  6: 26.14    |  7: 57.73    |  8: 49.25    |  9: 92.84    |  10: 89.52    |  11: 44.88    |  12: 67.07    |  13: 83.96    |  14: 94.84    |  15: 85.21    |  16: 95.81    |  17: 73.95    |  18: 76.73    |  19: 82.41   
[Batch: 0738/2400] mIoU: 24.88  |  FB-IoU: 85.23 |  0: 88.53    |  1: 87.24    |  2: 91.34    |  3: 90.86    |  4: 43.35    |  5: 83.62    |  6: 26.14    |  7: 57.73    |  8: 49.25    |  9: 92.84    |  10: 89.52    |  11: 44.88    |  12: 67.07    |  13: 83.96    |  14: 94.84    |  15: 85.21    |  16: 95.81    |  17: 73.95    |  18: 76.73    |  19: 82.41   
[Batch: 0739/2400] mIoU: 24.88  |  FB-IoU: 85.24 |  0: 88.53    |  1: 87.24    |  2: 91.34    |  3: 90.86    |  4: 43.35    |  5: 83.62    |  6: 26.14    |  7: 57.73    |  8: 49.25    |  9: 92.84    |  10: 89.52    |  11: 44.88    |  12: 67.07    |  13: 83.96    |  14: 94.84    |  15: 85.21    |  16: 95.81    |  17: 73.95    |  18: 76.73    |  19: 82.41   
[Batch: 0740/2400] mIoU: 24.88  |  FB-IoU: 85.26 |  0: 88.53    |  1: 87.24    |  2: 91.34    |  3: 90.86    |  4: 43.35    |  5: 83.62    |  6: 26.14    |  7: 57.73    |  8: 49.25    |  9: 92.84    |  10: 89.52    |  11: 44.88    |  12: 67.07    |  13: 83.96    |  14: 94.84    |  15: 85.21    |  16: 95.81    |  17: 73.95    |  18: 76.73    |  19: 82.41   
[Batch: 0741/2400] mIoU: 25.28  |  FB-IoU: 85.27 |  0: 88.53    |  1: 87.24    |  2: 91.34    |  3: 90.86    |  4: 43.35    |  5: 83.62    |  6: 26.14    |  7: 57.73    |  8: 49.25    |  9: 92.84    |  10: 89.52    |  11: 44.88    |  12: 67.07    |  13: 83.96    |  14: 94.84    |  15: 85.21    |  16: 95.81    |  17: 73.95    |  18: 76.73    |  19: 82.41   
[Batch: 0742/2400] mIoU: 24.98  |  FB-IoU: 85.07 |  0: 88.53    |  1: 87.24    |  2: 91.34    |  3: 90.86    |  4: 43.35    |  5: 83.62    |  6: 26.14    |  7: 57.73    |  8: 49.25    |  9: 92.84    |  10: 89.52    |  11: 44.88    |  12: 67.07    |  13: 83.96    |  14: 94.84    |  15: 85.21    |  16: 95.81    |  17: 73.95    |  18: 76.73    |  19: 82.41   
[Batch: 0743/2400] mIoU: 25.02  |  FB-IoU: 85.08 |  0: 88.53    |  1: 87.24    |  2: 91.34    |  3: 90.86    |  4: 43.35    |  5: 83.62    |  6: 26.14    |  7: 57.73    |  8: 49.25    |  9: 92.84    |  10: 89.52    |  11: 44.88    |  12: 67.07    |  13: 83.96    |  14: 94.84    |  15: 85.21    |  16: 95.81    |  17: 73.95    |  18: 76.73    |  19: 82.41   
[Batch: 0744/2400] mIoU: 25.05  |  FB-IoU: 85.10 |  0: 88.53    |  1: 87.24    |  2: 91.34    |  3: 90.86    |  4: 43.35    |  5: 83.62    |  6: 26.14    |  7: 57.73    |  8: 49.25    |  9: 92.84    |  10: 89.52    |  11: 44.88    |  12: 67.07    |  13: 83.96    |  14: 94.84    |  15: 85.21    |  16: 95.81    |  17: 73.95    |  18: 76.73    |  19: 82.41   
[Batch: 0745/2400] mIoU: 25.07  |  FB-IoU: 85.08 |  0: 88.53    |  1: 87.24    |  2: 91.34    |  3: 90.86    |  4: 43.35    |  5: 83.62    |  6: 26.14    |  7: 57.73    |  8: 49.25    |  9: 92.84    |  10: 89.52    |  11: 44.88    |  12: 67.07    |  13: 83.96    |  14: 94.84    |  15: 85.21    |  16: 95.81    |  17: 73.95    |  18: 76.73    |  19: 82.41   
[Batch: 0746/2400] mIoU: 25.08  |  FB-IoU: 85.07 |  0: 88.53    |  1: 87.24    |  2: 91.34    |  3: 90.86    |  4: 43.35    |  5: 83.62    |  6: 26.14    |  7: 57.73    |  8: 49.25    |  9: 92.84    |  10: 89.52    |  11: 44.88    |  12: 67.07    |  13: 83.96    |  14: 94.84    |  15: 85.21    |  16: 95.81    |  17: 73.95    |  18: 76.73    |  19: 82.41   
[Batch: 0747/2400] mIoU: 25.10  |  FB-IoU: 85.08 |  0: 88.53    |  1: 87.24    |  2: 91.34    |  3: 90.86    |  4: 43.35    |  5: 83.62    |  6: 26.14    |  7: 57.73    |  8: 49.25    |  9: 92.84    |  10: 89.52    |  11: 44.88    |  12: 67.07    |  13: 83.96    |  14: 94.84    |  15: 85.21    |  16: 95.81    |  17: 73.95    |  18: 76.73    |  19: 82.41   
[Batch: 0748/2400] mIoU: 25.11  |  FB-IoU: 85.08 |  0: 88.53    |  1: 87.24    |  2: 91.34    |  3: 90.86    |  4: 43.35    |  5: 83.62    |  6: 26.14    |  7: 57.73    |  8: 49.25    |  9: 92.84    |  10: 89.52    |  11: 44.88    |  12: 67.07    |  13: 83.96    |  14: 94.84    |  15: 85.21    |  16: 95.81    |  17: 73.95    |  18: 76.73    |  19: 82.41   
[Batch: 0749/2400] mIoU: 25.12  |  FB-IoU: 85.10 |  0: 88.53    |  1: 87.24    |  2: 91.34    |  3: 90.86    |  4: 43.35    |  5: 83.62    |  6: 26.14    |  7: 57.73    |  8: 49.25    |  9: 92.84    |  10: 89.52    |  11: 44.88    |  12: 67.07    |  13: 83.96    |  14: 94.84    |  15: 85.21    |  16: 95.81    |  17: 73.95    |  18: 76.73    |  19: 82.41   
[Batch: 0750/2400] mIoU: 25.07  |  FB-IoU: 84.89 |  0: 88.53    |  1: 87.24    |  2: 91.34    |  3: 90.86    |  4: 43.35    |  5: 83.62    |  6: 26.14    |  7: 57.73    |  8: 49.25    |  9: 92.84    |  10: 89.52    |  11: 44.88    |  12: 67.07    |  13: 83.96    |  14: 94.84    |  15: 85.21    |  16: 95.81    |  17: 73.95    |  18: 76.73    |  19: 82.41   
[Batch: 0751/2400] mIoU: 25.48  |  FB-IoU: 84.91 |  0: 88.53    |  1: 87.24    |  2: 91.34    |  3: 90.86    |  4: 43.35    |  5: 83.62    |  6: 26.14    |  7: 57.73    |  8: 49.25    |  9: 92.84    |  10: 89.52    |  11: 44.88    |  12: 67.07    |  13: 83.96    |  14: 94.84    |  15: 85.21    |  16: 95.81    |  17: 73.95    |  18: 76.73    |  19: 82.41   
[Batch: 0752/2400] mIoU: 25.48  |  FB-IoU: 84.94 |  0: 88.53    |  1: 87.24    |  2: 91.34    |  3: 90.86    |  4: 43.35    |  5: 83.62    |  6: 26.14    |  7: 57.73    |  8: 49.25    |  9: 92.84    |  10: 89.52    |  11: 44.88    |  12: 67.07    |  13: 83.96    |  14: 94.84    |  15: 85.21    |  16: 95.81    |  17: 73.95    |  18: 76.73    |  19: 82.41   
[Batch: 0753/2400] mIoU: 25.48  |  FB-IoU: 84.97 |  0: 88.53    |  1: 87.24    |  2: 91.34    |  3: 90.86    |  4: 43.35    |  5: 83.62    |  6: 26.14    |  7: 57.73    |  8: 49.25    |  9: 92.84    |  10: 89.52    |  11: 44.88    |  12: 67.07    |  13: 83.96    |  14: 94.84    |  15: 85.21    |  16: 95.81    |  17: 73.95    |  18: 76.73    |  19: 82.41   
[Batch: 0754/2400] mIoU: 25.42  |  FB-IoU: 84.91 |  0: 88.53    |  1: 87.24    |  2: 91.34    |  3: 90.86    |  4: 43.35    |  5: 83.62    |  6: 26.14    |  7: 57.73    |  8: 49.25    |  9: 92.84    |  10: 89.52    |  11: 44.88    |  12: 67.07    |  13: 83.96    |  14: 94.84    |  15: 85.21    |  16: 95.81    |  17: 73.95    |  18: 76.73    |  19: 82.41   
[Batch: 0755/2400] mIoU: 25.42  |  FB-IoU: 84.92 |  0: 88.53    |  1: 87.24    |  2: 91.34    |  3: 90.86    |  4: 43.35    |  5: 83.62    |  6: 26.14    |  7: 57.73    |  8: 49.25    |  9: 92.84    |  10: 89.52    |  11: 44.88    |  12: 67.07    |  13: 83.96    |  14: 94.84    |  15: 85.21    |  16: 95.81    |  17: 73.95    |  18: 76.73    |  19: 82.41   
[Batch: 0756/2400] mIoU: 25.43  |  FB-IoU: 84.95 |  0: 88.53    |  1: 87.24    |  2: 91.34    |  3: 90.86    |  4: 43.35    |  5: 83.62    |  6: 26.14    |  7: 57.73    |  8: 49.25    |  9: 92.84    |  10: 89.52    |  11: 44.88    |  12: 67.07    |  13: 83.96    |  14: 94.84    |  15: 85.21    |  16: 95.81    |  17: 73.95    |  18: 76.73    |  19: 82.41   
[Batch: 0757/2400] mIoU: 25.44  |  FB-IoU: 84.98 |  0: 88.53    |  1: 87.24    |  2: 91.34    |  3: 90.86    |  4: 43.35    |  5: 83.62    |  6: 26.14    |  7: 57.73    |  8: 49.25    |  9: 92.84    |  10: 89.52    |  11: 44.88    |  12: 67.07    |  13: 83.96    |  14: 94.84    |  15: 85.21    |  16: 95.81    |  17: 73.95    |  18: 76.73    |  19: 82.41   
[Batch: 0758/2400] mIoU: 25.45  |  FB-IoU: 85.01 |  0: 88.53    |  1: 87.24    |  2: 91.34    |  3: 90.86    |  4: 43.35    |  5: 83.62    |  6: 26.14    |  7: 57.73    |  8: 49.25    |  9: 92.84    |  10: 89.52    |  11: 44.88    |  12: 67.07    |  13: 83.96    |  14: 94.84    |  15: 85.21    |  16: 95.81    |  17: 73.95    |  18: 76.73    |  19: 82.41   
[Batch: 0759/2400] mIoU: 25.45  |  FB-IoU: 85.02 |  0: 88.53    |  1: 87.24    |  2: 91.34    |  3: 90.86    |  4: 43.35    |  5: 83.62    |  6: 26.14    |  7: 57.73    |  8: 49.25    |  9: 92.84    |  10: 89.52    |  11: 44.88    |  12: 67.07    |  13: 83.96    |  14: 94.84    |  15: 85.21    |  16: 95.81    |  17: 73.95    |  18: 76.73    |  19: 82.41   
[Batch: 0760/2400] mIoU: 25.45  |  FB-IoU: 85.04 |  0: 88.53    |  1: 87.24    |  2: 91.34    |  3: 90.86    |  4: 43.35    |  5: 83.62    |  6: 26.14    |  7: 57.73    |  8: 49.25    |  9: 92.84    |  10: 89.52    |  11: 44.88    |  12: 67.07    |  13: 83.96    |  14: 94.84    |  15: 85.21    |  16: 95.81    |  17: 73.95    |  18: 76.73    |  19: 82.41   
[Batch: 0761/2400] mIoU: 25.85  |  FB-IoU: 85.05 |  0: 88.53    |  1: 87.24    |  2: 91.34    |  3: 90.86    |  4: 43.35    |  5: 83.62    |  6: 26.14    |  7: 57.73    |  8: 49.25    |  9: 92.84    |  10: 89.52    |  11: 44.88    |  12: 67.07    |  13: 83.96    |  14: 94.84    |  15: 85.21    |  16: 95.81    |  17: 73.95    |  18: 76.73    |  19: 82.41   
[Batch: 0762/2400] mIoU: 25.85  |  FB-IoU: 85.07 |  0: 88.53    |  1: 87.24    |  2: 91.34    |  3: 90.86    |  4: 43.35    |  5: 83.62    |  6: 26.14    |  7: 57.73    |  8: 49.25    |  9: 92.84    |  10: 89.52    |  11: 44.88    |  12: 67.07    |  13: 83.96    |  14: 94.84    |  15: 85.21    |  16: 95.81    |  17: 73.95    |  18: 76.73    |  19: 82.41   
[Batch: 0763/2400] mIoU: 25.85  |  FB-IoU: 85.08 |  0: 88.53    |  1: 87.24    |  2: 91.34    |  3: 90.86    |  4: 43.35    |  5: 83.62    |  6: 26.14    |  7: 57.73    |  8: 49.25    |  9: 92.84    |  10: 89.52    |  11: 44.88    |  12: 67.07    |  13: 83.96    |  14: 94.84    |  15: 85.21    |  16: 95.81    |  17: 73.95    |  18: 76.73    |  19: 82.41   
[Batch: 0764/2400] mIoU: 25.85  |  FB-IoU: 85.09 |  0: 88.53    |  1: 87.24    |  2: 91.34    |  3: 90.86    |  4: 43.35    |  5: 83.62    |  6: 26.14    |  7: 57.73    |  8: 49.25    |  9: 92.84    |  10: 89.52    |  11: 44.88    |  12: 67.07    |  13: 83.96    |  14: 94.84    |  15: 85.21    |  16: 95.81    |  17: 73.95    |  18: 76.73    |  19: 82.41   
[Batch: 0765/2400] mIoU: 25.85  |  FB-IoU: 85.10 |  0: 88.53    |  1: 87.24    |  2: 91.34    |  3: 90.86    |  4: 43.35    |  5: 83.62    |  6: 26.14    |  7: 57.73    |  8: 49.25    |  9: 92.84    |  10: 89.52    |  11: 44.88    |  12: 67.07    |  13: 83.96    |  14: 94.84    |  15: 85.21    |  16: 95.81    |  17: 73.95    |  18: 76.73    |  19: 82.41   
[Batch: 0766/2400] mIoU: 25.85  |  FB-IoU: 85.12 |  0: 88.53    |  1: 87.24    |  2: 91.34    |  3: 90.86    |  4: 43.35    |  5: 83.62    |  6: 26.14    |  7: 57.73    |  8: 49.25    |  9: 92.84    |  10: 89.52    |  11: 44.88    |  12: 67.07    |  13: 83.96    |  14: 94.84    |  15: 85.21    |  16: 95.81    |  17: 73.95    |  18: 76.73    |  19: 82.41   
[Batch: 0767/2400] mIoU: 25.85  |  FB-IoU: 85.13 |  0: 88.53    |  1: 87.24    |  2: 91.34    |  3: 90.86    |  4: 43.35    |  5: 83.62    |  6: 26.14    |  7: 57.73    |  8: 49.25    |  9: 92.84    |  10: 89.52    |  11: 44.88    |  12: 67.07    |  13: 83.96    |  14: 94.84    |  15: 85.21    |  16: 95.81    |  17: 73.95    |  18: 76.73    |  19: 82.41   
[Batch: 0768/2400] mIoU: 25.85  |  FB-IoU: 85.15 |  0: 88.53    |  1: 87.24    |  2: 91.34    |  3: 90.86    |  4: 43.35    |  5: 83.62    |  6: 26.14    |  7: 57.73    |  8: 49.25    |  9: 92.84    |  10: 89.52    |  11: 44.88    |  12: 67.07    |  13: 83.96    |  14: 94.84    |  15: 85.21    |  16: 95.81    |  17: 73.95    |  18: 76.73    |  19: 82.41   
[Batch: 0769/2400] mIoU: 25.85  |  FB-IoU: 85.16 |  0: 88.53    |  1: 87.24    |  2: 91.34    |  3: 90.86    |  4: 43.35    |  5: 83.62    |  6: 26.14    |  7: 57.73    |  8: 49.25    |  9: 92.84    |  10: 89.52    |  11: 44.88    |  12: 67.07    |  13: 83.96    |  14: 94.84    |  15: 85.21    |  16: 95.81    |  17: 73.95    |  18: 76.73    |  19: 82.41   
[Batch: 0770/2400] mIoU: 25.85  |  FB-IoU: 85.18 |  0: 88.53    |  1: 87.24    |  2: 91.34    |  3: 90.86    |  4: 43.35    |  5: 83.62    |  6: 26.14    |  7: 57.73    |  8: 49.25    |  9: 92.84    |  10: 89.52    |  11: 44.88    |  12: 67.07    |  13: 83.96    |  14: 94.84    |  15: 85.21    |  16: 95.81    |  17: 73.95    |  18: 76.73    |  19: 82.41   
[Batch: 0771/2400] mIoU: 26.21  |  FB-IoU: 85.18 |  0: 88.53    |  1: 87.24    |  2: 91.34    |  3: 90.86    |  4: 43.35    |  5: 83.62    |  6: 26.14    |  7: 57.73    |  8: 49.25    |  9: 92.84    |  10: 89.52    |  11: 44.88    |  12: 67.07    |  13: 83.96    |  14: 94.84    |  15: 85.21    |  16: 95.81    |  17: 73.95    |  18: 76.73    |  19: 82.41   
[Batch: 0772/2400] mIoU: 26.21  |  FB-IoU: 85.19 |  0: 88.53    |  1: 87.24    |  2: 91.34    |  3: 90.86    |  4: 43.35    |  5: 83.62    |  6: 26.14    |  7: 57.73    |  8: 49.25    |  9: 92.84    |  10: 89.52    |  11: 44.88    |  12: 67.07    |  13: 83.96    |  14: 94.84    |  15: 85.21    |  16: 95.81    |  17: 73.95    |  18: 76.73    |  19: 82.41   
[Batch: 0773/2400] mIoU: 26.22  |  FB-IoU: 85.20 |  0: 88.53    |  1: 87.24    |  2: 91.34    |  3: 90.86    |  4: 43.35    |  5: 83.62    |  6: 26.14    |  7: 57.73    |  8: 49.25    |  9: 92.84    |  10: 89.52    |  11: 44.88    |  12: 67.07    |  13: 83.96    |  14: 94.84    |  15: 85.21    |  16: 95.81    |  17: 73.95    |  18: 76.73    |  19: 82.41   
[Batch: 0774/2400] mIoU: 26.22  |  FB-IoU: 85.21 |  0: 88.53    |  1: 87.24    |  2: 91.34    |  3: 90.86    |  4: 43.35    |  5: 83.62    |  6: 26.14    |  7: 57.73    |  8: 49.25    |  9: 92.84    |  10: 89.52    |  11: 44.88    |  12: 67.07    |  13: 83.96    |  14: 94.84    |  15: 85.21    |  16: 95.81    |  17: 73.95    |  18: 76.73    |  19: 82.41   
[Batch: 0775/2400] mIoU: 26.18  |  FB-IoU: 85.18 |  0: 88.53    |  1: 87.24    |  2: 91.34    |  3: 90.86    |  4: 43.35    |  5: 83.62    |  6: 26.14    |  7: 57.73    |  8: 49.25    |  9: 92.84    |  10: 89.52    |  11: 44.88    |  12: 67.07    |  13: 83.96    |  14: 94.84    |  15: 85.21    |  16: 95.81    |  17: 73.95    |  18: 76.73    |  19: 82.41   
[Batch: 0776/2400] mIoU: 26.18  |  FB-IoU: 85.19 |  0: 88.53    |  1: 87.24    |  2: 91.34    |  3: 90.86    |  4: 43.35    |  5: 83.62    |  6: 26.14    |  7: 57.73    |  8: 49.25    |  9: 92.84    |  10: 89.52    |  11: 44.88    |  12: 67.07    |  13: 83.96    |  14: 94.84    |  15: 85.21    |  16: 95.81    |  17: 73.95    |  18: 76.73    |  19: 82.41   
[Batch: 0777/2400] mIoU: 26.18  |  FB-IoU: 85.20 |  0: 88.53    |  1: 87.24    |  2: 91.34    |  3: 90.86    |  4: 43.35    |  5: 83.62    |  6: 26.14    |  7: 57.73    |  8: 49.25    |  9: 92.84    |  10: 89.52    |  11: 44.88    |  12: 67.07    |  13: 83.96    |  14: 94.84    |  15: 85.21    |  16: 95.81    |  17: 73.95    |  18: 76.73    |  19: 82.41   
[Batch: 0778/2400] mIoU: 26.19  |  FB-IoU: 85.20 |  0: 88.53    |  1: 87.24    |  2: 91.34    |  3: 90.86    |  4: 43.35    |  5: 83.62    |  6: 26.14    |  7: 57.73    |  8: 49.25    |  9: 92.84    |  10: 89.52    |  11: 44.88    |  12: 67.07    |  13: 83.96    |  14: 94.84    |  15: 85.21    |  16: 95.81    |  17: 73.95    |  18: 76.73    |  19: 82.41   
[Batch: 0779/2400] mIoU: 26.19  |  FB-IoU: 85.21 |  0: 88.53    |  1: 87.24    |  2: 91.34    |  3: 90.86    |  4: 43.35    |  5: 83.62    |  6: 26.14    |  7: 57.73    |  8: 49.25    |  9: 92.84    |  10: 89.52    |  11: 44.88    |  12: 67.07    |  13: 83.96    |  14: 94.84    |  15: 85.21    |  16: 95.81    |  17: 73.95    |  18: 76.73    |  19: 82.41   
[Batch: 0780/2400] mIoU: 26.19  |  FB-IoU: 85.22 |  0: 88.53    |  1: 87.24    |  2: 91.34    |  3: 90.86    |  4: 43.35    |  5: 83.62    |  6: 26.14    |  7: 57.73    |  8: 49.25    |  9: 92.84    |  10: 89.52    |  11: 44.88    |  12: 67.07    |  13: 83.96    |  14: 94.84    |  15: 85.21    |  16: 95.81    |  17: 73.95    |  18: 76.73    |  19: 82.41   
[Batch: 0781/2400] mIoU: 26.60  |  FB-IoU: 85.24 |  0: 88.53    |  1: 87.24    |  2: 91.34    |  3: 90.86    |  4: 43.35    |  5: 83.62    |  6: 26.14    |  7: 57.73    |  8: 49.25    |  9: 92.84    |  10: 89.52    |  11: 44.88    |  12: 67.07    |  13: 83.96    |  14: 94.84    |  15: 85.21    |  16: 95.81    |  17: 73.95    |  18: 76.73    |  19: 82.41   
[Batch: 0782/2400] mIoU: 26.60  |  FB-IoU: 85.26 |  0: 88.53    |  1: 87.24    |  2: 91.34    |  3: 90.86    |  4: 43.35    |  5: 83.62    |  6: 26.14    |  7: 57.73    |  8: 49.25    |  9: 92.84    |  10: 89.52    |  11: 44.88    |  12: 67.07    |  13: 83.96    |  14: 94.84    |  15: 85.21    |  16: 95.81    |  17: 73.95    |  18: 76.73    |  19: 82.41   
[Batch: 0783/2400] mIoU: 26.60  |  FB-IoU: 85.28 |  0: 88.53    |  1: 87.24    |  2: 91.34    |  3: 90.86    |  4: 43.35    |  5: 83.62    |  6: 26.14    |  7: 57.73    |  8: 49.25    |  9: 92.84    |  10: 89.52    |  11: 44.88    |  12: 67.07    |  13: 83.96    |  14: 94.84    |  15: 85.21    |  16: 95.81    |  17: 73.95    |  18: 76.73    |  19: 82.41   
[Batch: 0784/2400] mIoU: 26.60  |  FB-IoU: 85.31 |  0: 88.53    |  1: 87.24    |  2: 91.34    |  3: 90.86    |  4: 43.35    |  5: 83.62    |  6: 26.14    |  7: 57.73    |  8: 49.25    |  9: 92.84    |  10: 89.52    |  11: 44.88    |  12: 67.07    |  13: 83.96    |  14: 94.84    |  15: 85.21    |  16: 95.81    |  17: 73.95    |  18: 76.73    |  19: 82.41   
[Batch: 0785/2400] mIoU: 26.60  |  FB-IoU: 85.33 |  0: 88.53    |  1: 87.24    |  2: 91.34    |  3: 90.86    |  4: 43.35    |  5: 83.62    |  6: 26.14    |  7: 57.73    |  8: 49.25    |  9: 92.84    |  10: 89.52    |  11: 44.88    |  12: 67.07    |  13: 83.96    |  14: 94.84    |  15: 85.21    |  16: 95.81    |  17: 73.95    |  18: 76.73    |  19: 82.41   
[Batch: 0786/2400] mIoU: 26.60  |  FB-IoU: 85.35 |  0: 88.53    |  1: 87.24    |  2: 91.34    |  3: 90.86    |  4: 43.35    |  5: 83.62    |  6: 26.14    |  7: 57.73    |  8: 49.25    |  9: 92.84    |  10: 89.52    |  11: 44.88    |  12: 67.07    |  13: 83.96    |  14: 94.84    |  15: 85.21    |  16: 95.81    |  17: 73.95    |  18: 76.73    |  19: 82.41   
[Batch: 0787/2400] mIoU: 26.60  |  FB-IoU: 85.37 |  0: 88.53    |  1: 87.24    |  2: 91.34    |  3: 90.86    |  4: 43.35    |  5: 83.62    |  6: 26.14    |  7: 57.73    |  8: 49.25    |  9: 92.84    |  10: 89.52    |  11: 44.88    |  12: 67.07    |  13: 83.96    |  14: 94.84    |  15: 85.21    |  16: 95.81    |  17: 73.95    |  18: 76.73    |  19: 82.41   
[Batch: 0788/2400] mIoU: 26.60  |  FB-IoU: 85.39 |  0: 88.53    |  1: 87.24    |  2: 91.34    |  3: 90.86    |  4: 43.35    |  5: 83.62    |  6: 26.14    |  7: 57.73    |  8: 49.25    |  9: 92.84    |  10: 89.52    |  11: 44.88    |  12: 67.07    |  13: 83.96    |  14: 94.84    |  15: 85.21    |  16: 95.81    |  17: 73.95    |  18: 76.73    |  19: 82.41   
[Batch: 0789/2400] mIoU: 26.60  |  FB-IoU: 85.41 |  0: 88.53    |  1: 87.24    |  2: 91.34    |  3: 90.86    |  4: 43.35    |  5: 83.62    |  6: 26.14    |  7: 57.73    |  8: 49.25    |  9: 92.84    |  10: 89.52    |  11: 44.88    |  12: 67.07    |  13: 83.96    |  14: 94.84    |  15: 85.21    |  16: 95.81    |  17: 73.95    |  18: 76.73    |  19: 82.41   
[Batch: 0790/2400] mIoU: 26.60  |  FB-IoU: 85.43 |  0: 88.53    |  1: 87.24    |  2: 91.34    |  3: 90.86    |  4: 43.35    |  5: 83.62    |  6: 26.14    |  7: 57.73    |  8: 49.25    |  9: 92.84    |  10: 89.52    |  11: 44.88    |  12: 67.07    |  13: 83.96    |  14: 94.84    |  15: 85.21    |  16: 95.81    |  17: 73.95    |  18: 76.73    |  19: 82.41   
[Batch: 0791/2400] mIoU: 27.01  |  FB-IoU: 85.44 |  0: 88.53    |  1: 87.24    |  2: 91.34    |  3: 90.86    |  4: 43.35    |  5: 83.62    |  6: 26.14    |  7: 57.73    |  8: 49.25    |  9: 92.84    |  10: 89.52    |  11: 44.88    |  12: 67.07    |  13: 83.96    |  14: 94.84    |  15: 85.21    |  16: 95.81    |  17: 73.95    |  18: 76.73    |  19: 82.41   
[Batch: 0792/2400] mIoU: 26.99  |  FB-IoU: 85.45 |  0: 88.53    |  1: 87.24    |  2: 91.34    |  3: 90.86    |  4: 43.35    |  5: 83.62    |  6: 26.14    |  7: 57.73    |  8: 49.25    |  9: 92.84    |  10: 89.52    |  11: 44.88    |  12: 67.07    |  13: 83.96    |  14: 94.84    |  15: 85.21    |  16: 95.81    |  17: 73.95    |  18: 76.73    |  19: 82.41   
[Batch: 0793/2400] mIoU: 26.99  |  FB-IoU: 85.47 |  0: 88.53    |  1: 87.24    |  2: 91.34    |  3: 90.86    |  4: 43.35    |  5: 83.62    |  6: 26.14    |  7: 57.73    |  8: 49.25    |  9: 92.84    |  10: 89.52    |  11: 44.88    |  12: 67.07    |  13: 83.96    |  14: 94.84    |  15: 85.21    |  16: 95.81    |  17: 73.95    |  18: 76.73    |  19: 82.41   
[Batch: 0794/2400] mIoU: 27.00  |  FB-IoU: 85.48 |  0: 88.53    |  1: 87.24    |  2: 91.34    |  3: 90.86    |  4: 43.35    |  5: 83.62    |  6: 26.14    |  7: 57.73    |  8: 49.25    |  9: 92.84    |  10: 89.52    |  11: 44.88    |  12: 67.07    |  13: 83.96    |  14: 94.84    |  15: 85.21    |  16: 95.81    |  17: 73.95    |  18: 76.73    |  19: 82.41   
[Batch: 0795/2400] mIoU: 26.98  |  FB-IoU: 85.49 |  0: 88.53    |  1: 87.24    |  2: 91.34    |  3: 90.86    |  4: 43.35    |  5: 83.62    |  6: 26.14    |  7: 57.73    |  8: 49.25    |  9: 92.84    |  10: 89.52    |  11: 44.88    |  12: 67.07    |  13: 83.96    |  14: 94.84    |  15: 85.21    |  16: 95.81    |  17: 73.95    |  18: 76.73    |  19: 82.41   
[Batch: 0796/2400] mIoU: 26.97  |  FB-IoU: 85.48 |  0: 88.53    |  1: 87.24    |  2: 91.34    |  3: 90.86    |  4: 43.35    |  5: 83.62    |  6: 26.14    |  7: 57.73    |  8: 49.25    |  9: 92.84    |  10: 89.52    |  11: 44.88    |  12: 67.07    |  13: 83.96    |  14: 94.84    |  15: 85.21    |  16: 95.81    |  17: 73.95    |  18: 76.73    |  19: 82.41   
[Batch: 0797/2400] mIoU: 26.97  |  FB-IoU: 85.50 |  0: 88.53    |  1: 87.24    |  2: 91.34    |  3: 90.86    |  4: 43.35    |  5: 83.62    |  6: 26.14    |  7: 57.73    |  8: 49.25    |  9: 92.84    |  10: 89.52    |  11: 44.88    |  12: 67.07    |  13: 83.96    |  14: 94.84    |  15: 85.21    |  16: 95.81    |  17: 73.95    |  18: 76.73    |  19: 82.41   
[Batch: 0798/2400] mIoU: 26.96  |  FB-IoU: 85.48 |  0: 88.53    |  1: 87.24    |  2: 91.34    |  3: 90.86    |  4: 43.35    |  5: 83.62    |  6: 26.14    |  7: 57.73    |  8: 49.25    |  9: 92.84    |  10: 89.52    |  11: 44.88    |  12: 67.07    |  13: 83.96    |  14: 94.84    |  15: 85.21    |  16: 95.81    |  17: 73.95    |  18: 76.73    |  19: 82.41   
[Batch: 0799/2400] mIoU: 26.96  |  FB-IoU: 85.49 |  0: 88.53    |  1: 87.24    |  2: 91.34    |  3: 90.86    |  4: 43.35    |  5: 83.62    |  6: 26.14    |  7: 57.73    |  8: 49.25    |  9: 92.84    |  10: 89.52    |  11: 44.88    |  12: 67.07    |  13: 83.96    |  14: 94.84    |  15: 85.21    |  16: 95.81    |  17: 73.95    |  18: 76.73    |  19: 82.41   
[Batch: 0800/2400] mIoU: 26.96  |  FB-IoU: 85.50 |  0: 88.53    |  1: 87.24    |  2: 91.34    |  3: 90.86    |  4: 43.35    |  5: 83.62    |  6: 26.14    |  7: 57.73    |  8: 49.25    |  9: 92.84    |  10: 89.52    |  11: 44.88    |  12: 67.07    |  13: 83.96    |  14: 94.84    |  15: 85.21    |  16: 95.81    |  17: 73.95    |  18: 76.73    |  19: 82.41   
[Batch: 0801/2400] mIoU: 27.35  |  FB-IoU: 85.51 |  0: 88.53    |  1: 87.24    |  2: 91.34    |  3: 90.86    |  4: 43.35    |  5: 83.62    |  6: 26.14    |  7: 57.73    |  8: 49.25    |  9: 92.84    |  10: 89.52    |  11: 44.88    |  12: 67.07    |  13: 83.96    |  14: 94.84    |  15: 85.21    |  16: 95.81    |  17: 73.95    |  18: 76.73    |  19: 82.41   
[Batch: 0802/2400] mIoU: 27.36  |  FB-IoU: 85.53 |  0: 88.53    |  1: 87.24    |  2: 91.34    |  3: 90.86    |  4: 43.35    |  5: 83.62    |  6: 26.14    |  7: 57.73    |  8: 49.25    |  9: 92.84    |  10: 89.52    |  11: 44.88    |  12: 67.07    |  13: 83.96    |  14: 94.84    |  15: 85.21    |  16: 95.81    |  17: 73.95    |  18: 76.73    |  19: 82.41   
[Batch: 0803/2400] mIoU: 27.36  |  FB-IoU: 85.55 |  0: 88.53    |  1: 87.24    |  2: 91.34    |  3: 90.86    |  4: 43.35    |  5: 83.62    |  6: 26.14    |  7: 57.73    |  8: 49.25    |  9: 92.84    |  10: 89.52    |  11: 44.88    |  12: 67.07    |  13: 83.96    |  14: 94.84    |  15: 85.21    |  16: 95.81    |  17: 73.95    |  18: 76.73    |  19: 82.41   
[Batch: 0804/2400] mIoU: 27.32  |  FB-IoU: 85.53 |  0: 88.53    |  1: 87.24    |  2: 91.34    |  3: 90.86    |  4: 43.35    |  5: 83.62    |  6: 26.14    |  7: 57.73    |  8: 49.25    |  9: 92.84    |  10: 89.52    |  11: 44.88    |  12: 67.07    |  13: 83.96    |  14: 94.84    |  15: 85.21    |  16: 95.81    |  17: 73.95    |  18: 76.73    |  19: 82.41   
[Batch: 0805/2400] mIoU: 27.33  |  FB-IoU: 85.54 |  0: 88.53    |  1: 87.24    |  2: 91.34    |  3: 90.86    |  4: 43.35    |  5: 83.62    |  6: 26.14    |  7: 57.73    |  8: 49.25    |  9: 92.84    |  10: 89.52    |  11: 44.88    |  12: 67.07    |  13: 83.96    |  14: 94.84    |  15: 85.21    |  16: 95.81    |  17: 73.95    |  18: 76.73    |  19: 82.41   
[Batch: 0806/2400] mIoU: 27.34  |  FB-IoU: 85.56 |  0: 88.53    |  1: 87.24    |  2: 91.34    |  3: 90.86    |  4: 43.35    |  5: 83.62    |  6: 26.14    |  7: 57.73    |  8: 49.25    |  9: 92.84    |  10: 89.52    |  11: 44.88    |  12: 67.07    |  13: 83.96    |  14: 94.84    |  15: 85.21    |  16: 95.81    |  17: 73.95    |  18: 76.73    |  19: 82.41   
[Batch: 0807/2400] mIoU: 27.34  |  FB-IoU: 85.57 |  0: 88.53    |  1: 87.24    |  2: 91.34    |  3: 90.86    |  4: 43.35    |  5: 83.62    |  6: 26.14    |  7: 57.73    |  8: 49.25    |  9: 92.84    |  10: 89.52    |  11: 44.88    |  12: 67.07    |  13: 83.96    |  14: 94.84    |  15: 85.21    |  16: 95.81    |  17: 73.95    |  18: 76.73    |  19: 82.41   
[Batch: 0808/2400] mIoU: 27.33  |  FB-IoU: 85.57 |  0: 88.53    |  1: 87.24    |  2: 91.34    |  3: 90.86    |  4: 43.35    |  5: 83.62    |  6: 26.14    |  7: 57.73    |  8: 49.25    |  9: 92.84    |  10: 89.52    |  11: 44.88    |  12: 67.07    |  13: 83.96    |  14: 94.84    |  15: 85.21    |  16: 95.81    |  17: 73.95    |  18: 76.73    |  19: 82.41   
[Batch: 0809/2400] mIoU: 27.31  |  FB-IoU: 85.53 |  0: 88.53    |  1: 87.24    |  2: 91.34    |  3: 90.86    |  4: 43.35    |  5: 83.62    |  6: 26.14    |  7: 57.73    |  8: 49.25    |  9: 92.84    |  10: 89.52    |  11: 44.88    |  12: 67.07    |  13: 83.96    |  14: 94.84    |  15: 85.21    |  16: 95.81    |  17: 73.95    |  18: 76.73    |  19: 82.41   
[Batch: 0810/2400] mIoU: 27.32  |  FB-IoU: 85.55 |  0: 88.53    |  1: 87.24    |  2: 91.34    |  3: 90.86    |  4: 43.35    |  5: 83.62    |  6: 26.14    |  7: 57.73    |  8: 49.25    |  9: 92.84    |  10: 89.52    |  11: 44.88    |  12: 67.07    |  13: 83.96    |  14: 94.84    |  15: 85.21    |  16: 95.81    |  17: 73.95    |  18: 76.73    |  19: 82.41   
[Batch: 0811/2400] mIoU: 27.53  |  FB-IoU: 85.52 |  0: 88.53    |  1: 87.24    |  2: 91.34    |  3: 90.86    |  4: 43.35    |  5: 83.62    |  6: 26.14    |  7: 57.73    |  8: 49.25    |  9: 92.84    |  10: 89.52    |  11: 44.88    |  12: 67.07    |  13: 83.96    |  14: 94.84    |  15: 85.21    |  16: 95.81    |  17: 73.95    |  18: 76.73    |  19: 82.41   
[Batch: 0812/2400] mIoU: 27.62  |  FB-IoU: 85.53 |  0: 88.53    |  1: 87.24    |  2: 91.34    |  3: 90.86    |  4: 43.35    |  5: 83.62    |  6: 26.14    |  7: 57.73    |  8: 49.25    |  9: 92.84    |  10: 89.52    |  11: 44.88    |  12: 67.07    |  13: 83.96    |  14: 94.84    |  15: 85.21    |  16: 95.81    |  17: 73.95    |  18: 76.73    |  19: 82.41   
[Batch: 0813/2400] mIoU: 27.64  |  FB-IoU: 85.54 |  0: 88.53    |  1: 87.24    |  2: 91.34    |  3: 90.86    |  4: 43.35    |  5: 83.62    |  6: 26.14    |  7: 57.73    |  8: 49.25    |  9: 92.84    |  10: 89.52    |  11: 44.88    |  12: 67.07    |  13: 83.96    |  14: 94.84    |  15: 85.21    |  16: 95.81    |  17: 73.95    |  18: 76.73    |  19: 82.41   
[Batch: 0814/2400] mIoU: 27.65  |  FB-IoU: 85.55 |  0: 88.53    |  1: 87.24    |  2: 91.34    |  3: 90.86    |  4: 43.35    |  5: 83.62    |  6: 26.14    |  7: 57.73    |  8: 49.25    |  9: 92.84    |  10: 89.52    |  11: 44.88    |  12: 67.07    |  13: 83.96    |  14: 94.84    |  15: 85.21    |  16: 95.81    |  17: 73.95    |  18: 76.73    |  19: 82.41   
[Batch: 0815/2400] mIoU: 27.66  |  FB-IoU: 85.56 |  0: 88.53    |  1: 87.24    |  2: 91.34    |  3: 90.86    |  4: 43.35    |  5: 83.62    |  6: 26.14    |  7: 57.73    |  8: 49.25    |  9: 92.84    |  10: 89.52    |  11: 44.88    |  12: 67.07    |  13: 83.96    |  14: 94.84    |  15: 85.21    |  16: 95.81    |  17: 73.95    |  18: 76.73    |  19: 82.41   
[Batch: 0816/2400] mIoU: 27.67  |  FB-IoU: 85.58 |  0: 88.53    |  1: 87.24    |  2: 91.34    |  3: 90.86    |  4: 43.35    |  5: 83.62    |  6: 26.14    |  7: 57.73    |  8: 49.25    |  9: 92.84    |  10: 89.52    |  11: 44.88    |  12: 67.07    |  13: 83.96    |  14: 94.84    |  15: 85.21    |  16: 95.81    |  17: 73.95    |  18: 76.73    |  19: 82.41   
[Batch: 0817/2400] mIoU: 27.67  |  FB-IoU: 85.59 |  0: 88.53    |  1: 87.24    |  2: 91.34    |  3: 90.86    |  4: 43.35    |  5: 83.62    |  6: 26.14    |  7: 57.73    |  8: 49.25    |  9: 92.84    |  10: 89.52    |  11: 44.88    |  12: 67.07    |  13: 83.96    |  14: 94.84    |  15: 85.21    |  16: 95.81    |  17: 73.95    |  18: 76.73    |  19: 82.41   
[Batch: 0818/2400] mIoU: 27.68  |  FB-IoU: 85.60 |  0: 88.53    |  1: 87.24    |  2: 91.34    |  3: 90.86    |  4: 43.35    |  5: 83.62    |  6: 26.14    |  7: 57.73    |  8: 49.25    |  9: 92.84    |  10: 89.52    |  11: 44.88    |  12: 67.07    |  13: 83.96    |  14: 94.84    |  15: 85.21    |  16: 95.81    |  17: 73.95    |  18: 76.73    |  19: 82.41   
[Batch: 0819/2400] mIoU: 27.68  |  FB-IoU: 85.61 |  0: 88.53    |  1: 87.24    |  2: 91.34    |  3: 90.86    |  4: 43.35    |  5: 83.62    |  6: 26.14    |  7: 57.73    |  8: 49.25    |  9: 92.84    |  10: 89.52    |  11: 44.88    |  12: 67.07    |  13: 83.96    |  14: 94.84    |  15: 85.21    |  16: 95.81    |  17: 73.95    |  18: 76.73    |  19: 82.41   
[Batch: 0820/2400] mIoU: 27.68  |  FB-IoU: 85.62 |  0: 88.53    |  1: 87.24    |  2: 91.34    |  3: 90.86    |  4: 43.35    |  5: 83.62    |  6: 26.14    |  7: 57.73    |  8: 49.25    |  9: 92.84    |  10: 89.52    |  11: 44.88    |  12: 67.07    |  13: 83.96    |  14: 94.84    |  15: 85.21    |  16: 95.81    |  17: 73.95    |  18: 76.73    |  19: 82.41   
[Batch: 0821/2400] mIoU: 28.09  |  FB-IoU: 85.64 |  0: 88.53    |  1: 87.24    |  2: 91.34    |  3: 90.86    |  4: 43.35    |  5: 83.62    |  6: 26.14    |  7: 57.73    |  8: 49.25    |  9: 92.84    |  10: 89.52    |  11: 44.88    |  12: 67.07    |  13: 83.96    |  14: 94.84    |  15: 85.21    |  16: 95.81    |  17: 73.95    |  18: 76.73    |  19: 82.41   
[Batch: 0822/2400] mIoU: 28.09  |  FB-IoU: 85.65 |  0: 88.53    |  1: 87.24    |  2: 91.34    |  3: 90.86    |  4: 43.35    |  5: 83.62    |  6: 26.14    |  7: 57.73    |  8: 49.25    |  9: 92.84    |  10: 89.52    |  11: 44.88    |  12: 67.07    |  13: 83.96    |  14: 94.84    |  15: 85.21    |  16: 95.81    |  17: 73.95    |  18: 76.73    |  19: 82.41   
[Batch: 0823/2400] mIoU: 28.09  |  FB-IoU: 85.67 |  0: 88.53    |  1: 87.24    |  2: 91.34    |  3: 90.86    |  4: 43.35    |  5: 83.62    |  6: 26.14    |  7: 57.73    |  8: 49.25    |  9: 92.84    |  10: 89.52    |  11: 44.88    |  12: 67.07    |  13: 83.96    |  14: 94.84    |  15: 85.21    |  16: 95.81    |  17: 73.95    |  18: 76.73    |  19: 82.41   
[Batch: 0824/2400] mIoU: 28.06  |  FB-IoU: 85.67 |  0: 88.53    |  1: 87.24    |  2: 91.34    |  3: 90.86    |  4: 43.35    |  5: 83.62    |  6: 26.14    |  7: 57.73    |  8: 49.25    |  9: 92.84    |  10: 89.52    |  11: 44.88    |  12: 67.07    |  13: 83.96    |  14: 94.84    |  15: 85.21    |  16: 95.81    |  17: 73.95    |  18: 76.73    |  19: 82.41   
[Batch: 0825/2400] mIoU: 28.01  |  FB-IoU: 85.62 |  0: 88.53    |  1: 87.24    |  2: 91.34    |  3: 90.86    |  4: 43.35    |  5: 83.62    |  6: 26.14    |  7: 57.73    |  8: 49.25    |  9: 92.84    |  10: 89.52    |  11: 44.88    |  12: 67.07    |  13: 83.96    |  14: 94.84    |  15: 85.21    |  16: 95.81    |  17: 73.95    |  18: 76.73    |  19: 82.41   
[Batch: 0826/2400] mIoU: 28.01  |  FB-IoU: 85.62 |  0: 88.53    |  1: 87.24    |  2: 91.34    |  3: 90.86    |  4: 43.35    |  5: 83.62    |  6: 26.14    |  7: 57.73    |  8: 49.25    |  9: 92.84    |  10: 89.52    |  11: 44.88    |  12: 67.07    |  13: 83.96    |  14: 94.84    |  15: 85.21    |  16: 95.81    |  17: 73.95    |  18: 76.73    |  19: 82.41   
[Batch: 0827/2400] mIoU: 28.02  |  FB-IoU: 85.63 |  0: 88.53    |  1: 87.24    |  2: 91.34    |  3: 90.86    |  4: 43.35    |  5: 83.62    |  6: 26.14    |  7: 57.73    |  8: 49.25    |  9: 92.84    |  10: 89.52    |  11: 44.88    |  12: 67.07    |  13: 83.96    |  14: 94.84    |  15: 85.21    |  16: 95.81    |  17: 73.95    |  18: 76.73    |  19: 82.41   
[Batch: 0828/2400] mIoU: 28.02  |  FB-IoU: 85.64 |  0: 88.53    |  1: 87.24    |  2: 91.34    |  3: 90.86    |  4: 43.35    |  5: 83.62    |  6: 26.14    |  7: 57.73    |  8: 49.25    |  9: 92.84    |  10: 89.52    |  11: 44.88    |  12: 67.07    |  13: 83.96    |  14: 94.84    |  15: 85.21    |  16: 95.81    |  17: 73.95    |  18: 76.73    |  19: 82.41   
[Batch: 0829/2400] mIoU: 28.03  |  FB-IoU: 85.65 |  0: 88.53    |  1: 87.24    |  2: 91.34    |  3: 90.86    |  4: 43.35    |  5: 83.62    |  6: 26.14    |  7: 57.73    |  8: 49.25    |  9: 92.84    |  10: 89.52    |  11: 44.88    |  12: 67.07    |  13: 83.96    |  14: 94.84    |  15: 85.21    |  16: 95.81    |  17: 73.95    |  18: 76.73    |  19: 82.41   
[Batch: 0830/2400] mIoU: 27.99  |  FB-IoU: 85.58 |  0: 88.53    |  1: 87.24    |  2: 91.34    |  3: 90.86    |  4: 43.35    |  5: 83.62    |  6: 26.14    |  7: 57.73    |  8: 49.25    |  9: 92.84    |  10: 89.52    |  11: 44.88    |  12: 67.07    |  13: 83.96    |  14: 94.84    |  15: 85.21    |  16: 95.81    |  17: 73.95    |  18: 76.73    |  19: 82.41   
[Batch: 0831/2400] mIoU: 28.38  |  FB-IoU: 85.59 |  0: 88.53    |  1: 87.24    |  2: 91.34    |  3: 90.86    |  4: 43.35    |  5: 83.62    |  6: 26.14    |  7: 57.73    |  8: 49.25    |  9: 92.84    |  10: 89.52    |  11: 44.88    |  12: 67.07    |  13: 83.96    |  14: 94.84    |  15: 85.21    |  16: 95.81    |  17: 73.95    |  18: 76.73    |  19: 82.41   
[Batch: 0832/2400] mIoU: 28.38  |  FB-IoU: 85.60 |  0: 88.53    |  1: 87.24    |  2: 91.34    |  3: 90.86    |  4: 43.35    |  5: 83.62    |  6: 26.14    |  7: 57.73    |  8: 49.25    |  9: 92.84    |  10: 89.52    |  11: 44.88    |  12: 67.07    |  13: 83.96    |  14: 94.84    |  15: 85.21    |  16: 95.81    |  17: 73.95    |  18: 76.73    |  19: 82.41   
[Batch: 0833/2400] mIoU: 28.37  |  FB-IoU: 85.60 |  0: 88.53    |  1: 87.24    |  2: 91.34    |  3: 90.86    |  4: 43.35    |  5: 83.62    |  6: 26.14    |  7: 57.73    |  8: 49.25    |  9: 92.84    |  10: 89.52    |  11: 44.88    |  12: 67.07    |  13: 83.96    |  14: 94.84    |  15: 85.21    |  16: 95.81    |  17: 73.95    |  18: 76.73    |  19: 82.41   
[Batch: 0834/2400] mIoU: 28.37  |  FB-IoU: 85.61 |  0: 88.53    |  1: 87.24    |  2: 91.34    |  3: 90.86    |  4: 43.35    |  5: 83.62    |  6: 26.14    |  7: 57.73    |  8: 49.25    |  9: 92.84    |  10: 89.52    |  11: 44.88    |  12: 67.07    |  13: 83.96    |  14: 94.84    |  15: 85.21    |  16: 95.81    |  17: 73.95    |  18: 76.73    |  19: 82.41   
[Batch: 0835/2400] mIoU: 28.36  |  FB-IoU: 85.62 |  0: 88.53    |  1: 87.24    |  2: 91.34    |  3: 90.86    |  4: 43.35    |  5: 83.62    |  6: 26.14    |  7: 57.73    |  8: 49.25    |  9: 92.84    |  10: 89.52    |  11: 44.88    |  12: 67.07    |  13: 83.96    |  14: 94.84    |  15: 85.21    |  16: 95.81    |  17: 73.95    |  18: 76.73    |  19: 82.41   
[Batch: 0836/2400] mIoU: 28.32  |  FB-IoU: 85.59 |  0: 88.53    |  1: 87.24    |  2: 91.34    |  3: 90.86    |  4: 43.35    |  5: 83.62    |  6: 26.14    |  7: 57.73    |  8: 49.25    |  9: 92.84    |  10: 89.52    |  11: 44.88    |  12: 67.07    |  13: 83.96    |  14: 94.84    |  15: 85.21    |  16: 95.81    |  17: 73.95    |  18: 76.73    |  19: 82.41   
[Batch: 0837/2400] mIoU: 28.31  |  FB-IoU: 85.58 |  0: 88.53    |  1: 87.24    |  2: 91.34    |  3: 90.86    |  4: 43.35    |  5: 83.62    |  6: 26.14    |  7: 57.73    |  8: 49.25    |  9: 92.84    |  10: 89.52    |  11: 44.88    |  12: 67.07    |  13: 83.96    |  14: 94.84    |  15: 85.21    |  16: 95.81    |  17: 73.95    |  18: 76.73    |  19: 82.41   
[Batch: 0838/2400] mIoU: 28.31  |  FB-IoU: 85.59 |  0: 88.53    |  1: 87.24    |  2: 91.34    |  3: 90.86    |  4: 43.35    |  5: 83.62    |  6: 26.14    |  7: 57.73    |  8: 49.25    |  9: 92.84    |  10: 89.52    |  11: 44.88    |  12: 67.07    |  13: 83.96    |  14: 94.84    |  15: 85.21    |  16: 95.81    |  17: 73.95    |  18: 76.73    |  19: 82.41   
[Batch: 0839/2400] mIoU: 28.32  |  FB-IoU: 85.60 |  0: 88.53    |  1: 87.24    |  2: 91.34    |  3: 90.86    |  4: 43.35    |  5: 83.62    |  6: 26.14    |  7: 57.73    |  8: 49.25    |  9: 92.84    |  10: 89.52    |  11: 44.88    |  12: 67.07    |  13: 83.96    |  14: 94.84    |  15: 85.21    |  16: 95.81    |  17: 73.95    |  18: 76.73    |  19: 82.41   
[Batch: 0840/2400] mIoU: 28.32  |  FB-IoU: 85.60 |  0: 88.53    |  1: 87.24    |  2: 91.34    |  3: 90.86    |  4: 43.35    |  5: 83.62    |  6: 26.14    |  7: 57.73    |  8: 49.25    |  9: 92.84    |  10: 89.52    |  11: 44.88    |  12: 67.07    |  13: 83.96    |  14: 94.84    |  15: 85.21    |  16: 95.81    |  17: 73.95    |  18: 76.73    |  19: 82.41   
[Batch: 0841/2400] mIoU: 28.71  |  FB-IoU: 85.61 |  0: 88.53    |  1: 87.24    |  2: 91.34    |  3: 90.86    |  4: 43.35    |  5: 83.62    |  6: 26.14    |  7: 57.73    |  8: 49.25    |  9: 92.84    |  10: 89.52    |  11: 44.88    |  12: 67.07    |  13: 83.96    |  14: 94.84    |  15: 85.21    |  16: 95.81    |  17: 73.95    |  18: 76.73    |  19: 82.41   
[Batch: 0842/2400] mIoU: 28.71  |  FB-IoU: 85.62 |  0: 88.53    |  1: 87.24    |  2: 91.34    |  3: 90.86    |  4: 43.35    |  5: 83.62    |  6: 26.14    |  7: 57.73    |  8: 49.25    |  9: 92.84    |  10: 89.52    |  11: 44.88    |  12: 67.07    |  13: 83.96    |  14: 94.84    |  15: 85.21    |  16: 95.81    |  17: 73.95    |  18: 76.73    |  19: 82.41   
[Batch: 0843/2400] mIoU: 28.70  |  FB-IoU: 85.63 |  0: 88.53    |  1: 87.24    |  2: 91.34    |  3: 90.86    |  4: 43.35    |  5: 83.62    |  6: 26.14    |  7: 57.73    |  8: 49.25    |  9: 92.84    |  10: 89.52    |  11: 44.88    |  12: 67.07    |  13: 83.96    |  14: 94.84    |  15: 85.21    |  16: 95.81    |  17: 73.95    |  18: 76.73    |  19: 82.41   
[Batch: 0844/2400] mIoU: 28.70  |  FB-IoU: 85.64 |  0: 88.53    |  1: 87.24    |  2: 91.34    |  3: 90.86    |  4: 43.35    |  5: 83.62    |  6: 26.14    |  7: 57.73    |  8: 49.25    |  9: 92.84    |  10: 89.52    |  11: 44.88    |  12: 67.07    |  13: 83.96    |  14: 94.84    |  15: 85.21    |  16: 95.81    |  17: 73.95    |  18: 76.73    |  19: 82.41   
[Batch: 0845/2400] mIoU: 28.70  |  FB-IoU: 85.64 |  0: 88.53    |  1: 87.24    |  2: 91.34    |  3: 90.86    |  4: 43.35    |  5: 83.62    |  6: 26.14    |  7: 57.73    |  8: 49.25    |  9: 92.84    |  10: 89.52    |  11: 44.88    |  12: 67.07    |  13: 83.96    |  14: 94.84    |  15: 85.21    |  16: 95.81    |  17: 73.95    |  18: 76.73    |  19: 82.41   
[Batch: 0846/2400] mIoU: 28.69  |  FB-IoU: 85.65 |  0: 88.53    |  1: 87.24    |  2: 91.34    |  3: 90.86    |  4: 43.35    |  5: 83.62    |  6: 26.14    |  7: 57.73    |  8: 49.25    |  9: 92.84    |  10: 89.52    |  11: 44.88    |  12: 67.07    |  13: 83.96    |  14: 94.84    |  15: 85.21    |  16: 95.81    |  17: 73.95    |  18: 76.73    |  19: 82.41   
[Batch: 0847/2400] mIoU: 28.69  |  FB-IoU: 85.65 |  0: 88.53    |  1: 87.24    |  2: 91.34    |  3: 90.86    |  4: 43.35    |  5: 83.62    |  6: 26.14    |  7: 57.73    |  8: 49.25    |  9: 92.84    |  10: 89.52    |  11: 44.88    |  12: 67.07    |  13: 83.96    |  14: 94.84    |  15: 85.21    |  16: 95.81    |  17: 73.95    |  18: 76.73    |  19: 82.41   
[Batch: 0848/2400] mIoU: 28.69  |  FB-IoU: 85.66 |  0: 88.53    |  1: 87.24    |  2: 91.34    |  3: 90.86    |  4: 43.35    |  5: 83.62    |  6: 26.14    |  7: 57.73    |  8: 49.25    |  9: 92.84    |  10: 89.52    |  11: 44.88    |  12: 67.07    |  13: 83.96    |  14: 94.84    |  15: 85.21    |  16: 95.81    |  17: 73.95    |  18: 76.73    |  19: 82.41   
[Batch: 0849/2400] mIoU: 28.69  |  FB-IoU: 85.66 |  0: 88.53    |  1: 87.24    |  2: 91.34    |  3: 90.86    |  4: 43.35    |  5: 83.62    |  6: 26.14    |  7: 57.73    |  8: 49.25    |  9: 92.84    |  10: 89.52    |  11: 44.88    |  12: 67.07    |  13: 83.96    |  14: 94.84    |  15: 85.21    |  16: 95.81    |  17: 73.95    |  18: 76.73    |  19: 82.41   
[Batch: 0850/2400] mIoU: 28.69  |  FB-IoU: 85.68 |  0: 88.53    |  1: 87.24    |  2: 91.34    |  3: 90.86    |  4: 43.35    |  5: 83.62    |  6: 26.14    |  7: 57.73    |  8: 49.25    |  9: 92.84    |  10: 89.52    |  11: 44.88    |  12: 67.07    |  13: 83.96    |  14: 94.84    |  15: 85.21    |  16: 95.81    |  17: 73.95    |  18: 76.73    |  19: 82.41   
[Batch: 0851/2400] mIoU: 29.01  |  FB-IoU: 85.67 |  0: 88.53    |  1: 87.24    |  2: 91.34    |  3: 90.86    |  4: 43.35    |  5: 83.62    |  6: 26.14    |  7: 57.73    |  8: 49.25    |  9: 92.84    |  10: 89.52    |  11: 44.88    |  12: 67.07    |  13: 83.96    |  14: 94.84    |  15: 85.21    |  16: 95.81    |  17: 73.95    |  18: 76.73    |  19: 82.41   
[Batch: 0852/2400] mIoU: 29.03  |  FB-IoU: 85.68 |  0: 88.53    |  1: 87.24    |  2: 91.34    |  3: 90.86    |  4: 43.35    |  5: 83.62    |  6: 26.14    |  7: 57.73    |  8: 49.25    |  9: 92.84    |  10: 89.52    |  11: 44.88    |  12: 67.07    |  13: 83.96    |  14: 94.84    |  15: 85.21    |  16: 95.81    |  17: 73.95    |  18: 76.73    |  19: 82.41   
[Batch: 0853/2400] mIoU: 29.03  |  FB-IoU: 85.69 |  0: 88.53    |  1: 87.24    |  2: 91.34    |  3: 90.86    |  4: 43.35    |  5: 83.62    |  6: 26.14    |  7: 57.73    |  8: 49.25    |  9: 92.84    |  10: 89.52    |  11: 44.88    |  12: 67.07    |  13: 83.96    |  14: 94.84    |  15: 85.21    |  16: 95.81    |  17: 73.95    |  18: 76.73    |  19: 82.41   
[Batch: 0854/2400] mIoU: 29.04  |  FB-IoU: 85.69 |  0: 88.53    |  1: 87.24    |  2: 91.34    |  3: 90.86    |  4: 43.35    |  5: 83.62    |  6: 26.14    |  7: 57.73    |  8: 49.25    |  9: 92.84    |  10: 89.52    |  11: 44.88    |  12: 67.07    |  13: 83.96    |  14: 94.84    |  15: 85.21    |  16: 95.81    |  17: 73.95    |  18: 76.73    |  19: 82.41   
[Batch: 0855/2400] mIoU: 29.02  |  FB-IoU: 85.68 |  0: 88.53    |  1: 87.24    |  2: 91.34    |  3: 90.86    |  4: 43.35    |  5: 83.62    |  6: 26.14    |  7: 57.73    |  8: 49.25    |  9: 92.84    |  10: 89.52    |  11: 44.88    |  12: 67.07    |  13: 83.96    |  14: 94.84    |  15: 85.21    |  16: 95.81    |  17: 73.95    |  18: 76.73    |  19: 82.41   
[Batch: 0856/2400] mIoU: 29.03  |  FB-IoU: 85.69 |  0: 88.53    |  1: 87.24    |  2: 91.34    |  3: 90.86    |  4: 43.35    |  5: 83.62    |  6: 26.14    |  7: 57.73    |  8: 49.25    |  9: 92.84    |  10: 89.52    |  11: 44.88    |  12: 67.07    |  13: 83.96    |  14: 94.84    |  15: 85.21    |  16: 95.81    |  17: 73.95    |  18: 76.73    |  19: 82.41   
[Batch: 0857/2400] mIoU: 29.03  |  FB-IoU: 85.69 |  0: 88.53    |  1: 87.24    |  2: 91.34    |  3: 90.86    |  4: 43.35    |  5: 83.62    |  6: 26.14    |  7: 57.73    |  8: 49.25    |  9: 92.84    |  10: 89.52    |  11: 44.88    |  12: 67.07    |  13: 83.96    |  14: 94.84    |  15: 85.21    |  16: 95.81    |  17: 73.95    |  18: 76.73    |  19: 82.41   
[Batch: 0858/2400] mIoU: 28.98  |  FB-IoU: 85.63 |  0: 88.53    |  1: 87.24    |  2: 91.34    |  3: 90.86    |  4: 43.35    |  5: 83.62    |  6: 26.14    |  7: 57.73    |  8: 49.25    |  9: 92.84    |  10: 89.52    |  11: 44.88    |  12: 67.07    |  13: 83.96    |  14: 94.84    |  15: 85.21    |  16: 95.81    |  17: 73.95    |  18: 76.73    |  19: 82.41   
[Batch: 0859/2400] mIoU: 28.99  |  FB-IoU: 85.63 |  0: 88.53    |  1: 87.24    |  2: 91.34    |  3: 90.86    |  4: 43.35    |  5: 83.62    |  6: 26.14    |  7: 57.73    |  8: 49.25    |  9: 92.84    |  10: 89.52    |  11: 44.88    |  12: 67.07    |  13: 83.96    |  14: 94.84    |  15: 85.21    |  16: 95.81    |  17: 73.95    |  18: 76.73    |  19: 82.41   
[Batch: 0860/2400] mIoU: 29.00  |  FB-IoU: 85.65 |  0: 88.53    |  1: 87.24    |  2: 91.34    |  3: 90.86    |  4: 43.35    |  5: 83.62    |  6: 26.14    |  7: 57.73    |  8: 49.25    |  9: 92.84    |  10: 89.52    |  11: 44.88    |  12: 67.07    |  13: 83.96    |  14: 94.84    |  15: 85.21    |  16: 95.81    |  17: 73.95    |  18: 76.73    |  19: 82.41   
[Batch: 0861/2400] mIoU: 29.36  |  FB-IoU: 85.65 |  0: 88.53    |  1: 87.24    |  2: 91.34    |  3: 90.86    |  4: 43.35    |  5: 83.62    |  6: 26.14    |  7: 57.73    |  8: 49.25    |  9: 92.84    |  10: 89.52    |  11: 44.88    |  12: 67.07    |  13: 83.96    |  14: 94.84    |  15: 85.21    |  16: 95.81    |  17: 73.95    |  18: 76.73    |  19: 82.41   
[Batch: 0862/2400] mIoU: 29.36  |  FB-IoU: 85.66 |  0: 88.53    |  1: 87.24    |  2: 91.34    |  3: 90.86    |  4: 43.35    |  5: 83.62    |  6: 26.14    |  7: 57.73    |  8: 49.25    |  9: 92.84    |  10: 89.52    |  11: 44.88    |  12: 67.07    |  13: 83.96    |  14: 94.84    |  15: 85.21    |  16: 95.81    |  17: 73.95    |  18: 76.73    |  19: 82.41   
[Batch: 0863/2400] mIoU: 29.34  |  FB-IoU: 85.66 |  0: 88.53    |  1: 87.24    |  2: 91.34    |  3: 90.86    |  4: 43.35    |  5: 83.62    |  6: 26.14    |  7: 57.73    |  8: 49.25    |  9: 92.84    |  10: 89.52    |  11: 44.88    |  12: 67.07    |  13: 83.96    |  14: 94.84    |  15: 85.21    |  16: 95.81    |  17: 73.95    |  18: 76.73    |  19: 82.41   
[Batch: 0864/2400] mIoU: 29.32  |  FB-IoU: 85.65 |  0: 88.53    |  1: 87.24    |  2: 91.34    |  3: 90.86    |  4: 43.35    |  5: 83.62    |  6: 26.14    |  7: 57.73    |  8: 49.25    |  9: 92.84    |  10: 89.52    |  11: 44.88    |  12: 67.07    |  13: 83.96    |  14: 94.84    |  15: 85.21    |  16: 95.81    |  17: 73.95    |  18: 76.73    |  19: 82.41   
[Batch: 0865/2400] mIoU: 29.33  |  FB-IoU: 85.65 |  0: 88.53    |  1: 87.24    |  2: 91.34    |  3: 90.86    |  4: 43.35    |  5: 83.62    |  6: 26.14    |  7: 57.73    |  8: 49.25    |  9: 92.84    |  10: 89.52    |  11: 44.88    |  12: 67.07    |  13: 83.96    |  14: 94.84    |  15: 85.21    |  16: 95.81    |  17: 73.95    |  18: 76.73    |  19: 82.41   
[Batch: 0866/2400] mIoU: 29.34  |  FB-IoU: 85.66 |  0: 88.53    |  1: 87.24    |  2: 91.34    |  3: 90.86    |  4: 43.35    |  5: 83.62    |  6: 26.14    |  7: 57.73    |  8: 49.25    |  9: 92.84    |  10: 89.52    |  11: 44.88    |  12: 67.07    |  13: 83.96    |  14: 94.84    |  15: 85.21    |  16: 95.81    |  17: 73.95    |  18: 76.73    |  19: 82.41   
[Batch: 0867/2400] mIoU: 29.34  |  FB-IoU: 85.66 |  0: 88.53    |  1: 87.24    |  2: 91.34    |  3: 90.86    |  4: 43.35    |  5: 83.62    |  6: 26.14    |  7: 57.73    |  8: 49.25    |  9: 92.84    |  10: 89.52    |  11: 44.88    |  12: 67.07    |  13: 83.96    |  14: 94.84    |  15: 85.21    |  16: 95.81    |  17: 73.95    |  18: 76.73    |  19: 82.41   
[Batch: 0868/2400] mIoU: 29.35  |  FB-IoU: 85.67 |  0: 88.53    |  1: 87.24    |  2: 91.34    |  3: 90.86    |  4: 43.35    |  5: 83.62    |  6: 26.14    |  7: 57.73    |  8: 49.25    |  9: 92.84    |  10: 89.52    |  11: 44.88    |  12: 67.07    |  13: 83.96    |  14: 94.84    |  15: 85.21    |  16: 95.81    |  17: 73.95    |  18: 76.73    |  19: 82.41   
[Batch: 0869/2400] mIoU: 29.34  |  FB-IoU: 85.68 |  0: 88.53    |  1: 87.24    |  2: 91.34    |  3: 90.86    |  4: 43.35    |  5: 83.62    |  6: 26.14    |  7: 57.73    |  8: 49.25    |  9: 92.84    |  10: 89.52    |  11: 44.88    |  12: 67.07    |  13: 83.96    |  14: 94.84    |  15: 85.21    |  16: 95.81    |  17: 73.95    |  18: 76.73    |  19: 82.41   
[Batch: 0870/2400] mIoU: 29.34  |  FB-IoU: 85.68 |  0: 88.53    |  1: 87.24    |  2: 91.34    |  3: 90.86    |  4: 43.35    |  5: 83.62    |  6: 26.14    |  7: 57.73    |  8: 49.25    |  9: 92.84    |  10: 89.52    |  11: 44.88    |  12: 67.07    |  13: 83.96    |  14: 94.84    |  15: 85.21    |  16: 95.81    |  17: 73.95    |  18: 76.73    |  19: 82.41   
[Batch: 0871/2400] mIoU: 29.70  |  FB-IoU: 85.69 |  0: 88.53    |  1: 87.24    |  2: 91.34    |  3: 90.86    |  4: 43.35    |  5: 83.62    |  6: 26.14    |  7: 57.73    |  8: 49.25    |  9: 92.84    |  10: 89.52    |  11: 44.88    |  12: 67.07    |  13: 83.96    |  14: 94.84    |  15: 85.21    |  16: 95.81    |  17: 73.95    |  18: 76.73    |  19: 82.41   
[Batch: 0872/2400] mIoU: 29.72  |  FB-IoU: 85.69 |  0: 88.53    |  1: 87.24    |  2: 91.34    |  3: 90.86    |  4: 43.35    |  5: 83.62    |  6: 26.14    |  7: 57.73    |  8: 49.25    |  9: 92.84    |  10: 89.52    |  11: 44.88    |  12: 67.07    |  13: 83.96    |  14: 94.84    |  15: 85.21    |  16: 95.81    |  17: 73.95    |  18: 76.73    |  19: 82.41   
[Batch: 0873/2400] mIoU: 29.68  |  FB-IoU: 85.69 |  0: 88.53    |  1: 87.24    |  2: 91.34    |  3: 90.86    |  4: 43.35    |  5: 83.62    |  6: 26.14    |  7: 57.73    |  8: 49.25    |  9: 92.84    |  10: 89.52    |  11: 44.88    |  12: 67.07    |  13: 83.96    |  14: 94.84    |  15: 85.21    |  16: 95.81    |  17: 73.95    |  18: 76.73    |  19: 82.41   
[Batch: 0874/2400] mIoU: 29.70  |  FB-IoU: 85.70 |  0: 88.53    |  1: 87.24    |  2: 91.34    |  3: 90.86    |  4: 43.35    |  5: 83.62    |  6: 26.14    |  7: 57.73    |  8: 49.25    |  9: 92.84    |  10: 89.52    |  11: 44.88    |  12: 67.07    |  13: 83.96    |  14: 94.84    |  15: 85.21    |  16: 95.81    |  17: 73.95    |  18: 76.73    |  19: 82.41   
[Batch: 0875/2400] mIoU: 29.71  |  FB-IoU: 85.71 |  0: 88.53    |  1: 87.24    |  2: 91.34    |  3: 90.86    |  4: 43.35    |  5: 83.62    |  6: 26.14    |  7: 57.73    |  8: 49.25    |  9: 92.84    |  10: 89.52    |  11: 44.88    |  12: 67.07    |  13: 83.96    |  14: 94.84    |  15: 85.21    |  16: 95.81    |  17: 73.95    |  18: 76.73    |  19: 82.41   
[Batch: 0876/2400] mIoU: 29.70  |  FB-IoU: 85.71 |  0: 88.53    |  1: 87.24    |  2: 91.34    |  3: 90.86    |  4: 43.35    |  5: 83.62    |  6: 26.14    |  7: 57.73    |  8: 49.25    |  9: 92.84    |  10: 89.52    |  11: 44.88    |  12: 67.07    |  13: 83.96    |  14: 94.84    |  15: 85.21    |  16: 95.81    |  17: 73.95    |  18: 76.73    |  19: 82.41   
[Batch: 0877/2400] mIoU: 29.69  |  FB-IoU: 85.71 |  0: 88.53    |  1: 87.24    |  2: 91.34    |  3: 90.86    |  4: 43.35    |  5: 83.62    |  6: 26.14    |  7: 57.73    |  8: 49.25    |  9: 92.84    |  10: 89.52    |  11: 44.88    |  12: 67.07    |  13: 83.96    |  14: 94.84    |  15: 85.21    |  16: 95.81    |  17: 73.95    |  18: 76.73    |  19: 82.41   
[Batch: 0878/2400] mIoU: 29.71  |  FB-IoU: 85.73 |  0: 88.53    |  1: 87.24    |  2: 91.34    |  3: 90.86    |  4: 43.35    |  5: 83.62    |  6: 26.14    |  7: 57.73    |  8: 49.25    |  9: 92.84    |  10: 89.52    |  11: 44.88    |  12: 67.07    |  13: 83.96    |  14: 94.84    |  15: 85.21    |  16: 95.81    |  17: 73.95    |  18: 76.73    |  19: 82.41   
[Batch: 0879/2400] mIoU: 29.71  |  FB-IoU: 85.73 |  0: 88.53    |  1: 87.24    |  2: 91.34    |  3: 90.86    |  4: 43.35    |  5: 83.62    |  6: 26.14    |  7: 57.73    |  8: 49.25    |  9: 92.84    |  10: 89.52    |  11: 44.88    |  12: 67.07    |  13: 83.96    |  14: 94.84    |  15: 85.21    |  16: 95.81    |  17: 73.95    |  18: 76.73    |  19: 82.41   
[Batch: 0880/2400] mIoU: 29.71  |  FB-IoU: 85.75 |  0: 88.53    |  1: 87.24    |  2: 91.34    |  3: 90.86    |  4: 43.35    |  5: 83.62    |  6: 26.14    |  7: 57.73    |  8: 49.25    |  9: 92.84    |  10: 89.52    |  11: 44.88    |  12: 67.07    |  13: 83.96    |  14: 94.84    |  15: 85.21    |  16: 95.81    |  17: 73.95    |  18: 76.73    |  19: 82.41   
[Batch: 0881/2400] mIoU: 30.08  |  FB-IoU: 85.75 |  0: 88.53    |  1: 87.24    |  2: 91.34    |  3: 90.86    |  4: 43.35    |  5: 83.62    |  6: 26.14    |  7: 57.73    |  8: 49.25    |  9: 92.84    |  10: 89.52    |  11: 44.88    |  12: 67.07    |  13: 83.96    |  14: 94.84    |  15: 85.21    |  16: 95.81    |  17: 73.95    |  18: 76.73    |  19: 82.41   
[Batch: 0882/2400] mIoU: 30.07  |  FB-IoU: 85.76 |  0: 88.53    |  1: 87.24    |  2: 91.34    |  3: 90.86    |  4: 43.35    |  5: 83.62    |  6: 26.14    |  7: 57.73    |  8: 49.25    |  9: 92.84    |  10: 89.52    |  11: 44.88    |  12: 67.07    |  13: 83.96    |  14: 94.84    |  15: 85.21    |  16: 95.81    |  17: 73.95    |  18: 76.73    |  19: 82.41   
[Batch: 0883/2400] mIoU: 29.90  |  FB-IoU: 85.67 |  0: 88.53    |  1: 87.24    |  2: 91.34    |  3: 90.86    |  4: 43.35    |  5: 83.62    |  6: 26.14    |  7: 57.73    |  8: 49.25    |  9: 92.84    |  10: 89.52    |  11: 44.88    |  12: 67.07    |  13: 83.96    |  14: 94.84    |  15: 85.21    |  16: 95.81    |  17: 73.95    |  18: 76.73    |  19: 82.41   
[Batch: 0884/2400] mIoU: 29.95  |  FB-IoU: 85.68 |  0: 88.53    |  1: 87.24    |  2: 91.34    |  3: 90.86    |  4: 43.35    |  5: 83.62    |  6: 26.14    |  7: 57.73    |  8: 49.25    |  9: 92.84    |  10: 89.52    |  11: 44.88    |  12: 67.07    |  13: 83.96    |  14: 94.84    |  15: 85.21    |  16: 95.81    |  17: 73.95    |  18: 76.73    |  19: 82.41   
[Batch: 0885/2400] mIoU: 29.97  |  FB-IoU: 85.69 |  0: 88.53    |  1: 87.24    |  2: 91.34    |  3: 90.86    |  4: 43.35    |  5: 83.62    |  6: 26.14    |  7: 57.73    |  8: 49.25    |  9: 92.84    |  10: 89.52    |  11: 44.88    |  12: 67.07    |  13: 83.96    |  14: 94.84    |  15: 85.21    |  16: 95.81    |  17: 73.95    |  18: 76.73    |  19: 82.41   
[Batch: 0886/2400] mIoU: 29.97  |  FB-IoU: 85.69 |  0: 88.53    |  1: 87.24    |  2: 91.34    |  3: 90.86    |  4: 43.35    |  5: 83.62    |  6: 26.14    |  7: 57.73    |  8: 49.25    |  9: 92.84    |  10: 89.52    |  11: 44.88    |  12: 67.07    |  13: 83.96    |  14: 94.84    |  15: 85.21    |  16: 95.81    |  17: 73.95    |  18: 76.73    |  19: 82.41   
[Batch: 0887/2400] mIoU: 29.98  |  FB-IoU: 85.69 |  0: 88.53    |  1: 87.24    |  2: 91.34    |  3: 90.86    |  4: 43.35    |  5: 83.62    |  6: 26.14    |  7: 57.73    |  8: 49.25    |  9: 92.84    |  10: 89.52    |  11: 44.88    |  12: 67.07    |  13: 83.96    |  14: 94.84    |  15: 85.21    |  16: 95.81    |  17: 73.95    |  18: 76.73    |  19: 82.41   
[Batch: 0888/2400] mIoU: 29.98  |  FB-IoU: 85.70 |  0: 88.53    |  1: 87.24    |  2: 91.34    |  3: 90.86    |  4: 43.35    |  5: 83.62    |  6: 26.14    |  7: 57.73    |  8: 49.25    |  9: 92.84    |  10: 89.52    |  11: 44.88    |  12: 67.07    |  13: 83.96    |  14: 94.84    |  15: 85.21    |  16: 95.81    |  17: 73.95    |  18: 76.73    |  19: 82.41   
[Batch: 0889/2400] mIoU: 29.98  |  FB-IoU: 85.70 |  0: 88.53    |  1: 87.24    |  2: 91.34    |  3: 90.86    |  4: 43.35    |  5: 83.62    |  6: 26.14    |  7: 57.73    |  8: 49.25    |  9: 92.84    |  10: 89.52    |  11: 44.88    |  12: 67.07    |  13: 83.96    |  14: 94.84    |  15: 85.21    |  16: 95.81    |  17: 73.95    |  18: 76.73    |  19: 82.41   
[Batch: 0890/2400] mIoU: 29.89  |  FB-IoU: 85.51 |  0: 88.53    |  1: 87.24    |  2: 91.34    |  3: 90.86    |  4: 43.35    |  5: 83.62    |  6: 26.14    |  7: 57.73    |  8: 49.25    |  9: 92.84    |  10: 89.52    |  11: 44.88    |  12: 67.07    |  13: 83.96    |  14: 94.84    |  15: 85.21    |  16: 95.81    |  17: 73.95    |  18: 76.73    |  19: 82.41   
[Batch: 0891/2400] mIoU: 30.28  |  FB-IoU: 85.52 |  0: 88.53    |  1: 87.24    |  2: 91.34    |  3: 90.86    |  4: 43.35    |  5: 83.62    |  6: 26.14    |  7: 57.73    |  8: 49.25    |  9: 92.84    |  10: 89.52    |  11: 44.88    |  12: 67.07    |  13: 83.96    |  14: 94.84    |  15: 85.21    |  16: 95.81    |  17: 73.95    |  18: 76.73    |  19: 82.41   
[Batch: 0892/2400] mIoU: 30.26  |  FB-IoU: 85.52 |  0: 88.53    |  1: 87.24    |  2: 91.34    |  3: 90.86    |  4: 43.35    |  5: 83.62    |  6: 26.14    |  7: 57.73    |  8: 49.25    |  9: 92.84    |  10: 89.52    |  11: 44.88    |  12: 67.07    |  13: 83.96    |  14: 94.84    |  15: 85.21    |  16: 95.81    |  17: 73.95    |  18: 76.73    |  19: 82.41   
[Batch: 0893/2400] mIoU: 30.26  |  FB-IoU: 85.53 |  0: 88.53    |  1: 87.24    |  2: 91.34    |  3: 90.86    |  4: 43.35    |  5: 83.62    |  6: 26.14    |  7: 57.73    |  8: 49.25    |  9: 92.84    |  10: 89.52    |  11: 44.88    |  12: 67.07    |  13: 83.96    |  14: 94.84    |  15: 85.21    |  16: 95.81    |  17: 73.95    |  18: 76.73    |  19: 82.41   
[Batch: 0894/2400] mIoU: 30.26  |  FB-IoU: 85.53 |  0: 88.53    |  1: 87.24    |  2: 91.34    |  3: 90.86    |  4: 43.35    |  5: 83.62    |  6: 26.14    |  7: 57.73    |  8: 49.25    |  9: 92.84    |  10: 89.52    |  11: 44.88    |  12: 67.07    |  13: 83.96    |  14: 94.84    |  15: 85.21    |  16: 95.81    |  17: 73.95    |  18: 76.73    |  19: 82.41   
[Batch: 0895/2400] mIoU: 30.27  |  FB-IoU: 85.55 |  0: 88.53    |  1: 87.24    |  2: 91.34    |  3: 90.86    |  4: 43.35    |  5: 83.62    |  6: 26.14    |  7: 57.73    |  8: 49.25    |  9: 92.84    |  10: 89.52    |  11: 44.88    |  12: 67.07    |  13: 83.96    |  14: 94.84    |  15: 85.21    |  16: 95.81    |  17: 73.95    |  18: 76.73    |  19: 82.41   
[Batch: 0896/2400] mIoU: 30.26  |  FB-IoU: 85.55 |  0: 88.53    |  1: 87.24    |  2: 91.34    |  3: 90.86    |  4: 43.35    |  5: 83.62    |  6: 26.14    |  7: 57.73    |  8: 49.25    |  9: 92.84    |  10: 89.52    |  11: 44.88    |  12: 67.07    |  13: 83.96    |  14: 94.84    |  15: 85.21    |  16: 95.81    |  17: 73.95    |  18: 76.73    |  19: 82.41   
[Batch: 0897/2400] mIoU: 30.26  |  FB-IoU: 85.55 |  0: 88.53    |  1: 87.24    |  2: 91.34    |  3: 90.86    |  4: 43.35    |  5: 83.62    |  6: 26.14    |  7: 57.73    |  8: 49.25    |  9: 92.84    |  10: 89.52    |  11: 44.88    |  12: 67.07    |  13: 83.96    |  14: 94.84    |  15: 85.21    |  16: 95.81    |  17: 73.95    |  18: 76.73    |  19: 82.41   
[Batch: 0898/2400] mIoU: 30.26  |  FB-IoU: 85.56 |  0: 88.53    |  1: 87.24    |  2: 91.34    |  3: 90.86    |  4: 43.35    |  5: 83.62    |  6: 26.14    |  7: 57.73    |  8: 49.25    |  9: 92.84    |  10: 89.52    |  11: 44.88    |  12: 67.07    |  13: 83.96    |  14: 94.84    |  15: 85.21    |  16: 95.81    |  17: 73.95    |  18: 76.73    |  19: 82.41   
[Batch: 0899/2400] mIoU: 30.26  |  FB-IoU: 85.56 |  0: 88.53    |  1: 87.24    |  2: 91.34    |  3: 90.86    |  4: 43.35    |  5: 83.62    |  6: 26.14    |  7: 57.73    |  8: 49.25    |  9: 92.84    |  10: 89.52    |  11: 44.88    |  12: 67.07    |  13: 83.96    |  14: 94.84    |  15: 85.21    |  16: 95.81    |  17: 73.95    |  18: 76.73    |  19: 82.41   
[Batch: 0900/2400] mIoU: 30.26  |  FB-IoU: 85.57 |  0: 88.53    |  1: 87.24    |  2: 91.34    |  3: 90.86    |  4: 43.35    |  5: 83.62    |  6: 26.14    |  7: 57.73    |  8: 49.25    |  9: 92.84    |  10: 89.52    |  11: 44.88    |  12: 67.07    |  13: 83.96    |  14: 94.84    |  15: 85.21    |  16: 95.81    |  17: 73.95    |  18: 76.73    |  19: 82.41   
[Batch: 0901/2400] mIoU: 30.66  |  FB-IoU: 85.58 |  0: 88.53    |  1: 87.24    |  2: 91.34    |  3: 90.86    |  4: 43.35    |  5: 83.62    |  6: 26.14    |  7: 57.73    |  8: 49.25    |  9: 92.84    |  10: 89.52    |  11: 44.88    |  12: 67.07    |  13: 83.96    |  14: 94.84    |  15: 85.21    |  16: 95.81    |  17: 73.95    |  18: 76.73    |  19: 82.41   
[Batch: 0902/2400] mIoU: 30.65  |  FB-IoU: 85.59 |  0: 88.53    |  1: 87.24    |  2: 91.34    |  3: 90.86    |  4: 43.35    |  5: 83.62    |  6: 26.14    |  7: 57.73    |  8: 49.25    |  9: 92.84    |  10: 89.52    |  11: 44.88    |  12: 67.07    |  13: 83.96    |  14: 94.84    |  15: 85.21    |  16: 95.81    |  17: 73.95    |  18: 76.73    |  19: 82.41   
[Batch: 0903/2400] mIoU: 30.66  |  FB-IoU: 85.61 |  0: 88.53    |  1: 87.24    |  2: 91.34    |  3: 90.86    |  4: 43.35    |  5: 83.62    |  6: 26.14    |  7: 57.73    |  8: 49.25    |  9: 92.84    |  10: 89.52    |  11: 44.88    |  12: 67.07    |  13: 83.96    |  14: 94.84    |  15: 85.21    |  16: 95.81    |  17: 73.95    |  18: 76.73    |  19: 82.41   
[Batch: 0904/2400] mIoU: 30.66  |  FB-IoU: 85.62 |  0: 88.53    |  1: 87.24    |  2: 91.34    |  3: 90.86    |  4: 43.35    |  5: 83.62    |  6: 26.14    |  7: 57.73    |  8: 49.25    |  9: 92.84    |  10: 89.52    |  11: 44.88    |  12: 67.07    |  13: 83.96    |  14: 94.84    |  15: 85.21    |  16: 95.81    |  17: 73.95    |  18: 76.73    |  19: 82.41   
[Batch: 0905/2400] mIoU: 30.66  |  FB-IoU: 85.63 |  0: 88.53    |  1: 87.24    |  2: 91.34    |  3: 90.86    |  4: 43.35    |  5: 83.62    |  6: 26.14    |  7: 57.73    |  8: 49.25    |  9: 92.84    |  10: 89.52    |  11: 44.88    |  12: 67.07    |  13: 83.96    |  14: 94.84    |  15: 85.21    |  16: 95.81    |  17: 73.95    |  18: 76.73    |  19: 82.41   
[Batch: 0906/2400] mIoU: 30.65  |  FB-IoU: 85.64 |  0: 88.53    |  1: 87.24    |  2: 91.34    |  3: 90.86    |  4: 43.35    |  5: 83.62    |  6: 26.14    |  7: 57.73    |  8: 49.25    |  9: 92.84    |  10: 89.52    |  11: 44.88    |  12: 67.07    |  13: 83.96    |  14: 94.84    |  15: 85.21    |  16: 95.81    |  17: 73.95    |  18: 76.73    |  19: 82.41   
[Batch: 0907/2400] mIoU: 30.65  |  FB-IoU: 85.64 |  0: 88.53    |  1: 87.24    |  2: 91.34    |  3: 90.86    |  4: 43.35    |  5: 83.62    |  6: 26.14    |  7: 57.73    |  8: 49.25    |  9: 92.84    |  10: 89.52    |  11: 44.88    |  12: 67.07    |  13: 83.96    |  14: 94.84    |  15: 85.21    |  16: 95.81    |  17: 73.95    |  18: 76.73    |  19: 82.41   
[Batch: 0908/2400] mIoU: 30.65  |  FB-IoU: 85.65 |  0: 88.53    |  1: 87.24    |  2: 91.34    |  3: 90.86    |  4: 43.35    |  5: 83.62    |  6: 26.14    |  7: 57.73    |  8: 49.25    |  9: 92.84    |  10: 89.52    |  11: 44.88    |  12: 67.07    |  13: 83.96    |  14: 94.84    |  15: 85.21    |  16: 95.81    |  17: 73.95    |  18: 76.73    |  19: 82.41   
[Batch: 0909/2400] mIoU: 30.65  |  FB-IoU: 85.66 |  0: 88.53    |  1: 87.24    |  2: 91.34    |  3: 90.86    |  4: 43.35    |  5: 83.62    |  6: 26.14    |  7: 57.73    |  8: 49.25    |  9: 92.84    |  10: 89.52    |  11: 44.88    |  12: 67.07    |  13: 83.96    |  14: 94.84    |  15: 85.21    |  16: 95.81    |  17: 73.95    |  18: 76.73    |  19: 82.41   
[Batch: 0910/2400] mIoU: 30.65  |  FB-IoU: 85.67 |  0: 88.53    |  1: 87.24    |  2: 91.34    |  3: 90.86    |  4: 43.35    |  5: 83.62    |  6: 26.14    |  7: 57.73    |  8: 49.25    |  9: 92.84    |  10: 89.52    |  11: 44.88    |  12: 67.07    |  13: 83.96    |  14: 94.84    |  15: 85.21    |  16: 95.81    |  17: 73.95    |  18: 76.73    |  19: 82.41   
[Batch: 0911/2400] mIoU: 31.05  |  FB-IoU: 85.68 |  0: 88.53    |  1: 87.24    |  2: 91.34    |  3: 90.86    |  4: 43.35    |  5: 83.62    |  6: 26.14    |  7: 57.73    |  8: 49.25    |  9: 92.84    |  10: 89.52    |  11: 44.88    |  12: 67.07    |  13: 83.96    |  14: 94.84    |  15: 85.21    |  16: 95.81    |  17: 73.95    |  18: 76.73    |  19: 82.41   
[Batch: 0912/2400] mIoU: 31.03  |  FB-IoU: 85.69 |  0: 88.53    |  1: 87.24    |  2: 91.34    |  3: 90.86    |  4: 43.35    |  5: 83.62    |  6: 26.14    |  7: 57.73    |  8: 49.25    |  9: 92.84    |  10: 89.52    |  11: 44.88    |  12: 67.07    |  13: 83.96    |  14: 94.84    |  15: 85.21    |  16: 95.81    |  17: 73.95    |  18: 76.73    |  19: 82.41   
[Batch: 0913/2400] mIoU: 31.03  |  FB-IoU: 85.70 |  0: 88.53    |  1: 87.24    |  2: 91.34    |  3: 90.86    |  4: 43.35    |  5: 83.62    |  6: 26.14    |  7: 57.73    |  8: 49.25    |  9: 92.84    |  10: 89.52    |  11: 44.88    |  12: 67.07    |  13: 83.96    |  14: 94.84    |  15: 85.21    |  16: 95.81    |  17: 73.95    |  18: 76.73    |  19: 82.41   
[Batch: 0914/2400] mIoU: 31.03  |  FB-IoU: 85.71 |  0: 88.53    |  1: 87.24    |  2: 91.34    |  3: 90.86    |  4: 43.35    |  5: 83.62    |  6: 26.14    |  7: 57.73    |  8: 49.25    |  9: 92.84    |  10: 89.52    |  11: 44.88    |  12: 67.07    |  13: 83.96    |  14: 94.84    |  15: 85.21    |  16: 95.81    |  17: 73.95    |  18: 76.73    |  19: 82.41   
[Batch: 0915/2400] mIoU: 31.04  |  FB-IoU: 85.72 |  0: 88.53    |  1: 87.24    |  2: 91.34    |  3: 90.86    |  4: 43.35    |  5: 83.62    |  6: 26.14    |  7: 57.73    |  8: 49.25    |  9: 92.84    |  10: 89.52    |  11: 44.88    |  12: 67.07    |  13: 83.96    |  14: 94.84    |  15: 85.21    |  16: 95.81    |  17: 73.95    |  18: 76.73    |  19: 82.41   
[Batch: 0916/2400] mIoU: 31.04  |  FB-IoU: 85.73 |  0: 88.53    |  1: 87.24    |  2: 91.34    |  3: 90.86    |  4: 43.35    |  5: 83.62    |  6: 26.14    |  7: 57.73    |  8: 49.25    |  9: 92.84    |  10: 89.52    |  11: 44.88    |  12: 67.07    |  13: 83.96    |  14: 94.84    |  15: 85.21    |  16: 95.81    |  17: 73.95    |  18: 76.73    |  19: 82.41   
[Batch: 0917/2400] mIoU: 31.04  |  FB-IoU: 85.74 |  0: 88.53    |  1: 87.24    |  2: 91.34    |  3: 90.86    |  4: 43.35    |  5: 83.62    |  6: 26.14    |  7: 57.73    |  8: 49.25    |  9: 92.84    |  10: 89.52    |  11: 44.88    |  12: 67.07    |  13: 83.96    |  14: 94.84    |  15: 85.21    |  16: 95.81    |  17: 73.95    |  18: 76.73    |  19: 82.41   
[Batch: 0918/2400] mIoU: 31.04  |  FB-IoU: 85.75 |  0: 88.53    |  1: 87.24    |  2: 91.34    |  3: 90.86    |  4: 43.35    |  5: 83.62    |  6: 26.14    |  7: 57.73    |  8: 49.25    |  9: 92.84    |  10: 89.52    |  11: 44.88    |  12: 67.07    |  13: 83.96    |  14: 94.84    |  15: 85.21    |  16: 95.81    |  17: 73.95    |  18: 76.73    |  19: 82.41   
[Batch: 0919/2400] mIoU: 31.04  |  FB-IoU: 85.76 |  0: 88.53    |  1: 87.24    |  2: 91.34    |  3: 90.86    |  4: 43.35    |  5: 83.62    |  6: 26.14    |  7: 57.73    |  8: 49.25    |  9: 92.84    |  10: 89.52    |  11: 44.88    |  12: 67.07    |  13: 83.96    |  14: 94.84    |  15: 85.21    |  16: 95.81    |  17: 73.95    |  18: 76.73    |  19: 82.41   
[Batch: 0920/2400] mIoU: 31.04  |  FB-IoU: 85.77 |  0: 88.53    |  1: 87.24    |  2: 91.34    |  3: 90.86    |  4: 43.35    |  5: 83.62    |  6: 26.14    |  7: 57.73    |  8: 49.25    |  9: 92.84    |  10: 89.52    |  11: 44.88    |  12: 67.07    |  13: 83.96    |  14: 94.84    |  15: 85.21    |  16: 95.81    |  17: 73.95    |  18: 76.73    |  19: 82.41   
[Batch: 0921/2400] mIoU: 31.41  |  FB-IoU: 85.77 |  0: 88.53    |  1: 87.24    |  2: 91.34    |  3: 90.86    |  4: 43.35    |  5: 83.62    |  6: 26.14    |  7: 57.73    |  8: 49.25    |  9: 92.84    |  10: 89.52    |  11: 44.88    |  12: 67.07    |  13: 83.96    |  14: 94.84    |  15: 85.21    |  16: 95.81    |  17: 73.95    |  18: 76.73    |  19: 82.41   
[Batch: 0922/2400] mIoU: 31.35  |  FB-IoU: 85.77 |  0: 88.53    |  1: 87.24    |  2: 91.34    |  3: 90.86    |  4: 43.35    |  5: 83.62    |  6: 26.14    |  7: 57.73    |  8: 49.25    |  9: 92.84    |  10: 89.52    |  11: 44.88    |  12: 67.07    |  13: 83.96    |  14: 94.84    |  15: 85.21    |  16: 95.81    |  17: 73.95    |  18: 76.73    |  19: 82.41   
[Batch: 0923/2400] mIoU: 31.36  |  FB-IoU: 85.77 |  0: 88.53    |  1: 87.24    |  2: 91.34    |  3: 90.86    |  4: 43.35    |  5: 83.62    |  6: 26.14    |  7: 57.73    |  8: 49.25    |  9: 92.84    |  10: 89.52    |  11: 44.88    |  12: 67.07    |  13: 83.96    |  14: 94.84    |  15: 85.21    |  16: 95.81    |  17: 73.95    |  18: 76.73    |  19: 82.41   
[Batch: 0924/2400] mIoU: 31.37  |  FB-IoU: 85.78 |  0: 88.53    |  1: 87.24    |  2: 91.34    |  3: 90.86    |  4: 43.35    |  5: 83.62    |  6: 26.14    |  7: 57.73    |  8: 49.25    |  9: 92.84    |  10: 89.52    |  11: 44.88    |  12: 67.07    |  13: 83.96    |  14: 94.84    |  15: 85.21    |  16: 95.81    |  17: 73.95    |  18: 76.73    |  19: 82.41   
[Batch: 0925/2400] mIoU: 31.38  |  FB-IoU: 85.78 |  0: 88.53    |  1: 87.24    |  2: 91.34    |  3: 90.86    |  4: 43.35    |  5: 83.62    |  6: 26.14    |  7: 57.73    |  8: 49.25    |  9: 92.84    |  10: 89.52    |  11: 44.88    |  12: 67.07    |  13: 83.96    |  14: 94.84    |  15: 85.21    |  16: 95.81    |  17: 73.95    |  18: 76.73    |  19: 82.41   
[Batch: 0926/2400] mIoU: 31.38  |  FB-IoU: 85.79 |  0: 88.53    |  1: 87.24    |  2: 91.34    |  3: 90.86    |  4: 43.35    |  5: 83.62    |  6: 26.14    |  7: 57.73    |  8: 49.25    |  9: 92.84    |  10: 89.52    |  11: 44.88    |  12: 67.07    |  13: 83.96    |  14: 94.84    |  15: 85.21    |  16: 95.81    |  17: 73.95    |  18: 76.73    |  19: 82.41   
[Batch: 0927/2400] mIoU: 31.37  |  FB-IoU: 85.79 |  0: 88.53    |  1: 87.24    |  2: 91.34    |  3: 90.86    |  4: 43.35    |  5: 83.62    |  6: 26.14    |  7: 57.73    |  8: 49.25    |  9: 92.84    |  10: 89.52    |  11: 44.88    |  12: 67.07    |  13: 83.96    |  14: 94.84    |  15: 85.21    |  16: 95.81    |  17: 73.95    |  18: 76.73    |  19: 82.41   
[Batch: 0928/2400] mIoU: 31.37  |  FB-IoU: 85.79 |  0: 88.53    |  1: 87.24    |  2: 91.34    |  3: 90.86    |  4: 43.35    |  5: 83.62    |  6: 26.14    |  7: 57.73    |  8: 49.25    |  9: 92.84    |  10: 89.52    |  11: 44.88    |  12: 67.07    |  13: 83.96    |  14: 94.84    |  15: 85.21    |  16: 95.81    |  17: 73.95    |  18: 76.73    |  19: 82.41   
[Batch: 0929/2400] mIoU: 31.38  |  FB-IoU: 85.80 |  0: 88.53    |  1: 87.24    |  2: 91.34    |  3: 90.86    |  4: 43.35    |  5: 83.62    |  6: 26.14    |  7: 57.73    |  8: 49.25    |  9: 92.84    |  10: 89.52    |  11: 44.88    |  12: 67.07    |  13: 83.96    |  14: 94.84    |  15: 85.21    |  16: 95.81    |  17: 73.95    |  18: 76.73    |  19: 82.41   
[Batch: 0930/2400] mIoU: 31.39  |  FB-IoU: 85.81 |  0: 88.53    |  1: 87.24    |  2: 91.34    |  3: 90.86    |  4: 43.35    |  5: 83.62    |  6: 26.14    |  7: 57.73    |  8: 49.25    |  9: 92.84    |  10: 89.52    |  11: 44.88    |  12: 67.07    |  13: 83.96    |  14: 94.84    |  15: 85.21    |  16: 95.81    |  17: 73.95    |  18: 76.73    |  19: 82.41   
[Batch: 0931/2400] mIoU: 31.77  |  FB-IoU: 85.82 |  0: 88.53    |  1: 87.24    |  2: 91.34    |  3: 90.86    |  4: 43.35    |  5: 83.62    |  6: 26.14    |  7: 57.73    |  8: 49.25    |  9: 92.84    |  10: 89.52    |  11: 44.88    |  12: 67.07    |  13: 83.96    |  14: 94.84    |  15: 85.21    |  16: 95.81    |  17: 73.95    |  18: 76.73    |  19: 82.41   
[Batch: 0932/2400] mIoU: 31.76  |  FB-IoU: 85.82 |  0: 88.53    |  1: 87.24    |  2: 91.34    |  3: 90.86    |  4: 43.35    |  5: 83.62    |  6: 26.14    |  7: 57.73    |  8: 49.25    |  9: 92.84    |  10: 89.52    |  11: 44.88    |  12: 67.07    |  13: 83.96    |  14: 94.84    |  15: 85.21    |  16: 95.81    |  17: 73.95    |  18: 76.73    |  19: 82.41   
[Batch: 0933/2400] mIoU: 31.76  |  FB-IoU: 85.83 |  0: 88.53    |  1: 87.24    |  2: 91.34    |  3: 90.86    |  4: 43.35    |  5: 83.62    |  6: 26.14    |  7: 57.73    |  8: 49.25    |  9: 92.84    |  10: 89.52    |  11: 44.88    |  12: 67.07    |  13: 83.96    |  14: 94.84    |  15: 85.21    |  16: 95.81    |  17: 73.95    |  18: 76.73    |  19: 82.41   
[Batch: 0934/2400] mIoU: 31.47  |  FB-IoU: 85.61 |  0: 88.53    |  1: 87.24    |  2: 91.34    |  3: 90.86    |  4: 43.35    |  5: 83.62    |  6: 26.14    |  7: 57.73    |  8: 49.25    |  9: 92.84    |  10: 89.52    |  11: 44.88    |  12: 67.07    |  13: 83.96    |  14: 94.84    |  15: 85.21    |  16: 95.81    |  17: 73.95    |  18: 76.73    |  19: 82.41   
[Batch: 0935/2400] mIoU: 31.50  |  FB-IoU: 85.62 |  0: 88.53    |  1: 87.24    |  2: 91.34    |  3: 90.86    |  4: 43.35    |  5: 83.62    |  6: 26.14    |  7: 57.73    |  8: 49.25    |  9: 92.84    |  10: 89.52    |  11: 44.88    |  12: 67.07    |  13: 83.96    |  14: 94.84    |  15: 85.21    |  16: 95.81    |  17: 73.95    |  18: 76.73    |  19: 82.41   
[Batch: 0936/2400] mIoU: 31.46  |  FB-IoU: 85.41 |  0: 88.53    |  1: 87.24    |  2: 91.34    |  3: 90.86    |  4: 43.35    |  5: 83.62    |  6: 26.14    |  7: 57.73    |  8: 49.25    |  9: 92.84    |  10: 89.52    |  11: 44.88    |  12: 67.07    |  13: 83.96    |  14: 94.84    |  15: 85.21    |  16: 95.81    |  17: 73.95    |  18: 76.73    |  19: 82.41   
[Batch: 0937/2400] mIoU: 31.46  |  FB-IoU: 85.42 |  0: 88.53    |  1: 87.24    |  2: 91.34    |  3: 90.86    |  4: 43.35    |  5: 83.62    |  6: 26.14    |  7: 57.73    |  8: 49.25    |  9: 92.84    |  10: 89.52    |  11: 44.88    |  12: 67.07    |  13: 83.96    |  14: 94.84    |  15: 85.21    |  16: 95.81    |  17: 73.95    |  18: 76.73    |  19: 82.41   
[Batch: 0938/2400] mIoU: 31.48  |  FB-IoU: 85.42 |  0: 88.53    |  1: 87.24    |  2: 91.34    |  3: 90.86    |  4: 43.35    |  5: 83.62    |  6: 26.14    |  7: 57.73    |  8: 49.25    |  9: 92.84    |  10: 89.52    |  11: 44.88    |  12: 67.07    |  13: 83.96    |  14: 94.84    |  15: 85.21    |  16: 95.81    |  17: 73.95    |  18: 76.73    |  19: 82.41   
[Batch: 0939/2400] mIoU: 31.49  |  FB-IoU: 85.43 |  0: 88.53    |  1: 87.24    |  2: 91.34    |  3: 90.86    |  4: 43.35    |  5: 83.62    |  6: 26.14    |  7: 57.73    |  8: 49.25    |  9: 92.84    |  10: 89.52    |  11: 44.88    |  12: 67.07    |  13: 83.96    |  14: 94.84    |  15: 85.21    |  16: 95.81    |  17: 73.95    |  18: 76.73    |  19: 82.41   
[Batch: 0940/2400] mIoU: 31.49  |  FB-IoU: 85.42 |  0: 88.53    |  1: 87.24    |  2: 91.34    |  3: 90.86    |  4: 43.35    |  5: 83.62    |  6: 26.14    |  7: 57.73    |  8: 49.25    |  9: 92.84    |  10: 89.52    |  11: 44.88    |  12: 67.07    |  13: 83.96    |  14: 94.84    |  15: 85.21    |  16: 95.81    |  17: 73.95    |  18: 76.73    |  19: 82.41   
[Batch: 0941/2400] mIoU: 31.89  |  FB-IoU: 85.43 |  0: 88.53    |  1: 87.24    |  2: 91.34    |  3: 90.86    |  4: 43.35    |  5: 83.62    |  6: 26.14    |  7: 57.73    |  8: 49.25    |  9: 92.84    |  10: 89.52    |  11: 44.88    |  12: 67.07    |  13: 83.96    |  14: 94.84    |  15: 85.21    |  16: 95.81    |  17: 73.95    |  18: 76.73    |  19: 82.41   
[Batch: 0942/2400] mIoU: 31.89  |  FB-IoU: 85.44 |  0: 88.53    |  1: 87.24    |  2: 91.34    |  3: 90.86    |  4: 43.35    |  5: 83.62    |  6: 26.14    |  7: 57.73    |  8: 49.25    |  9: 92.84    |  10: 89.52    |  11: 44.88    |  12: 67.07    |  13: 83.96    |  14: 94.84    |  15: 85.21    |  16: 95.81    |  17: 73.95    |  18: 76.73    |  19: 82.41   
[Batch: 0943/2400] mIoU: 31.89  |  FB-IoU: 85.45 |  0: 88.53    |  1: 87.24    |  2: 91.34    |  3: 90.86    |  4: 43.35    |  5: 83.62    |  6: 26.14    |  7: 57.73    |  8: 49.25    |  9: 92.84    |  10: 89.52    |  11: 44.88    |  12: 67.07    |  13: 83.96    |  14: 94.84    |  15: 85.21    |  16: 95.81    |  17: 73.95    |  18: 76.73    |  19: 82.41   
[Batch: 0944/2400] mIoU: 31.86  |  FB-IoU: 85.45 |  0: 88.53    |  1: 87.24    |  2: 91.34    |  3: 90.86    |  4: 43.35    |  5: 83.62    |  6: 26.14    |  7: 57.73    |  8: 49.25    |  9: 92.84    |  10: 89.52    |  11: 44.88    |  12: 67.07    |  13: 83.96    |  14: 94.84    |  15: 85.21    |  16: 95.81    |  17: 73.95    |  18: 76.73    |  19: 82.41   
[Batch: 0945/2400] mIoU: 31.86  |  FB-IoU: 85.45 |  0: 88.53    |  1: 87.24    |  2: 91.34    |  3: 90.86    |  4: 43.35    |  5: 83.62    |  6: 26.14    |  7: 57.73    |  8: 49.25    |  9: 92.84    |  10: 89.52    |  11: 44.88    |  12: 67.07    |  13: 83.96    |  14: 94.84    |  15: 85.21    |  16: 95.81    |  17: 73.95    |  18: 76.73    |  19: 82.41   
[Batch: 0946/2400] mIoU: 31.86  |  FB-IoU: 85.46 |  0: 88.53    |  1: 87.24    |  2: 91.34    |  3: 90.86    |  4: 43.35    |  5: 83.62    |  6: 26.14    |  7: 57.73    |  8: 49.25    |  9: 92.84    |  10: 89.52    |  11: 44.88    |  12: 67.07    |  13: 83.96    |  14: 94.84    |  15: 85.21    |  16: 95.81    |  17: 73.95    |  18: 76.73    |  19: 82.41   
[Batch: 0947/2400] mIoU: 31.87  |  FB-IoU: 85.47 |  0: 88.53    |  1: 87.24    |  2: 91.34    |  3: 90.86    |  4: 43.35    |  5: 83.62    |  6: 26.14    |  7: 57.73    |  8: 49.25    |  9: 92.84    |  10: 89.52    |  11: 44.88    |  12: 67.07    |  13: 83.96    |  14: 94.84    |  15: 85.21    |  16: 95.81    |  17: 73.95    |  18: 76.73    |  19: 82.41   
[Batch: 0948/2400] mIoU: 31.87  |  FB-IoU: 85.48 |  0: 88.53    |  1: 87.24    |  2: 91.34    |  3: 90.86    |  4: 43.35    |  5: 83.62    |  6: 26.14    |  7: 57.73    |  8: 49.25    |  9: 92.84    |  10: 89.52    |  11: 44.88    |  12: 67.07    |  13: 83.96    |  14: 94.84    |  15: 85.21    |  16: 95.81    |  17: 73.95    |  18: 76.73    |  19: 82.41   
[Batch: 0949/2400] mIoU: 31.87  |  FB-IoU: 85.49 |  0: 88.53    |  1: 87.24    |  2: 91.34    |  3: 90.86    |  4: 43.35    |  5: 83.62    |  6: 26.14    |  7: 57.73    |  8: 49.25    |  9: 92.84    |  10: 89.52    |  11: 44.88    |  12: 67.07    |  13: 83.96    |  14: 94.84    |  15: 85.21    |  16: 95.81    |  17: 73.95    |  18: 76.73    |  19: 82.41   
[Batch: 0950/2400] mIoU: 31.88  |  FB-IoU: 85.50 |  0: 88.53    |  1: 87.24    |  2: 91.34    |  3: 90.86    |  4: 43.35    |  5: 83.62    |  6: 26.14    |  7: 57.73    |  8: 49.25    |  9: 92.84    |  10: 89.52    |  11: 44.88    |  12: 67.07    |  13: 83.96    |  14: 94.84    |  15: 85.21    |  16: 95.81    |  17: 73.95    |  18: 76.73    |  19: 82.41   
[Batch: 0951/2400] mIoU: 32.26  |  FB-IoU: 85.51 |  0: 88.53    |  1: 87.24    |  2: 91.34    |  3: 90.86    |  4: 43.35    |  5: 83.62    |  6: 26.14    |  7: 57.73    |  8: 49.25    |  9: 92.84    |  10: 89.52    |  11: 44.88    |  12: 67.07    |  13: 83.96    |  14: 94.84    |  15: 85.21    |  16: 95.81    |  17: 73.95    |  18: 76.73    |  19: 82.41   
[Batch: 0952/2400] mIoU: 32.26  |  FB-IoU: 85.51 |  0: 88.53    |  1: 87.24    |  2: 91.34    |  3: 90.86    |  4: 43.35    |  5: 83.62    |  6: 26.14    |  7: 57.73    |  8: 49.25    |  9: 92.84    |  10: 89.52    |  11: 44.88    |  12: 67.07    |  13: 83.96    |  14: 94.84    |  15: 85.21    |  16: 95.81    |  17: 73.95    |  18: 76.73    |  19: 82.41   
[Batch: 0953/2400] mIoU: 32.26  |  FB-IoU: 85.52 |  0: 88.53    |  1: 87.24    |  2: 91.34    |  3: 90.86    |  4: 43.35    |  5: 83.62    |  6: 26.14    |  7: 57.73    |  8: 49.25    |  9: 92.84    |  10: 89.52    |  11: 44.88    |  12: 67.07    |  13: 83.96    |  14: 94.84    |  15: 85.21    |  16: 95.81    |  17: 73.95    |  18: 76.73    |  19: 82.41   
[Batch: 0954/2400] mIoU: 32.26  |  FB-IoU: 85.53 |  0: 88.53    |  1: 87.24    |  2: 91.34    |  3: 90.86    |  4: 43.35    |  5: 83.62    |  6: 26.14    |  7: 57.73    |  8: 49.25    |  9: 92.84    |  10: 89.52    |  11: 44.88    |  12: 67.07    |  13: 83.96    |  14: 94.84    |  15: 85.21    |  16: 95.81    |  17: 73.95    |  18: 76.73    |  19: 82.41   
[Batch: 0955/2400] mIoU: 32.26  |  FB-IoU: 85.54 |  0: 88.53    |  1: 87.24    |  2: 91.34    |  3: 90.86    |  4: 43.35    |  5: 83.62    |  6: 26.14    |  7: 57.73    |  8: 49.25    |  9: 92.84    |  10: 89.52    |  11: 44.88    |  12: 67.07    |  13: 83.96    |  14: 94.84    |  15: 85.21    |  16: 95.81    |  17: 73.95    |  18: 76.73    |  19: 82.41   
[Batch: 0956/2400] mIoU: 32.26  |  FB-IoU: 85.55 |  0: 88.53    |  1: 87.24    |  2: 91.34    |  3: 90.86    |  4: 43.35    |  5: 83.62    |  6: 26.14    |  7: 57.73    |  8: 49.25    |  9: 92.84    |  10: 89.52    |  11: 44.88    |  12: 67.07    |  13: 83.96    |  14: 94.84    |  15: 85.21    |  16: 95.81    |  17: 73.95    |  18: 76.73    |  19: 82.41   
[Batch: 0957/2400] mIoU: 32.26  |  FB-IoU: 85.55 |  0: 88.53    |  1: 87.24    |  2: 91.34    |  3: 90.86    |  4: 43.35    |  5: 83.62    |  6: 26.14    |  7: 57.73    |  8: 49.25    |  9: 92.84    |  10: 89.52    |  11: 44.88    |  12: 67.07    |  13: 83.96    |  14: 94.84    |  15: 85.21    |  16: 95.81    |  17: 73.95    |  18: 76.73    |  19: 82.41   
[Batch: 0958/2400] mIoU: 32.26  |  FB-IoU: 85.56 |  0: 88.53    |  1: 87.24    |  2: 91.34    |  3: 90.86    |  4: 43.35    |  5: 83.62    |  6: 26.14    |  7: 57.73    |  8: 49.25    |  9: 92.84    |  10: 89.52    |  11: 44.88    |  12: 67.07    |  13: 83.96    |  14: 94.84    |  15: 85.21    |  16: 95.81    |  17: 73.95    |  18: 76.73    |  19: 82.41   
[Batch: 0959/2400] mIoU: 32.26  |  FB-IoU: 85.57 |  0: 88.53    |  1: 87.24    |  2: 91.34    |  3: 90.86    |  4: 43.35    |  5: 83.62    |  6: 26.14    |  7: 57.73    |  8: 49.25    |  9: 92.84    |  10: 89.52    |  11: 44.88    |  12: 67.07    |  13: 83.96    |  14: 94.84    |  15: 85.21    |  16: 95.81    |  17: 73.95    |  18: 76.73    |  19: 82.41   
[Batch: 0960/2400] mIoU: 32.26  |  FB-IoU: 85.57 |  0: 88.53    |  1: 87.24    |  2: 91.34    |  3: 90.86    |  4: 43.35    |  5: 83.62    |  6: 26.14    |  7: 57.73    |  8: 49.25    |  9: 92.84    |  10: 89.52    |  11: 44.88    |  12: 67.07    |  13: 83.96    |  14: 94.84    |  15: 85.21    |  16: 95.81    |  17: 73.95    |  18: 76.73    |  19: 82.41   
[Batch: 0961/2400] mIoU: 32.63  |  FB-IoU: 85.58 |  0: 88.53    |  1: 87.24    |  2: 91.34    |  3: 90.86    |  4: 43.35    |  5: 83.62    |  6: 26.14    |  7: 57.73    |  8: 49.25    |  9: 92.84    |  10: 89.52    |  11: 44.88    |  12: 67.07    |  13: 83.96    |  14: 94.84    |  15: 85.21    |  16: 95.81    |  17: 73.95    |  18: 76.73    |  19: 82.41   
[Batch: 0962/2400] mIoU: 32.64  |  FB-IoU: 85.59 |  0: 88.53    |  1: 87.24    |  2: 91.34    |  3: 90.86    |  4: 43.35    |  5: 83.62    |  6: 26.14    |  7: 57.73    |  8: 49.25    |  9: 92.84    |  10: 89.52    |  11: 44.88    |  12: 67.07    |  13: 83.96    |  14: 94.84    |  15: 85.21    |  16: 95.81    |  17: 73.95    |  18: 76.73    |  19: 82.41   
[Batch: 0963/2400] mIoU: 32.64  |  FB-IoU: 85.59 |  0: 88.53    |  1: 87.24    |  2: 91.34    |  3: 90.86    |  4: 43.35    |  5: 83.62    |  6: 26.14    |  7: 57.73    |  8: 49.25    |  9: 92.84    |  10: 89.52    |  11: 44.88    |  12: 67.07    |  13: 83.96    |  14: 94.84    |  15: 85.21    |  16: 95.81    |  17: 73.95    |  18: 76.73    |  19: 82.41   
[Batch: 0964/2400] mIoU: 32.65  |  FB-IoU: 85.60 |  0: 88.53    |  1: 87.24    |  2: 91.34    |  3: 90.86    |  4: 43.35    |  5: 83.62    |  6: 26.14    |  7: 57.73    |  8: 49.25    |  9: 92.84    |  10: 89.52    |  11: 44.88    |  12: 67.07    |  13: 83.96    |  14: 94.84    |  15: 85.21    |  16: 95.81    |  17: 73.95    |  18: 76.73    |  19: 82.41   
[Batch: 0965/2400] mIoU: 32.65  |  FB-IoU: 85.62 |  0: 88.53    |  1: 87.24    |  2: 91.34    |  3: 90.86    |  4: 43.35    |  5: 83.62    |  6: 26.14    |  7: 57.73    |  8: 49.25    |  9: 92.84    |  10: 89.52    |  11: 44.88    |  12: 67.07    |  13: 83.96    |  14: 94.84    |  15: 85.21    |  16: 95.81    |  17: 73.95    |  18: 76.73    |  19: 82.41   
[Batch: 0966/2400] mIoU: 32.65  |  FB-IoU: 85.62 |  0: 88.53    |  1: 87.24    |  2: 91.34    |  3: 90.86    |  4: 43.35    |  5: 83.62    |  6: 26.14    |  7: 57.73    |  8: 49.25    |  9: 92.84    |  10: 89.52    |  11: 44.88    |  12: 67.07    |  13: 83.96    |  14: 94.84    |  15: 85.21    |  16: 95.81    |  17: 73.95    |  18: 76.73    |  19: 82.41   
[Batch: 0967/2400] mIoU: 32.65  |  FB-IoU: 85.63 |  0: 88.53    |  1: 87.24    |  2: 91.34    |  3: 90.86    |  4: 43.35    |  5: 83.62    |  6: 26.14    |  7: 57.73    |  8: 49.25    |  9: 92.84    |  10: 89.52    |  11: 44.88    |  12: 67.07    |  13: 83.96    |  14: 94.84    |  15: 85.21    |  16: 95.81    |  17: 73.95    |  18: 76.73    |  19: 82.41   
[Batch: 0968/2400] mIoU: 32.65  |  FB-IoU: 85.64 |  0: 88.53    |  1: 87.24    |  2: 91.34    |  3: 90.86    |  4: 43.35    |  5: 83.62    |  6: 26.14    |  7: 57.73    |  8: 49.25    |  9: 92.84    |  10: 89.52    |  11: 44.88    |  12: 67.07    |  13: 83.96    |  14: 94.84    |  15: 85.21    |  16: 95.81    |  17: 73.95    |  18: 76.73    |  19: 82.41   
[Batch: 0969/2400] mIoU: 32.65  |  FB-IoU: 85.65 |  0: 88.53    |  1: 87.24    |  2: 91.34    |  3: 90.86    |  4: 43.35    |  5: 83.62    |  6: 26.14    |  7: 57.73    |  8: 49.25    |  9: 92.84    |  10: 89.52    |  11: 44.88    |  12: 67.07    |  13: 83.96    |  14: 94.84    |  15: 85.21    |  16: 95.81    |  17: 73.95    |  18: 76.73    |  19: 82.41   
[Batch: 0970/2400] mIoU: 32.64  |  FB-IoU: 85.64 |  0: 88.53    |  1: 87.24    |  2: 91.34    |  3: 90.86    |  4: 43.35    |  5: 83.62    |  6: 26.14    |  7: 57.73    |  8: 49.25    |  9: 92.84    |  10: 89.52    |  11: 44.88    |  12: 67.07    |  13: 83.96    |  14: 94.84    |  15: 85.21    |  16: 95.81    |  17: 73.95    |  18: 76.73    |  19: 82.41   
[Batch: 0971/2400] mIoU: 33.04  |  FB-IoU: 85.66 |  0: 88.53    |  1: 87.24    |  2: 91.34    |  3: 90.86    |  4: 43.35    |  5: 83.62    |  6: 26.14    |  7: 57.73    |  8: 49.25    |  9: 92.84    |  10: 89.52    |  11: 44.88    |  12: 67.07    |  13: 83.96    |  14: 94.84    |  15: 85.21    |  16: 95.81    |  17: 73.95    |  18: 76.73    |  19: 82.41   
[Batch: 0972/2400] mIoU: 33.04  |  FB-IoU: 85.67 |  0: 88.53    |  1: 87.24    |  2: 91.34    |  3: 90.86    |  4: 43.35    |  5: 83.62    |  6: 26.14    |  7: 57.73    |  8: 49.25    |  9: 92.84    |  10: 89.52    |  11: 44.88    |  12: 67.07    |  13: 83.96    |  14: 94.84    |  15: 85.21    |  16: 95.81    |  17: 73.95    |  18: 76.73    |  19: 82.41   
[Batch: 0973/2400] mIoU: 33.04  |  FB-IoU: 85.68 |  0: 88.53    |  1: 87.24    |  2: 91.34    |  3: 90.86    |  4: 43.35    |  5: 83.62    |  6: 26.14    |  7: 57.73    |  8: 49.25    |  9: 92.84    |  10: 89.52    |  11: 44.88    |  12: 67.07    |  13: 83.96    |  14: 94.84    |  15: 85.21    |  16: 95.81    |  17: 73.95    |  18: 76.73    |  19: 82.41   
[Batch: 0974/2400] mIoU: 33.04  |  FB-IoU: 85.70 |  0: 88.53    |  1: 87.24    |  2: 91.34    |  3: 90.86    |  4: 43.35    |  5: 83.62    |  6: 26.14    |  7: 57.73    |  8: 49.25    |  9: 92.84    |  10: 89.52    |  11: 44.88    |  12: 67.07    |  13: 83.96    |  14: 94.84    |  15: 85.21    |  16: 95.81    |  17: 73.95    |  18: 76.73    |  19: 82.41   
[Batch: 0975/2400] mIoU: 33.04  |  FB-IoU: 85.71 |  0: 88.53    |  1: 87.24    |  2: 91.34    |  3: 90.86    |  4: 43.35    |  5: 83.62    |  6: 26.14    |  7: 57.73    |  8: 49.25    |  9: 92.84    |  10: 89.52    |  11: 44.88    |  12: 67.07    |  13: 83.96    |  14: 94.84    |  15: 85.21    |  16: 95.81    |  17: 73.95    |  18: 76.73    |  19: 82.41   
[Batch: 0976/2400] mIoU: 33.04  |  FB-IoU: 85.72 |  0: 88.53    |  1: 87.24    |  2: 91.34    |  3: 90.86    |  4: 43.35    |  5: 83.62    |  6: 26.14    |  7: 57.73    |  8: 49.25    |  9: 92.84    |  10: 89.52    |  11: 44.88    |  12: 67.07    |  13: 83.96    |  14: 94.84    |  15: 85.21    |  16: 95.81    |  17: 73.95    |  18: 76.73    |  19: 82.41   
[Batch: 0977/2400] mIoU: 33.04  |  FB-IoU: 85.73 |  0: 88.53    |  1: 87.24    |  2: 91.34    |  3: 90.86    |  4: 43.35    |  5: 83.62    |  6: 26.14    |  7: 57.73    |  8: 49.25    |  9: 92.84    |  10: 89.52    |  11: 44.88    |  12: 67.07    |  13: 83.96    |  14: 94.84    |  15: 85.21    |  16: 95.81    |  17: 73.95    |  18: 76.73    |  19: 82.41   
[Batch: 0978/2400] mIoU: 33.04  |  FB-IoU: 85.75 |  0: 88.53    |  1: 87.24    |  2: 91.34    |  3: 90.86    |  4: 43.35    |  5: 83.62    |  6: 26.14    |  7: 57.73    |  8: 49.25    |  9: 92.84    |  10: 89.52    |  11: 44.88    |  12: 67.07    |  13: 83.96    |  14: 94.84    |  15: 85.21    |  16: 95.81    |  17: 73.95    |  18: 76.73    |  19: 82.41   
[Batch: 0979/2400] mIoU: 33.04  |  FB-IoU: 85.76 |  0: 88.53    |  1: 87.24    |  2: 91.34    |  3: 90.86    |  4: 43.35    |  5: 83.62    |  6: 26.14    |  7: 57.73    |  8: 49.25    |  9: 92.84    |  10: 89.52    |  11: 44.88    |  12: 67.07    |  13: 83.96    |  14: 94.84    |  15: 85.21    |  16: 95.81    |  17: 73.95    |  18: 76.73    |  19: 82.41   
[Batch: 0980/2400] mIoU: 33.04  |  FB-IoU: 85.77 |  0: 88.53    |  1: 87.24    |  2: 91.34    |  3: 90.86    |  4: 43.35    |  5: 83.62    |  6: 26.14    |  7: 57.73    |  8: 49.25    |  9: 92.84    |  10: 89.52    |  11: 44.88    |  12: 67.07    |  13: 83.96    |  14: 94.84    |  15: 85.21    |  16: 95.81    |  17: 73.95    |  18: 76.73    |  19: 82.41   
[Batch: 0981/2400] mIoU: 33.36  |  FB-IoU: 85.77 |  0: 88.53    |  1: 87.24    |  2: 91.34    |  3: 90.86    |  4: 43.35    |  5: 83.62    |  6: 26.14    |  7: 57.73    |  8: 49.25    |  9: 92.84    |  10: 89.52    |  11: 44.88    |  12: 67.07    |  13: 83.96    |  14: 94.84    |  15: 85.21    |  16: 95.81    |  17: 73.95    |  18: 76.73    |  19: 82.41   
[Batch: 0982/2400] mIoU: 33.38  |  FB-IoU: 85.78 |  0: 88.53    |  1: 87.24    |  2: 91.34    |  3: 90.86    |  4: 43.35    |  5: 83.62    |  6: 26.14    |  7: 57.73    |  8: 49.25    |  9: 92.84    |  10: 89.52    |  11: 44.88    |  12: 67.07    |  13: 83.96    |  14: 94.84    |  15: 85.21    |  16: 95.81    |  17: 73.95    |  18: 76.73    |  19: 82.41   
[Batch: 0983/2400] mIoU: 33.40  |  FB-IoU: 85.79 |  0: 88.53    |  1: 87.24    |  2: 91.34    |  3: 90.86    |  4: 43.35    |  5: 83.62    |  6: 26.14    |  7: 57.73    |  8: 49.25    |  9: 92.84    |  10: 89.52    |  11: 44.88    |  12: 67.07    |  13: 83.96    |  14: 94.84    |  15: 85.21    |  16: 95.81    |  17: 73.95    |  18: 76.73    |  19: 82.41   
[Batch: 0984/2400] mIoU: 33.42  |  FB-IoU: 85.80 |  0: 88.53    |  1: 87.24    |  2: 91.34    |  3: 90.86    |  4: 43.35    |  5: 83.62    |  6: 26.14    |  7: 57.73    |  8: 49.25    |  9: 92.84    |  10: 89.52    |  11: 44.88    |  12: 67.07    |  13: 83.96    |  14: 94.84    |  15: 85.21    |  16: 95.81    |  17: 73.95    |  18: 76.73    |  19: 82.41   
[Batch: 0985/2400] mIoU: 33.42  |  FB-IoU: 85.81 |  0: 88.53    |  1: 87.24    |  2: 91.34    |  3: 90.86    |  4: 43.35    |  5: 83.62    |  6: 26.14    |  7: 57.73    |  8: 49.25    |  9: 92.84    |  10: 89.52    |  11: 44.88    |  12: 67.07    |  13: 83.96    |  14: 94.84    |  15: 85.21    |  16: 95.81    |  17: 73.95    |  18: 76.73    |  19: 82.41   
[Batch: 0986/2400] mIoU: 33.42  |  FB-IoU: 85.81 |  0: 88.53    |  1: 87.24    |  2: 91.34    |  3: 90.86    |  4: 43.35    |  5: 83.62    |  6: 26.14    |  7: 57.73    |  8: 49.25    |  9: 92.84    |  10: 89.52    |  11: 44.88    |  12: 67.07    |  13: 83.96    |  14: 94.84    |  15: 85.21    |  16: 95.81    |  17: 73.95    |  18: 76.73    |  19: 82.41   
[Batch: 0987/2400] mIoU: 33.42  |  FB-IoU: 85.82 |  0: 88.53    |  1: 87.24    |  2: 91.34    |  3: 90.86    |  4: 43.35    |  5: 83.62    |  6: 26.14    |  7: 57.73    |  8: 49.25    |  9: 92.84    |  10: 89.52    |  11: 44.88    |  12: 67.07    |  13: 83.96    |  14: 94.84    |  15: 85.21    |  16: 95.81    |  17: 73.95    |  18: 76.73    |  19: 82.41   
[Batch: 0988/2400] mIoU: 33.43  |  FB-IoU: 85.84 |  0: 88.53    |  1: 87.24    |  2: 91.34    |  3: 90.86    |  4: 43.35    |  5: 83.62    |  6: 26.14    |  7: 57.73    |  8: 49.25    |  9: 92.84    |  10: 89.52    |  11: 44.88    |  12: 67.07    |  13: 83.96    |  14: 94.84    |  15: 85.21    |  16: 95.81    |  17: 73.95    |  18: 76.73    |  19: 82.41   
[Batch: 0989/2400] mIoU: 33.43  |  FB-IoU: 85.84 |  0: 88.53    |  1: 87.24    |  2: 91.34    |  3: 90.86    |  4: 43.35    |  5: 83.62    |  6: 26.14    |  7: 57.73    |  8: 49.25    |  9: 92.84    |  10: 89.52    |  11: 44.88    |  12: 67.07    |  13: 83.96    |  14: 94.84    |  15: 85.21    |  16: 95.81    |  17: 73.95    |  18: 76.73    |  19: 82.41   
[Batch: 0990/2400] mIoU: 33.43  |  FB-IoU: 85.85 |  0: 88.53    |  1: 87.24    |  2: 91.34    |  3: 90.86    |  4: 43.35    |  5: 83.62    |  6: 26.14    |  7: 57.73    |  8: 49.25    |  9: 92.84    |  10: 89.52    |  11: 44.88    |  12: 67.07    |  13: 83.96    |  14: 94.84    |  15: 85.21    |  16: 95.81    |  17: 73.95    |  18: 76.73    |  19: 82.41   
[Batch: 0991/2400] mIoU: 33.82  |  FB-IoU: 85.86 |  0: 88.53    |  1: 87.24    |  2: 91.34    |  3: 90.86    |  4: 43.35    |  5: 83.62    |  6: 26.14    |  7: 57.73    |  8: 49.25    |  9: 92.84    |  10: 89.52    |  11: 44.88    |  12: 67.07    |  13: 83.96    |  14: 94.84    |  15: 85.21    |  16: 95.81    |  17: 73.95    |  18: 76.73    |  19: 82.41   
[Batch: 0992/2400] mIoU: 33.65  |  FB-IoU: 85.83 |  0: 88.53    |  1: 87.24    |  2: 91.34    |  3: 90.86    |  4: 43.35    |  5: 83.62    |  6: 26.14    |  7: 57.73    |  8: 49.25    |  9: 92.84    |  10: 89.52    |  11: 44.88    |  12: 67.07    |  13: 83.96    |  14: 94.84    |  15: 85.21    |  16: 95.81    |  17: 73.95    |  18: 76.73    |  19: 82.41   
[Batch: 0993/2400] mIoU: 33.71  |  FB-IoU: 85.84 |  0: 88.53    |  1: 87.24    |  2: 91.34    |  3: 90.86    |  4: 43.35    |  5: 83.62    |  6: 26.14    |  7: 57.73    |  8: 49.25    |  9: 92.84    |  10: 89.52    |  11: 44.88    |  12: 67.07    |  13: 83.96    |  14: 94.84    |  15: 85.21    |  16: 95.81    |  17: 73.95    |  18: 76.73    |  19: 82.41   
[Batch: 0994/2400] mIoU: 33.56  |  FB-IoU: 85.68 |  0: 88.53    |  1: 87.24    |  2: 91.34    |  3: 90.86    |  4: 43.35    |  5: 83.62    |  6: 26.14    |  7: 57.73    |  8: 49.25    |  9: 92.84    |  10: 89.52    |  11: 44.88    |  12: 67.07    |  13: 83.96    |  14: 94.84    |  15: 85.21    |  16: 95.81    |  17: 73.95    |  18: 76.73    |  19: 82.41   
[Batch: 0995/2400] mIoU: 33.59  |  FB-IoU: 85.69 |  0: 88.53    |  1: 87.24    |  2: 91.34    |  3: 90.86    |  4: 43.35    |  5: 83.62    |  6: 26.14    |  7: 57.73    |  8: 49.25    |  9: 92.84    |  10: 89.52    |  11: 44.88    |  12: 67.07    |  13: 83.96    |  14: 94.84    |  15: 85.21    |  16: 95.81    |  17: 73.95    |  18: 76.73    |  19: 82.41   
[Batch: 0996/2400] mIoU: 33.66  |  FB-IoU: 85.71 |  0: 88.53    |  1: 87.24    |  2: 91.34    |  3: 90.86    |  4: 43.35    |  5: 83.62    |  6: 26.14    |  7: 57.73    |  8: 49.25    |  9: 92.84    |  10: 89.52    |  11: 44.88    |  12: 67.07    |  13: 83.96    |  14: 94.84    |  15: 85.21    |  16: 95.81    |  17: 73.95    |  18: 76.73    |  19: 82.41   
[Batch: 0997/2400] mIoU: 33.68  |  FB-IoU: 85.73 |  0: 88.53    |  1: 87.24    |  2: 91.34    |  3: 90.86    |  4: 43.35    |  5: 83.62    |  6: 26.14    |  7: 57.73    |  8: 49.25    |  9: 92.84    |  10: 89.52    |  11: 44.88    |  12: 67.07    |  13: 83.96    |  14: 94.84    |  15: 85.21    |  16: 95.81    |  17: 73.95    |  18: 76.73    |  19: 82.41   
[Batch: 0998/2400] mIoU: 33.69  |  FB-IoU: 85.73 |  0: 88.53    |  1: 87.24    |  2: 91.34    |  3: 90.86    |  4: 43.35    |  5: 83.62    |  6: 26.14    |  7: 57.73    |  8: 49.25    |  9: 92.84    |  10: 89.52    |  11: 44.88    |  12: 67.07    |  13: 83.96    |  14: 94.84    |  15: 85.21    |  16: 95.81    |  17: 73.95    |  18: 76.73    |  19: 82.41   
[Batch: 0999/2400] mIoU: 33.71  |  FB-IoU: 85.75 |  0: 88.53    |  1: 87.24    |  2: 91.34    |  3: 90.86    |  4: 43.35    |  5: 83.62    |  6: 26.14    |  7: 57.73    |  8: 49.25    |  9: 92.84    |  10: 89.52    |  11: 44.88    |  12: 67.07    |  13: 83.96    |  14: 94.84    |  15: 85.21    |  16: 95.81    |  17: 73.95    |  18: 76.73    |  19: 82.41   
[Batch: 1000/2400] mIoU: 33.72  |  FB-IoU: 85.76 |  0: 88.53    |  1: 87.24    |  2: 91.34    |  3: 90.86    |  4: 43.35    |  5: 83.62    |  6: 26.14    |  7: 57.73    |  8: 49.25    |  9: 92.84    |  10: 89.52    |  11: 44.88    |  12: 67.07    |  13: 83.96    |  14: 94.84    |  15: 85.21    |  16: 95.81    |  17: 73.95    |  18: 76.73    |  19: 82.41   
[Batch: 1001/2400] mIoU: 34.11  |  FB-IoU: 85.77 |  0: 88.53    |  1: 87.24    |  2: 91.34    |  3: 90.86    |  4: 43.35    |  5: 83.62    |  6: 26.14    |  7: 57.73    |  8: 49.25    |  9: 92.84    |  10: 89.52    |  11: 44.88    |  12: 67.07    |  13: 83.96    |  14: 94.84    |  15: 85.21    |  16: 95.81    |  17: 73.95    |  18: 76.73    |  19: 82.41   
[Batch: 1002/2400] mIoU: 34.11  |  FB-IoU: 85.78 |  0: 88.53    |  1: 87.24    |  2: 91.34    |  3: 90.86    |  4: 43.35    |  5: 83.62    |  6: 26.14    |  7: 57.73    |  8: 49.25    |  9: 92.84    |  10: 89.52    |  11: 44.88    |  12: 67.07    |  13: 83.96    |  14: 94.84    |  15: 85.21    |  16: 95.81    |  17: 73.95    |  18: 76.73    |  19: 82.41   
[Batch: 1003/2400] mIoU: 34.11  |  FB-IoU: 85.79 |  0: 88.53    |  1: 87.24    |  2: 91.34    |  3: 90.86    |  4: 43.35    |  5: 83.62    |  6: 26.14    |  7: 57.73    |  8: 49.25    |  9: 92.84    |  10: 89.52    |  11: 44.88    |  12: 67.07    |  13: 83.96    |  14: 94.84    |  15: 85.21    |  16: 95.81    |  17: 73.95    |  18: 76.73    |  19: 82.41   
[Batch: 1004/2400] mIoU: 34.11  |  FB-IoU: 85.80 |  0: 88.53    |  1: 87.24    |  2: 91.34    |  3: 90.86    |  4: 43.35    |  5: 83.62    |  6: 26.14    |  7: 57.73    |  8: 49.25    |  9: 92.84    |  10: 89.52    |  11: 44.88    |  12: 67.07    |  13: 83.96    |  14: 94.84    |  15: 85.21    |  16: 95.81    |  17: 73.95    |  18: 76.73    |  19: 82.41   
[Batch: 1005/2400] mIoU: 34.11  |  FB-IoU: 85.81 |  0: 88.53    |  1: 87.24    |  2: 91.34    |  3: 90.86    |  4: 43.35    |  5: 83.62    |  6: 26.14    |  7: 57.73    |  8: 49.25    |  9: 92.84    |  10: 89.52    |  11: 44.88    |  12: 67.07    |  13: 83.96    |  14: 94.84    |  15: 85.21    |  16: 95.81    |  17: 73.95    |  18: 76.73    |  19: 82.41   
[Batch: 1006/2400] mIoU: 34.11  |  FB-IoU: 85.82 |  0: 88.53    |  1: 87.24    |  2: 91.34    |  3: 90.86    |  4: 43.35    |  5: 83.62    |  6: 26.14    |  7: 57.73    |  8: 49.25    |  9: 92.84    |  10: 89.52    |  11: 44.88    |  12: 67.07    |  13: 83.96    |  14: 94.84    |  15: 85.21    |  16: 95.81    |  17: 73.95    |  18: 76.73    |  19: 82.41   
[Batch: 1007/2400] mIoU: 34.11  |  FB-IoU: 85.83 |  0: 88.53    |  1: 87.24    |  2: 91.34    |  3: 90.86    |  4: 43.35    |  5: 83.62    |  6: 26.14    |  7: 57.73    |  8: 49.25    |  9: 92.84    |  10: 89.52    |  11: 44.88    |  12: 67.07    |  13: 83.96    |  14: 94.84    |  15: 85.21    |  16: 95.81    |  17: 73.95    |  18: 76.73    |  19: 82.41   
[Batch: 1008/2400] mIoU: 34.11  |  FB-IoU: 85.84 |  0: 88.53    |  1: 87.24    |  2: 91.34    |  3: 90.86    |  4: 43.35    |  5: 83.62    |  6: 26.14    |  7: 57.73    |  8: 49.25    |  9: 92.84    |  10: 89.52    |  11: 44.88    |  12: 67.07    |  13: 83.96    |  14: 94.84    |  15: 85.21    |  16: 95.81    |  17: 73.95    |  18: 76.73    |  19: 82.41   
[Batch: 1009/2400] mIoU: 34.10  |  FB-IoU: 85.84 |  0: 88.53    |  1: 87.24    |  2: 91.34    |  3: 90.86    |  4: 43.35    |  5: 83.62    |  6: 26.14    |  7: 57.73    |  8: 49.25    |  9: 92.84    |  10: 89.52    |  11: 44.88    |  12: 67.07    |  13: 83.96    |  14: 94.84    |  15: 85.21    |  16: 95.81    |  17: 73.95    |  18: 76.73    |  19: 82.41   
[Batch: 1010/2400] mIoU: 34.11  |  FB-IoU: 85.85 |  0: 88.53    |  1: 87.24    |  2: 91.34    |  3: 90.86    |  4: 43.35    |  5: 83.62    |  6: 26.14    |  7: 57.73    |  8: 49.25    |  9: 92.84    |  10: 89.52    |  11: 44.88    |  12: 67.07    |  13: 83.96    |  14: 94.84    |  15: 85.21    |  16: 95.81    |  17: 73.95    |  18: 76.73    |  19: 82.41   
[Batch: 1011/2400] mIoU: 34.44  |  FB-IoU: 85.86 |  0: 88.53    |  1: 87.24    |  2: 91.34    |  3: 90.86    |  4: 43.35    |  5: 83.62    |  6: 26.14    |  7: 57.73    |  8: 49.25    |  9: 92.84    |  10: 89.52    |  11: 44.88    |  12: 67.07    |  13: 83.96    |  14: 94.84    |  15: 85.21    |  16: 95.81    |  17: 73.95    |  18: 76.73    |  19: 82.41   
[Batch: 1012/2400] mIoU: 34.46  |  FB-IoU: 85.86 |  0: 88.53    |  1: 87.24    |  2: 91.34    |  3: 90.86    |  4: 43.35    |  5: 83.62    |  6: 26.14    |  7: 57.73    |  8: 49.25    |  9: 92.84    |  10: 89.52    |  11: 44.88    |  12: 67.07    |  13: 83.96    |  14: 94.84    |  15: 85.21    |  16: 95.81    |  17: 73.95    |  18: 76.73    |  19: 82.41   
[Batch: 1013/2400] mIoU: 34.47  |  FB-IoU: 85.87 |  0: 88.53    |  1: 87.24    |  2: 91.34    |  3: 90.86    |  4: 43.35    |  5: 83.62    |  6: 26.14    |  7: 57.73    |  8: 49.25    |  9: 92.84    |  10: 89.52    |  11: 44.88    |  12: 67.07    |  13: 83.96    |  14: 94.84    |  15: 85.21    |  16: 95.81    |  17: 73.95    |  18: 76.73    |  19: 82.41   
[Batch: 1014/2400] mIoU: 34.43  |  FB-IoU: 85.86 |  0: 88.53    |  1: 87.24    |  2: 91.34    |  3: 90.86    |  4: 43.35    |  5: 83.62    |  6: 26.14    |  7: 57.73    |  8: 49.25    |  9: 92.84    |  10: 89.52    |  11: 44.88    |  12: 67.07    |  13: 83.96    |  14: 94.84    |  15: 85.21    |  16: 95.81    |  17: 73.95    |  18: 76.73    |  19: 82.41   
[Batch: 1015/2400] mIoU: 34.40  |  FB-IoU: 85.85 |  0: 88.53    |  1: 87.24    |  2: 91.34    |  3: 90.86    |  4: 43.35    |  5: 83.62    |  6: 26.14    |  7: 57.73    |  8: 49.25    |  9: 92.84    |  10: 89.52    |  11: 44.88    |  12: 67.07    |  13: 83.96    |  14: 94.84    |  15: 85.21    |  16: 95.81    |  17: 73.95    |  18: 76.73    |  19: 82.41   
[Batch: 1016/2400] mIoU: 34.38  |  FB-IoU: 85.84 |  0: 88.53    |  1: 87.24    |  2: 91.34    |  3: 90.86    |  4: 43.35    |  5: 83.62    |  6: 26.14    |  7: 57.73    |  8: 49.25    |  9: 92.84    |  10: 89.52    |  11: 44.88    |  12: 67.07    |  13: 83.96    |  14: 94.84    |  15: 85.21    |  16: 95.81    |  17: 73.95    |  18: 76.73    |  19: 82.41   
[Batch: 1017/2400] mIoU: 34.40  |  FB-IoU: 85.85 |  0: 88.53    |  1: 87.24    |  2: 91.34    |  3: 90.86    |  4: 43.35    |  5: 83.62    |  6: 26.14    |  7: 57.73    |  8: 49.25    |  9: 92.84    |  10: 89.52    |  11: 44.88    |  12: 67.07    |  13: 83.96    |  14: 94.84    |  15: 85.21    |  16: 95.81    |  17: 73.95    |  18: 76.73    |  19: 82.41   
[Batch: 1018/2400] mIoU: 34.39  |  FB-IoU: 85.84 |  0: 88.53    |  1: 87.24    |  2: 91.34    |  3: 90.86    |  4: 43.35    |  5: 83.62    |  6: 26.14    |  7: 57.73    |  8: 49.25    |  9: 92.84    |  10: 89.52    |  11: 44.88    |  12: 67.07    |  13: 83.96    |  14: 94.84    |  15: 85.21    |  16: 95.81    |  17: 73.95    |  18: 76.73    |  19: 82.41   
[Batch: 1019/2400] mIoU: 34.39  |  FB-IoU: 85.84 |  0: 88.53    |  1: 87.24    |  2: 91.34    |  3: 90.86    |  4: 43.35    |  5: 83.62    |  6: 26.14    |  7: 57.73    |  8: 49.25    |  9: 92.84    |  10: 89.52    |  11: 44.88    |  12: 67.07    |  13: 83.96    |  14: 94.84    |  15: 85.21    |  16: 95.81    |  17: 73.95    |  18: 76.73    |  19: 82.41   
[Batch: 1020/2400] mIoU: 34.40  |  FB-IoU: 85.85 |  0: 88.53    |  1: 87.24    |  2: 91.34    |  3: 90.86    |  4: 43.35    |  5: 83.62    |  6: 26.14    |  7: 57.73    |  8: 49.25    |  9: 92.84    |  10: 89.52    |  11: 44.88    |  12: 67.07    |  13: 83.96    |  14: 94.84    |  15: 85.21    |  16: 95.81    |  17: 73.95    |  18: 76.73    |  19: 82.41   
[Batch: 1021/2400] mIoU: 34.78  |  FB-IoU: 85.85 |  0: 88.53    |  1: 87.24    |  2: 91.34    |  3: 90.86    |  4: 43.35    |  5: 83.62    |  6: 26.14    |  7: 57.73    |  8: 49.25    |  9: 92.84    |  10: 89.52    |  11: 44.88    |  12: 67.07    |  13: 83.96    |  14: 94.84    |  15: 85.21    |  16: 95.81    |  17: 73.95    |  18: 76.73    |  19: 82.41   
[Batch: 1022/2400] mIoU: 34.77  |  FB-IoU: 85.86 |  0: 88.53    |  1: 87.24    |  2: 91.34    |  3: 90.86    |  4: 43.35    |  5: 83.62    |  6: 26.14    |  7: 57.73    |  8: 49.25    |  9: 92.84    |  10: 89.52    |  11: 44.88    |  12: 67.07    |  13: 83.96    |  14: 94.84    |  15: 85.21    |  16: 95.81    |  17: 73.95    |  18: 76.73    |  19: 82.41   
[Batch: 1023/2400] mIoU: 34.77  |  FB-IoU: 85.86 |  0: 88.53    |  1: 87.24    |  2: 91.34    |  3: 90.86    |  4: 43.35    |  5: 83.62    |  6: 26.14    |  7: 57.73    |  8: 49.25    |  9: 92.84    |  10: 89.52    |  11: 44.88    |  12: 67.07    |  13: 83.96    |  14: 94.84    |  15: 85.21    |  16: 95.81    |  17: 73.95    |  18: 76.73    |  19: 82.41   
[Batch: 1024/2400] mIoU: 34.78  |  FB-IoU: 85.87 |  0: 88.53    |  1: 87.24    |  2: 91.34    |  3: 90.86    |  4: 43.35    |  5: 83.62    |  6: 26.14    |  7: 57.73    |  8: 49.25    |  9: 92.84    |  10: 89.52    |  11: 44.88    |  12: 67.07    |  13: 83.96    |  14: 94.84    |  15: 85.21    |  16: 95.81    |  17: 73.95    |  18: 76.73    |  19: 82.41   
[Batch: 1025/2400] mIoU: 34.77  |  FB-IoU: 85.87 |  0: 88.53    |  1: 87.24    |  2: 91.34    |  3: 90.86    |  4: 43.35    |  5: 83.62    |  6: 26.14    |  7: 57.73    |  8: 49.25    |  9: 92.84    |  10: 89.52    |  11: 44.88    |  12: 67.07    |  13: 83.96    |  14: 94.84    |  15: 85.21    |  16: 95.81    |  17: 73.95    |  18: 76.73    |  19: 82.41   
[Batch: 1026/2400] mIoU: 34.77  |  FB-IoU: 85.88 |  0: 88.53    |  1: 87.24    |  2: 91.34    |  3: 90.86    |  4: 43.35    |  5: 83.62    |  6: 26.14    |  7: 57.73    |  8: 49.25    |  9: 92.84    |  10: 89.52    |  11: 44.88    |  12: 67.07    |  13: 83.96    |  14: 94.84    |  15: 85.21    |  16: 95.81    |  17: 73.95    |  18: 76.73    |  19: 82.41   
[Batch: 1027/2400] mIoU: 34.77  |  FB-IoU: 85.89 |  0: 88.53    |  1: 87.24    |  2: 91.34    |  3: 90.86    |  4: 43.35    |  5: 83.62    |  6: 26.14    |  7: 57.73    |  8: 49.25    |  9: 92.84    |  10: 89.52    |  11: 44.88    |  12: 67.07    |  13: 83.96    |  14: 94.84    |  15: 85.21    |  16: 95.81    |  17: 73.95    |  18: 76.73    |  19: 82.41   
[Batch: 1028/2400] mIoU: 34.76  |  FB-IoU: 85.89 |  0: 88.53    |  1: 87.24    |  2: 91.34    |  3: 90.86    |  4: 43.35    |  5: 83.62    |  6: 26.14    |  7: 57.73    |  8: 49.25    |  9: 92.84    |  10: 89.52    |  11: 44.88    |  12: 67.07    |  13: 83.96    |  14: 94.84    |  15: 85.21    |  16: 95.81    |  17: 73.95    |  18: 76.73    |  19: 82.41   
[Batch: 1029/2400] mIoU: 34.76  |  FB-IoU: 85.89 |  0: 88.53    |  1: 87.24    |  2: 91.34    |  3: 90.86    |  4: 43.35    |  5: 83.62    |  6: 26.14    |  7: 57.73    |  8: 49.25    |  9: 92.84    |  10: 89.52    |  11: 44.88    |  12: 67.07    |  13: 83.96    |  14: 94.84    |  15: 85.21    |  16: 95.81    |  17: 73.95    |  18: 76.73    |  19: 82.41   
[Batch: 1030/2400] mIoU: 34.77  |  FB-IoU: 85.90 |  0: 88.53    |  1: 87.24    |  2: 91.34    |  3: 90.86    |  4: 43.35    |  5: 83.62    |  6: 26.14    |  7: 57.73    |  8: 49.25    |  9: 92.84    |  10: 89.52    |  11: 44.88    |  12: 67.07    |  13: 83.96    |  14: 94.84    |  15: 85.21    |  16: 95.81    |  17: 73.95    |  18: 76.73    |  19: 82.41   
[Batch: 1031/2400] mIoU: 35.12  |  FB-IoU: 85.90 |  0: 88.53    |  1: 87.24    |  2: 91.34    |  3: 90.86    |  4: 43.35    |  5: 83.62    |  6: 26.14    |  7: 57.73    |  8: 49.25    |  9: 92.84    |  10: 89.52    |  11: 44.88    |  12: 67.07    |  13: 83.96    |  14: 94.84    |  15: 85.21    |  16: 95.81    |  17: 73.95    |  18: 76.73    |  19: 82.41   
[Batch: 1032/2400] mIoU: 35.15  |  FB-IoU: 85.91 |  0: 88.53    |  1: 87.24    |  2: 91.34    |  3: 90.86    |  4: 43.35    |  5: 83.62    |  6: 26.14    |  7: 57.73    |  8: 49.25    |  9: 92.84    |  10: 89.52    |  11: 44.88    |  12: 67.07    |  13: 83.96    |  14: 94.84    |  15: 85.21    |  16: 95.81    |  17: 73.95    |  18: 76.73    |  19: 82.41   
[Batch: 1033/2400] mIoU: 35.15  |  FB-IoU: 85.92 |  0: 88.53    |  1: 87.24    |  2: 91.34    |  3: 90.86    |  4: 43.35    |  5: 83.62    |  6: 26.14    |  7: 57.73    |  8: 49.25    |  9: 92.84    |  10: 89.52    |  11: 44.88    |  12: 67.07    |  13: 83.96    |  14: 94.84    |  15: 85.21    |  16: 95.81    |  17: 73.95    |  18: 76.73    |  19: 82.41   
[Batch: 1034/2400] mIoU: 35.15  |  FB-IoU: 85.93 |  0: 88.53    |  1: 87.24    |  2: 91.34    |  3: 90.86    |  4: 43.35    |  5: 83.62    |  6: 26.14    |  7: 57.73    |  8: 49.25    |  9: 92.84    |  10: 89.52    |  11: 44.88    |  12: 67.07    |  13: 83.96    |  14: 94.84    |  15: 85.21    |  16: 95.81    |  17: 73.95    |  18: 76.73    |  19: 82.41   
[Batch: 1035/2400] mIoU: 35.15  |  FB-IoU: 85.94 |  0: 88.53    |  1: 87.24    |  2: 91.34    |  3: 90.86    |  4: 43.35    |  5: 83.62    |  6: 26.14    |  7: 57.73    |  8: 49.25    |  9: 92.84    |  10: 89.52    |  11: 44.88    |  12: 67.07    |  13: 83.96    |  14: 94.84    |  15: 85.21    |  16: 95.81    |  17: 73.95    |  18: 76.73    |  19: 82.41   
[Batch: 1036/2400] mIoU: 35.16  |  FB-IoU: 85.95 |  0: 88.53    |  1: 87.24    |  2: 91.34    |  3: 90.86    |  4: 43.35    |  5: 83.62    |  6: 26.14    |  7: 57.73    |  8: 49.25    |  9: 92.84    |  10: 89.52    |  11: 44.88    |  12: 67.07    |  13: 83.96    |  14: 94.84    |  15: 85.21    |  16: 95.81    |  17: 73.95    |  18: 76.73    |  19: 82.41   
[Batch: 1037/2400] mIoU: 35.16  |  FB-IoU: 85.96 |  0: 88.53    |  1: 87.24    |  2: 91.34    |  3: 90.86    |  4: 43.35    |  5: 83.62    |  6: 26.14    |  7: 57.73    |  8: 49.25    |  9: 92.84    |  10: 89.52    |  11: 44.88    |  12: 67.07    |  13: 83.96    |  14: 94.84    |  15: 85.21    |  16: 95.81    |  17: 73.95    |  18: 76.73    |  19: 82.41   
[Batch: 1038/2400] mIoU: 35.13  |  FB-IoU: 85.94 |  0: 88.53    |  1: 87.24    |  2: 91.34    |  3: 90.86    |  4: 43.35    |  5: 83.62    |  6: 26.14    |  7: 57.73    |  8: 49.25    |  9: 92.84    |  10: 89.52    |  11: 44.88    |  12: 67.07    |  13: 83.96    |  14: 94.84    |  15: 85.21    |  16: 95.81    |  17: 73.95    |  18: 76.73    |  19: 82.41   
[Batch: 1039/2400] mIoU: 35.13  |  FB-IoU: 85.95 |  0: 88.53    |  1: 87.24    |  2: 91.34    |  3: 90.86    |  4: 43.35    |  5: 83.62    |  6: 26.14    |  7: 57.73    |  8: 49.25    |  9: 92.84    |  10: 89.52    |  11: 44.88    |  12: 67.07    |  13: 83.96    |  14: 94.84    |  15: 85.21    |  16: 95.81    |  17: 73.95    |  18: 76.73    |  19: 82.41   
[Batch: 1040/2400] mIoU: 35.14  |  FB-IoU: 85.96 |  0: 88.53    |  1: 87.24    |  2: 91.34    |  3: 90.86    |  4: 43.35    |  5: 83.62    |  6: 26.14    |  7: 57.73    |  8: 49.25    |  9: 92.84    |  10: 89.52    |  11: 44.88    |  12: 67.07    |  13: 83.96    |  14: 94.84    |  15: 85.21    |  16: 95.81    |  17: 73.95    |  18: 76.73    |  19: 82.41   
[Batch: 1041/2400] mIoU: 35.26  |  FB-IoU: 85.93 |  0: 88.53    |  1: 87.24    |  2: 91.34    |  3: 90.86    |  4: 43.35    |  5: 83.62    |  6: 26.14    |  7: 57.73    |  8: 49.25    |  9: 92.84    |  10: 89.52    |  11: 44.88    |  12: 67.07    |  13: 83.96    |  14: 94.84    |  15: 85.21    |  16: 95.81    |  17: 73.95    |  18: 76.73    |  19: 82.41   
[Batch: 1042/2400] mIoU: 35.26  |  FB-IoU: 85.91 |  0: 88.53    |  1: 87.24    |  2: 91.34    |  3: 90.86    |  4: 43.35    |  5: 83.62    |  6: 26.14    |  7: 57.73    |  8: 49.25    |  9: 92.84    |  10: 89.52    |  11: 44.88    |  12: 67.07    |  13: 83.96    |  14: 94.84    |  15: 85.21    |  16: 95.81    |  17: 73.95    |  18: 76.73    |  19: 82.41   
[Batch: 1043/2400] mIoU: 35.25  |  FB-IoU: 85.88 |  0: 88.53    |  1: 87.24    |  2: 91.34    |  3: 90.86    |  4: 43.35    |  5: 83.62    |  6: 26.14    |  7: 57.73    |  8: 49.25    |  9: 92.84    |  10: 89.52    |  11: 44.88    |  12: 67.07    |  13: 83.96    |  14: 94.84    |  15: 85.21    |  16: 95.81    |  17: 73.95    |  18: 76.73    |  19: 82.41   
[Batch: 1044/2400] mIoU: 35.26  |  FB-IoU: 85.89 |  0: 88.53    |  1: 87.24    |  2: 91.34    |  3: 90.86    |  4: 43.35    |  5: 83.62    |  6: 26.14    |  7: 57.73    |  8: 49.25    |  9: 92.84    |  10: 89.52    |  11: 44.88    |  12: 67.07    |  13: 83.96    |  14: 94.84    |  15: 85.21    |  16: 95.81    |  17: 73.95    |  18: 76.73    |  19: 82.41   
[Batch: 1045/2400] mIoU: 35.32  |  FB-IoU: 85.89 |  0: 88.53    |  1: 87.24    |  2: 91.34    |  3: 90.86    |  4: 43.35    |  5: 83.62    |  6: 26.14    |  7: 57.73    |  8: 49.25    |  9: 92.84    |  10: 89.52    |  11: 44.88    |  12: 67.07    |  13: 83.96    |  14: 94.84    |  15: 85.21    |  16: 95.81    |  17: 73.95    |  18: 76.73    |  19: 82.41   
[Batch: 1046/2400] mIoU: 35.34  |  FB-IoU: 85.90 |  0: 88.53    |  1: 87.24    |  2: 91.34    |  3: 90.86    |  4: 43.35    |  5: 83.62    |  6: 26.14    |  7: 57.73    |  8: 49.25    |  9: 92.84    |  10: 89.52    |  11: 44.88    |  12: 67.07    |  13: 83.96    |  14: 94.84    |  15: 85.21    |  16: 95.81    |  17: 73.95    |  18: 76.73    |  19: 82.41   
[Batch: 1047/2400] mIoU: 35.34  |  FB-IoU: 85.90 |  0: 88.53    |  1: 87.24    |  2: 91.34    |  3: 90.86    |  4: 43.35    |  5: 83.62    |  6: 26.14    |  7: 57.73    |  8: 49.25    |  9: 92.84    |  10: 89.52    |  11: 44.88    |  12: 67.07    |  13: 83.96    |  14: 94.84    |  15: 85.21    |  16: 95.81    |  17: 73.95    |  18: 76.73    |  19: 82.41   
[Batch: 1048/2400] mIoU: 35.38  |  FB-IoU: 85.91 |  0: 88.53    |  1: 87.24    |  2: 91.34    |  3: 90.86    |  4: 43.35    |  5: 83.62    |  6: 26.14    |  7: 57.73    |  8: 49.25    |  9: 92.84    |  10: 89.52    |  11: 44.88    |  12: 67.07    |  13: 83.96    |  14: 94.84    |  15: 85.21    |  16: 95.81    |  17: 73.95    |  18: 76.73    |  19: 82.41   
[Batch: 1049/2400] mIoU: 35.40  |  FB-IoU: 85.91 |  0: 88.53    |  1: 87.24    |  2: 91.34    |  3: 90.86    |  4: 43.35    |  5: 83.62    |  6: 26.14    |  7: 57.73    |  8: 49.25    |  9: 92.84    |  10: 89.52    |  11: 44.88    |  12: 67.07    |  13: 83.96    |  14: 94.84    |  15: 85.21    |  16: 95.81    |  17: 73.95    |  18: 76.73    |  19: 82.41   
[Batch: 1050/2400] mIoU: 35.41  |  FB-IoU: 85.92 |  0: 88.53    |  1: 87.24    |  2: 91.34    |  3: 90.86    |  4: 43.35    |  5: 83.62    |  6: 26.14    |  7: 57.73    |  8: 49.25    |  9: 92.84    |  10: 89.52    |  11: 44.88    |  12: 67.07    |  13: 83.96    |  14: 94.84    |  15: 85.21    |  16: 95.81    |  17: 73.95    |  18: 76.73    |  19: 82.41   
[Batch: 1051/2400] mIoU: 35.73  |  FB-IoU: 85.92 |  0: 88.53    |  1: 87.24    |  2: 91.34    |  3: 90.86    |  4: 43.35    |  5: 83.62    |  6: 26.14    |  7: 57.73    |  8: 49.25    |  9: 92.84    |  10: 89.52    |  11: 44.88    |  12: 67.07    |  13: 83.96    |  14: 94.84    |  15: 85.21    |  16: 95.81    |  17: 73.95    |  18: 76.73    |  19: 82.41   
[Batch: 1052/2400] mIoU: 35.72  |  FB-IoU: 85.92 |  0: 88.53    |  1: 87.24    |  2: 91.34    |  3: 90.86    |  4: 43.35    |  5: 83.62    |  6: 26.14    |  7: 57.73    |  8: 49.25    |  9: 92.84    |  10: 89.52    |  11: 44.88    |  12: 67.07    |  13: 83.96    |  14: 94.84    |  15: 85.21    |  16: 95.81    |  17: 73.95    |  18: 76.73    |  19: 82.41   
[Batch: 1053/2400] mIoU: 35.75  |  FB-IoU: 85.93 |  0: 88.53    |  1: 87.24    |  2: 91.34    |  3: 90.86    |  4: 43.35    |  5: 83.62    |  6: 26.14    |  7: 57.73    |  8: 49.25    |  9: 92.84    |  10: 89.52    |  11: 44.88    |  12: 67.07    |  13: 83.96    |  14: 94.84    |  15: 85.21    |  16: 95.81    |  17: 73.95    |  18: 76.73    |  19: 82.41   
[Batch: 1054/2400] mIoU: 35.68  |  FB-IoU: 85.91 |  0: 88.53    |  1: 87.24    |  2: 91.34    |  3: 90.86    |  4: 43.35    |  5: 83.62    |  6: 26.14    |  7: 57.73    |  8: 49.25    |  9: 92.84    |  10: 89.52    |  11: 44.88    |  12: 67.07    |  13: 83.96    |  14: 94.84    |  15: 85.21    |  16: 95.81    |  17: 73.95    |  18: 76.73    |  19: 82.41   
[Batch: 1055/2400] mIoU: 35.69  |  FB-IoU: 85.91 |  0: 88.53    |  1: 87.24    |  2: 91.34    |  3: 90.86    |  4: 43.35    |  5: 83.62    |  6: 26.14    |  7: 57.73    |  8: 49.25    |  9: 92.84    |  10: 89.52    |  11: 44.88    |  12: 67.07    |  13: 83.96    |  14: 94.84    |  15: 85.21    |  16: 95.81    |  17: 73.95    |  18: 76.73    |  19: 82.41   
[Batch: 1056/2400] mIoU: 35.70  |  FB-IoU: 85.91 |  0: 88.53    |  1: 87.24    |  2: 91.34    |  3: 90.86    |  4: 43.35    |  5: 83.62    |  6: 26.14    |  7: 57.73    |  8: 49.25    |  9: 92.84    |  10: 89.52    |  11: 44.88    |  12: 67.07    |  13: 83.96    |  14: 94.84    |  15: 85.21    |  16: 95.81    |  17: 73.95    |  18: 76.73    |  19: 82.41   
[Batch: 1057/2400] mIoU: 35.71  |  FB-IoU: 85.91 |  0: 88.53    |  1: 87.24    |  2: 91.34    |  3: 90.86    |  4: 43.35    |  5: 83.62    |  6: 26.14    |  7: 57.73    |  8: 49.25    |  9: 92.84    |  10: 89.52    |  11: 44.88    |  12: 67.07    |  13: 83.96    |  14: 94.84    |  15: 85.21    |  16: 95.81    |  17: 73.95    |  18: 76.73    |  19: 82.41   
[Batch: 1058/2400] mIoU: 35.72  |  FB-IoU: 85.92 |  0: 88.53    |  1: 87.24    |  2: 91.34    |  3: 90.86    |  4: 43.35    |  5: 83.62    |  6: 26.14    |  7: 57.73    |  8: 49.25    |  9: 92.84    |  10: 89.52    |  11: 44.88    |  12: 67.07    |  13: 83.96    |  14: 94.84    |  15: 85.21    |  16: 95.81    |  17: 73.95    |  18: 76.73    |  19: 82.41   
[Batch: 1059/2400] mIoU: 35.72  |  FB-IoU: 85.92 |  0: 88.53    |  1: 87.24    |  2: 91.34    |  3: 90.86    |  4: 43.35    |  5: 83.62    |  6: 26.14    |  7: 57.73    |  8: 49.25    |  9: 92.84    |  10: 89.52    |  11: 44.88    |  12: 67.07    |  13: 83.96    |  14: 94.84    |  15: 85.21    |  16: 95.81    |  17: 73.95    |  18: 76.73    |  19: 82.41   
[Batch: 1060/2400] mIoU: 35.72  |  FB-IoU: 85.93 |  0: 88.53    |  1: 87.24    |  2: 91.34    |  3: 90.86    |  4: 43.35    |  5: 83.62    |  6: 26.14    |  7: 57.73    |  8: 49.25    |  9: 92.84    |  10: 89.52    |  11: 44.88    |  12: 67.07    |  13: 83.96    |  14: 94.84    |  15: 85.21    |  16: 95.81    |  17: 73.95    |  18: 76.73    |  19: 82.41   
[Batch: 1061/2400] mIoU: 36.12  |  FB-IoU: 85.94 |  0: 88.53    |  1: 87.24    |  2: 91.34    |  3: 90.86    |  4: 43.35    |  5: 83.62    |  6: 26.14    |  7: 57.73    |  8: 49.25    |  9: 92.84    |  10: 89.52    |  11: 44.88    |  12: 67.07    |  13: 83.96    |  14: 94.84    |  15: 85.21    |  16: 95.81    |  17: 73.95    |  18: 76.73    |  19: 82.41   
[Batch: 1062/2400] mIoU: 36.06  |  FB-IoU: 85.93 |  0: 88.53    |  1: 87.24    |  2: 91.34    |  3: 90.86    |  4: 43.35    |  5: 83.62    |  6: 26.14    |  7: 57.73    |  8: 49.25    |  9: 92.84    |  10: 89.52    |  11: 44.88    |  12: 67.07    |  13: 83.96    |  14: 94.84    |  15: 85.21    |  16: 95.81    |  17: 73.95    |  18: 76.73    |  19: 82.41   
[Batch: 1063/2400] mIoU: 36.07  |  FB-IoU: 85.93 |  0: 88.53    |  1: 87.24    |  2: 91.34    |  3: 90.86    |  4: 43.35    |  5: 83.62    |  6: 26.14    |  7: 57.73    |  8: 49.25    |  9: 92.84    |  10: 89.52    |  11: 44.88    |  12: 67.07    |  13: 83.96    |  14: 94.84    |  15: 85.21    |  16: 95.81    |  17: 73.95    |  18: 76.73    |  19: 82.41   
[Batch: 1064/2400] mIoU: 36.05  |  FB-IoU: 85.91 |  0: 88.53    |  1: 87.24    |  2: 91.34    |  3: 90.86    |  4: 43.35    |  5: 83.62    |  6: 26.14    |  7: 57.73    |  8: 49.25    |  9: 92.84    |  10: 89.52    |  11: 44.88    |  12: 67.07    |  13: 83.96    |  14: 94.84    |  15: 85.21    |  16: 95.81    |  17: 73.95    |  18: 76.73    |  19: 82.41   
[Batch: 1065/2400] mIoU: 36.06  |  FB-IoU: 85.93 |  0: 88.53    |  1: 87.24    |  2: 91.34    |  3: 90.86    |  4: 43.35    |  5: 83.62    |  6: 26.14    |  7: 57.73    |  8: 49.25    |  9: 92.84    |  10: 89.52    |  11: 44.88    |  12: 67.07    |  13: 83.96    |  14: 94.84    |  15: 85.21    |  16: 95.81    |  17: 73.95    |  18: 76.73    |  19: 82.41   
[Batch: 1066/2400] mIoU: 36.07  |  FB-IoU: 85.94 |  0: 88.53    |  1: 87.24    |  2: 91.34    |  3: 90.86    |  4: 43.35    |  5: 83.62    |  6: 26.14    |  7: 57.73    |  8: 49.25    |  9: 92.84    |  10: 89.52    |  11: 44.88    |  12: 67.07    |  13: 83.96    |  14: 94.84    |  15: 85.21    |  16: 95.81    |  17: 73.95    |  18: 76.73    |  19: 82.41   
[Batch: 1067/2400] mIoU: 36.08  |  FB-IoU: 85.95 |  0: 88.53    |  1: 87.24    |  2: 91.34    |  3: 90.86    |  4: 43.35    |  5: 83.62    |  6: 26.14    |  7: 57.73    |  8: 49.25    |  9: 92.84    |  10: 89.52    |  11: 44.88    |  12: 67.07    |  13: 83.96    |  14: 94.84    |  15: 85.21    |  16: 95.81    |  17: 73.95    |  18: 76.73    |  19: 82.41   
[Batch: 1068/2400] mIoU: 36.07  |  FB-IoU: 85.94 |  0: 88.53    |  1: 87.24    |  2: 91.34    |  3: 90.86    |  4: 43.35    |  5: 83.62    |  6: 26.14    |  7: 57.73    |  8: 49.25    |  9: 92.84    |  10: 89.52    |  11: 44.88    |  12: 67.07    |  13: 83.96    |  14: 94.84    |  15: 85.21    |  16: 95.81    |  17: 73.95    |  18: 76.73    |  19: 82.41   
[Batch: 1069/2400] mIoU: 36.07  |  FB-IoU: 85.95 |  0: 88.53    |  1: 87.24    |  2: 91.34    |  3: 90.86    |  4: 43.35    |  5: 83.62    |  6: 26.14    |  7: 57.73    |  8: 49.25    |  9: 92.84    |  10: 89.52    |  11: 44.88    |  12: 67.07    |  13: 83.96    |  14: 94.84    |  15: 85.21    |  16: 95.81    |  17: 73.95    |  18: 76.73    |  19: 82.41   
[Batch: 1070/2400] mIoU: 36.08  |  FB-IoU: 85.96 |  0: 88.53    |  1: 87.24    |  2: 91.34    |  3: 90.86    |  4: 43.35    |  5: 83.62    |  6: 26.14    |  7: 57.73    |  8: 49.25    |  9: 92.84    |  10: 89.52    |  11: 44.88    |  12: 67.07    |  13: 83.96    |  14: 94.84    |  15: 85.21    |  16: 95.81    |  17: 73.95    |  18: 76.73    |  19: 82.41   
[Batch: 1071/2400] mIoU: 36.47  |  FB-IoU: 85.98 |  0: 88.53    |  1: 87.24    |  2: 91.34    |  3: 90.86    |  4: 43.35    |  5: 83.62    |  6: 26.14    |  7: 57.73    |  8: 49.25    |  9: 92.84    |  10: 89.52    |  11: 44.88    |  12: 67.07    |  13: 83.96    |  14: 94.84    |  15: 85.21    |  16: 95.81    |  17: 73.95    |  18: 76.73    |  19: 82.41   
[Batch: 1072/2400] mIoU: 36.48  |  FB-IoU: 85.99 |  0: 88.53    |  1: 87.24    |  2: 91.34    |  3: 90.86    |  4: 43.35    |  5: 83.62    |  6: 26.14    |  7: 57.73    |  8: 49.25    |  9: 92.84    |  10: 89.52    |  11: 44.88    |  12: 67.07    |  13: 83.96    |  14: 94.84    |  15: 85.21    |  16: 95.81    |  17: 73.95    |  18: 76.73    |  19: 82.41   
[Batch: 1073/2400] mIoU: 36.48  |  FB-IoU: 86.00 |  0: 88.53    |  1: 87.24    |  2: 91.34    |  3: 90.86    |  4: 43.35    |  5: 83.62    |  6: 26.14    |  7: 57.73    |  8: 49.25    |  9: 92.84    |  10: 89.52    |  11: 44.88    |  12: 67.07    |  13: 83.96    |  14: 94.84    |  15: 85.21    |  16: 95.81    |  17: 73.95    |  18: 76.73    |  19: 82.41   
[Batch: 1074/2400] mIoU: 36.31  |  FB-IoU: 85.87 |  0: 88.53    |  1: 87.24    |  2: 91.34    |  3: 90.86    |  4: 43.35    |  5: 83.62    |  6: 26.14    |  7: 57.73    |  8: 49.25    |  9: 92.84    |  10: 89.52    |  11: 44.88    |  12: 67.07    |  13: 83.96    |  14: 94.84    |  15: 85.21    |  16: 95.81    |  17: 73.95    |  18: 76.73    |  19: 82.41   
[Batch: 1075/2400] mIoU: 36.31  |  FB-IoU: 85.87 |  0: 88.53    |  1: 87.24    |  2: 91.34    |  3: 90.86    |  4: 43.35    |  5: 83.62    |  6: 26.14    |  7: 57.73    |  8: 49.25    |  9: 92.84    |  10: 89.52    |  11: 44.88    |  12: 67.07    |  13: 83.96    |  14: 94.84    |  15: 85.21    |  16: 95.81    |  17: 73.95    |  18: 76.73    |  19: 82.41   
[Batch: 1076/2400] mIoU: 36.32  |  FB-IoU: 85.87 |  0: 88.53    |  1: 87.24    |  2: 91.34    |  3: 90.86    |  4: 43.35    |  5: 83.62    |  6: 26.14    |  7: 57.73    |  8: 49.25    |  9: 92.84    |  10: 89.52    |  11: 44.88    |  12: 67.07    |  13: 83.96    |  14: 94.84    |  15: 85.21    |  16: 95.81    |  17: 73.95    |  18: 76.73    |  19: 82.41   
[Batch: 1077/2400] mIoU: 36.33  |  FB-IoU: 85.88 |  0: 88.53    |  1: 87.24    |  2: 91.34    |  3: 90.86    |  4: 43.35    |  5: 83.62    |  6: 26.14    |  7: 57.73    |  8: 49.25    |  9: 92.84    |  10: 89.52    |  11: 44.88    |  12: 67.07    |  13: 83.96    |  14: 94.84    |  15: 85.21    |  16: 95.81    |  17: 73.95    |  18: 76.73    |  19: 82.41   
[Batch: 1078/2400] mIoU: 36.35  |  FB-IoU: 85.88 |  0: 88.53    |  1: 87.24    |  2: 91.34    |  3: 90.86    |  4: 43.35    |  5: 83.62    |  6: 26.14    |  7: 57.73    |  8: 49.25    |  9: 92.84    |  10: 89.52    |  11: 44.88    |  12: 67.07    |  13: 83.96    |  14: 94.84    |  15: 85.21    |  16: 95.81    |  17: 73.95    |  18: 76.73    |  19: 82.41   
[Batch: 1079/2400] mIoU: 36.36  |  FB-IoU: 85.89 |  0: 88.53    |  1: 87.24    |  2: 91.34    |  3: 90.86    |  4: 43.35    |  5: 83.62    |  6: 26.14    |  7: 57.73    |  8: 49.25    |  9: 92.84    |  10: 89.52    |  11: 44.88    |  12: 67.07    |  13: 83.96    |  14: 94.84    |  15: 85.21    |  16: 95.81    |  17: 73.95    |  18: 76.73    |  19: 82.41   
[Batch: 1080/2400] mIoU: 36.37  |  FB-IoU: 85.90 |  0: 88.53    |  1: 87.24    |  2: 91.34    |  3: 90.86    |  4: 43.35    |  5: 83.62    |  6: 26.14    |  7: 57.73    |  8: 49.25    |  9: 92.84    |  10: 89.52    |  11: 44.88    |  12: 67.07    |  13: 83.96    |  14: 94.84    |  15: 85.21    |  16: 95.81    |  17: 73.95    |  18: 76.73    |  19: 82.41   
[Batch: 1081/2400] mIoU: 36.73  |  FB-IoU: 85.91 |  0: 88.53    |  1: 87.24    |  2: 91.34    |  3: 90.86    |  4: 43.35    |  5: 83.62    |  6: 26.14    |  7: 57.73    |  8: 49.25    |  9: 92.84    |  10: 89.52    |  11: 44.88    |  12: 67.07    |  13: 83.96    |  14: 94.84    |  15: 85.21    |  16: 95.81    |  17: 73.95    |  18: 76.73    |  19: 82.41   
[Batch: 1082/2400] mIoU: 36.75  |  FB-IoU: 85.92 |  0: 88.53    |  1: 87.24    |  2: 91.34    |  3: 90.86    |  4: 43.35    |  5: 83.62    |  6: 26.14    |  7: 57.73    |  8: 49.25    |  9: 92.84    |  10: 89.52    |  11: 44.88    |  12: 67.07    |  13: 83.96    |  14: 94.84    |  15: 85.21    |  16: 95.81    |  17: 73.95    |  18: 76.73    |  19: 82.41   
[Batch: 1083/2400] mIoU: 36.75  |  FB-IoU: 85.93 |  0: 88.53    |  1: 87.24    |  2: 91.34    |  3: 90.86    |  4: 43.35    |  5: 83.62    |  6: 26.14    |  7: 57.73    |  8: 49.25    |  9: 92.84    |  10: 89.52    |  11: 44.88    |  12: 67.07    |  13: 83.96    |  14: 94.84    |  15: 85.21    |  16: 95.81    |  17: 73.95    |  18: 76.73    |  19: 82.41   
[Batch: 1084/2400] mIoU: 36.74  |  FB-IoU: 85.93 |  0: 88.53    |  1: 87.24    |  2: 91.34    |  3: 90.86    |  4: 43.35    |  5: 83.62    |  6: 26.14    |  7: 57.73    |  8: 49.25    |  9: 92.84    |  10: 89.52    |  11: 44.88    |  12: 67.07    |  13: 83.96    |  14: 94.84    |  15: 85.21    |  16: 95.81    |  17: 73.95    |  18: 76.73    |  19: 82.41   
[Batch: 1085/2400] mIoU: 36.75  |  FB-IoU: 85.94 |  0: 88.53    |  1: 87.24    |  2: 91.34    |  3: 90.86    |  4: 43.35    |  5: 83.62    |  6: 26.14    |  7: 57.73    |  8: 49.25    |  9: 92.84    |  10: 89.52    |  11: 44.88    |  12: 67.07    |  13: 83.96    |  14: 94.84    |  15: 85.21    |  16: 95.81    |  17: 73.95    |  18: 76.73    |  19: 82.41   
[Batch: 1086/2400] mIoU: 36.75  |  FB-IoU: 85.95 |  0: 88.53    |  1: 87.24    |  2: 91.34    |  3: 90.86    |  4: 43.35    |  5: 83.62    |  6: 26.14    |  7: 57.73    |  8: 49.25    |  9: 92.84    |  10: 89.52    |  11: 44.88    |  12: 67.07    |  13: 83.96    |  14: 94.84    |  15: 85.21    |  16: 95.81    |  17: 73.95    |  18: 76.73    |  19: 82.41   
[Batch: 1087/2400] mIoU: 36.75  |  FB-IoU: 85.96 |  0: 88.53    |  1: 87.24    |  2: 91.34    |  3: 90.86    |  4: 43.35    |  5: 83.62    |  6: 26.14    |  7: 57.73    |  8: 49.25    |  9: 92.84    |  10: 89.52    |  11: 44.88    |  12: 67.07    |  13: 83.96    |  14: 94.84    |  15: 85.21    |  16: 95.81    |  17: 73.95    |  18: 76.73    |  19: 82.41   
[Batch: 1088/2400] mIoU: 36.75  |  FB-IoU: 85.98 |  0: 88.53    |  1: 87.24    |  2: 91.34    |  3: 90.86    |  4: 43.35    |  5: 83.62    |  6: 26.14    |  7: 57.73    |  8: 49.25    |  9: 92.84    |  10: 89.52    |  11: 44.88    |  12: 67.07    |  13: 83.96    |  14: 94.84    |  15: 85.21    |  16: 95.81    |  17: 73.95    |  18: 76.73    |  19: 82.41   
[Batch: 1089/2400] mIoU: 36.75  |  FB-IoU: 85.98 |  0: 88.53    |  1: 87.24    |  2: 91.34    |  3: 90.86    |  4: 43.35    |  5: 83.62    |  6: 26.14    |  7: 57.73    |  8: 49.25    |  9: 92.84    |  10: 89.52    |  11: 44.88    |  12: 67.07    |  13: 83.96    |  14: 94.84    |  15: 85.21    |  16: 95.81    |  17: 73.95    |  18: 76.73    |  19: 82.41   
[Batch: 1090/2400] mIoU: 36.75  |  FB-IoU: 85.99 |  0: 88.53    |  1: 87.24    |  2: 91.34    |  3: 90.86    |  4: 43.35    |  5: 83.62    |  6: 26.14    |  7: 57.73    |  8: 49.25    |  9: 92.84    |  10: 89.52    |  11: 44.88    |  12: 67.07    |  13: 83.96    |  14: 94.84    |  15: 85.21    |  16: 95.81    |  17: 73.95    |  18: 76.73    |  19: 82.41   
[Batch: 1091/2400] mIoU: 37.09  |  FB-IoU: 86.00 |  0: 88.53    |  1: 87.24    |  2: 91.34    |  3: 90.86    |  4: 43.35    |  5: 83.62    |  6: 26.14    |  7: 57.73    |  8: 49.25    |  9: 92.84    |  10: 89.52    |  11: 44.88    |  12: 67.07    |  13: 83.96    |  14: 94.84    |  15: 85.21    |  16: 95.81    |  17: 73.95    |  18: 76.73    |  19: 82.41   
[Batch: 1092/2400] mIoU: 37.13  |  FB-IoU: 86.01 |  0: 88.53    |  1: 87.24    |  2: 91.34    |  3: 90.86    |  4: 43.35    |  5: 83.62    |  6: 26.14    |  7: 57.73    |  8: 49.25    |  9: 92.84    |  10: 89.52    |  11: 44.88    |  12: 67.07    |  13: 83.96    |  14: 94.84    |  15: 85.21    |  16: 95.81    |  17: 73.95    |  18: 76.73    |  19: 82.41   
[Batch: 1093/2400] mIoU: 37.14  |  FB-IoU: 86.02 |  0: 88.53    |  1: 87.24    |  2: 91.34    |  3: 90.86    |  4: 43.35    |  5: 83.62    |  6: 26.14    |  7: 57.73    |  8: 49.25    |  9: 92.84    |  10: 89.52    |  11: 44.88    |  12: 67.07    |  13: 83.96    |  14: 94.84    |  15: 85.21    |  16: 95.81    |  17: 73.95    |  18: 76.73    |  19: 82.41   
[Batch: 1094/2400] mIoU: 37.13  |  FB-IoU: 86.02 |  0: 88.53    |  1: 87.24    |  2: 91.34    |  3: 90.86    |  4: 43.35    |  5: 83.62    |  6: 26.14    |  7: 57.73    |  8: 49.25    |  9: 92.84    |  10: 89.52    |  11: 44.88    |  12: 67.07    |  13: 83.96    |  14: 94.84    |  15: 85.21    |  16: 95.81    |  17: 73.95    |  18: 76.73    |  19: 82.41   
[Batch: 1095/2400] mIoU: 37.13  |  FB-IoU: 86.03 |  0: 88.53    |  1: 87.24    |  2: 91.34    |  3: 90.86    |  4: 43.35    |  5: 83.62    |  6: 26.14    |  7: 57.73    |  8: 49.25    |  9: 92.84    |  10: 89.52    |  11: 44.88    |  12: 67.07    |  13: 83.96    |  14: 94.84    |  15: 85.21    |  16: 95.81    |  17: 73.95    |  18: 76.73    |  19: 82.41   
[Batch: 1096/2400] mIoU: 37.13  |  FB-IoU: 86.03 |  0: 88.53    |  1: 87.24    |  2: 91.34    |  3: 90.86    |  4: 43.35    |  5: 83.62    |  6: 26.14    |  7: 57.73    |  8: 49.25    |  9: 92.84    |  10: 89.52    |  11: 44.88    |  12: 67.07    |  13: 83.96    |  14: 94.84    |  15: 85.21    |  16: 95.81    |  17: 73.95    |  18: 76.73    |  19: 82.41   
[Batch: 1097/2400] mIoU: 37.13  |  FB-IoU: 86.04 |  0: 88.53    |  1: 87.24    |  2: 91.34    |  3: 90.86    |  4: 43.35    |  5: 83.62    |  6: 26.14    |  7: 57.73    |  8: 49.25    |  9: 92.84    |  10: 89.52    |  11: 44.88    |  12: 67.07    |  13: 83.96    |  14: 94.84    |  15: 85.21    |  16: 95.81    |  17: 73.95    |  18: 76.73    |  19: 82.41   
[Batch: 1098/2400] mIoU: 37.13  |  FB-IoU: 86.05 |  0: 88.53    |  1: 87.24    |  2: 91.34    |  3: 90.86    |  4: 43.35    |  5: 83.62    |  6: 26.14    |  7: 57.73    |  8: 49.25    |  9: 92.84    |  10: 89.52    |  11: 44.88    |  12: 67.07    |  13: 83.96    |  14: 94.84    |  15: 85.21    |  16: 95.81    |  17: 73.95    |  18: 76.73    |  19: 82.41   
[Batch: 1099/2400] mIoU: 37.13  |  FB-IoU: 86.06 |  0: 88.53    |  1: 87.24    |  2: 91.34    |  3: 90.86    |  4: 43.35    |  5: 83.62    |  6: 26.14    |  7: 57.73    |  8: 49.25    |  9: 92.84    |  10: 89.52    |  11: 44.88    |  12: 67.07    |  13: 83.96    |  14: 94.84    |  15: 85.21    |  16: 95.81    |  17: 73.95    |  18: 76.73    |  19: 82.41   
[Batch: 1100/2400] mIoU: 37.14  |  FB-IoU: 86.07 |  0: 88.53    |  1: 87.24    |  2: 91.34    |  3: 90.86    |  4: 43.35    |  5: 83.62    |  6: 26.14    |  7: 57.73    |  8: 49.25    |  9: 92.84    |  10: 89.52    |  11: 44.88    |  12: 67.07    |  13: 83.96    |  14: 94.84    |  15: 85.21    |  16: 95.81    |  17: 73.95    |  18: 76.73    |  19: 82.41   
[Batch: 1101/2400] mIoU: 37.46  |  FB-IoU: 86.07 |  0: 88.53    |  1: 87.24    |  2: 91.34    |  3: 90.86    |  4: 43.35    |  5: 83.62    |  6: 26.14    |  7: 57.73    |  8: 49.25    |  9: 92.84    |  10: 89.52    |  11: 44.88    |  12: 67.07    |  13: 83.96    |  14: 94.84    |  15: 85.21    |  16: 95.81    |  17: 73.95    |  18: 76.73    |  19: 82.41   
[Batch: 1102/2400] mIoU: 37.49  |  FB-IoU: 86.08 |  0: 88.53    |  1: 87.24    |  2: 91.34    |  3: 90.86    |  4: 43.35    |  5: 83.62    |  6: 26.14    |  7: 57.73    |  8: 49.25    |  9: 92.84    |  10: 89.52    |  11: 44.88    |  12: 67.07    |  13: 83.96    |  14: 94.84    |  15: 85.21    |  16: 95.81    |  17: 73.95    |  18: 76.73    |  19: 82.41   
[Batch: 1103/2400] mIoU: 37.51  |  FB-IoU: 86.10 |  0: 88.53    |  1: 87.24    |  2: 91.34    |  3: 90.86    |  4: 43.35    |  5: 83.62    |  6: 26.14    |  7: 57.73    |  8: 49.25    |  9: 92.84    |  10: 89.52    |  11: 44.88    |  12: 67.07    |  13: 83.96    |  14: 94.84    |  15: 85.21    |  16: 95.81    |  17: 73.95    |  18: 76.73    |  19: 82.41   
[Batch: 1104/2400] mIoU: 37.51  |  FB-IoU: 86.11 |  0: 88.53    |  1: 87.24    |  2: 91.34    |  3: 90.86    |  4: 43.35    |  5: 83.62    |  6: 26.14    |  7: 57.73    |  8: 49.25    |  9: 92.84    |  10: 89.52    |  11: 44.88    |  12: 67.07    |  13: 83.96    |  14: 94.84    |  15: 85.21    |  16: 95.81    |  17: 73.95    |  18: 76.73    |  19: 82.41   
[Batch: 1105/2400] mIoU: 37.52  |  FB-IoU: 86.12 |  0: 88.53    |  1: 87.24    |  2: 91.34    |  3: 90.86    |  4: 43.35    |  5: 83.62    |  6: 26.14    |  7: 57.73    |  8: 49.25    |  9: 92.84    |  10: 89.52    |  11: 44.88    |  12: 67.07    |  13: 83.96    |  14: 94.84    |  15: 85.21    |  16: 95.81    |  17: 73.95    |  18: 76.73    |  19: 82.41   
[Batch: 1106/2400] mIoU: 37.52  |  FB-IoU: 86.13 |  0: 88.53    |  1: 87.24    |  2: 91.34    |  3: 90.86    |  4: 43.35    |  5: 83.62    |  6: 26.14    |  7: 57.73    |  8: 49.25    |  9: 92.84    |  10: 89.52    |  11: 44.88    |  12: 67.07    |  13: 83.96    |  14: 94.84    |  15: 85.21    |  16: 95.81    |  17: 73.95    |  18: 76.73    |  19: 82.41   
[Batch: 1107/2400] mIoU: 37.53  |  FB-IoU: 86.15 |  0: 88.53    |  1: 87.24    |  2: 91.34    |  3: 90.86    |  4: 43.35    |  5: 83.62    |  6: 26.14    |  7: 57.73    |  8: 49.25    |  9: 92.84    |  10: 89.52    |  11: 44.88    |  12: 67.07    |  13: 83.96    |  14: 94.84    |  15: 85.21    |  16: 95.81    |  17: 73.95    |  18: 76.73    |  19: 82.41   
[Batch: 1108/2400] mIoU: 37.53  |  FB-IoU: 86.16 |  0: 88.53    |  1: 87.24    |  2: 91.34    |  3: 90.86    |  4: 43.35    |  5: 83.62    |  6: 26.14    |  7: 57.73    |  8: 49.25    |  9: 92.84    |  10: 89.52    |  11: 44.88    |  12: 67.07    |  13: 83.96    |  14: 94.84    |  15: 85.21    |  16: 95.81    |  17: 73.95    |  18: 76.73    |  19: 82.41   
[Batch: 1109/2400] mIoU: 37.53  |  FB-IoU: 86.16 |  0: 88.53    |  1: 87.24    |  2: 91.34    |  3: 90.86    |  4: 43.35    |  5: 83.62    |  6: 26.14    |  7: 57.73    |  8: 49.25    |  9: 92.84    |  10: 89.52    |  11: 44.88    |  12: 67.07    |  13: 83.96    |  14: 94.84    |  15: 85.21    |  16: 95.81    |  17: 73.95    |  18: 76.73    |  19: 82.41   
[Batch: 1110/2400] mIoU: 37.53  |  FB-IoU: 86.17 |  0: 88.53    |  1: 87.24    |  2: 91.34    |  3: 90.86    |  4: 43.35    |  5: 83.62    |  6: 26.14    |  7: 57.73    |  8: 49.25    |  9: 92.84    |  10: 89.52    |  11: 44.88    |  12: 67.07    |  13: 83.96    |  14: 94.84    |  15: 85.21    |  16: 95.81    |  17: 73.95    |  18: 76.73    |  19: 82.41   
[Batch: 1111/2400] mIoU: 37.94  |  FB-IoU: 86.19 |  0: 88.53    |  1: 87.24    |  2: 91.34    |  3: 90.86    |  4: 43.35    |  5: 83.62    |  6: 26.14    |  7: 57.73    |  8: 49.25    |  9: 92.84    |  10: 89.52    |  11: 44.88    |  12: 67.07    |  13: 83.96    |  14: 94.84    |  15: 85.21    |  16: 95.81    |  17: 73.95    |  18: 76.73    |  19: 82.41   
[Batch: 1112/2400] mIoU: 37.93  |  FB-IoU: 86.19 |  0: 88.53    |  1: 87.24    |  2: 91.34    |  3: 90.86    |  4: 43.35    |  5: 83.62    |  6: 26.14    |  7: 57.73    |  8: 49.25    |  9: 92.84    |  10: 89.52    |  11: 44.88    |  12: 67.07    |  13: 83.96    |  14: 94.84    |  15: 85.21    |  16: 95.81    |  17: 73.95    |  18: 76.73    |  19: 82.41   
[Batch: 1113/2400] mIoU: 37.93  |  FB-IoU: 86.20 |  0: 88.53    |  1: 87.24    |  2: 91.34    |  3: 90.86    |  4: 43.35    |  5: 83.62    |  6: 26.14    |  7: 57.73    |  8: 49.25    |  9: 92.84    |  10: 89.52    |  11: 44.88    |  12: 67.07    |  13: 83.96    |  14: 94.84    |  15: 85.21    |  16: 95.81    |  17: 73.95    |  18: 76.73    |  19: 82.41   
[Batch: 1114/2400] mIoU: 37.93  |  FB-IoU: 86.21 |  0: 88.53    |  1: 87.24    |  2: 91.34    |  3: 90.86    |  4: 43.35    |  5: 83.62    |  6: 26.14    |  7: 57.73    |  8: 49.25    |  9: 92.84    |  10: 89.52    |  11: 44.88    |  12: 67.07    |  13: 83.96    |  14: 94.84    |  15: 85.21    |  16: 95.81    |  17: 73.95    |  18: 76.73    |  19: 82.41   
[Batch: 1115/2400] mIoU: 37.93  |  FB-IoU: 86.22 |  0: 88.53    |  1: 87.24    |  2: 91.34    |  3: 90.86    |  4: 43.35    |  5: 83.62    |  6: 26.14    |  7: 57.73    |  8: 49.25    |  9: 92.84    |  10: 89.52    |  11: 44.88    |  12: 67.07    |  13: 83.96    |  14: 94.84    |  15: 85.21    |  16: 95.81    |  17: 73.95    |  18: 76.73    |  19: 82.41   
[Batch: 1116/2400] mIoU: 37.93  |  FB-IoU: 86.23 |  0: 88.53    |  1: 87.24    |  2: 91.34    |  3: 90.86    |  4: 43.35    |  5: 83.62    |  6: 26.14    |  7: 57.73    |  8: 49.25    |  9: 92.84    |  10: 89.52    |  11: 44.88    |  12: 67.07    |  13: 83.96    |  14: 94.84    |  15: 85.21    |  16: 95.81    |  17: 73.95    |  18: 76.73    |  19: 82.41   
[Batch: 1117/2400] mIoU: 37.93  |  FB-IoU: 86.24 |  0: 88.53    |  1: 87.24    |  2: 91.34    |  3: 90.86    |  4: 43.35    |  5: 83.62    |  6: 26.14    |  7: 57.73    |  8: 49.25    |  9: 92.84    |  10: 89.52    |  11: 44.88    |  12: 67.07    |  13: 83.96    |  14: 94.84    |  15: 85.21    |  16: 95.81    |  17: 73.95    |  18: 76.73    |  19: 82.41   
[Batch: 1118/2400] mIoU: 37.93  |  FB-IoU: 86.25 |  0: 88.53    |  1: 87.24    |  2: 91.34    |  3: 90.86    |  4: 43.35    |  5: 83.62    |  6: 26.14    |  7: 57.73    |  8: 49.25    |  9: 92.84    |  10: 89.52    |  11: 44.88    |  12: 67.07    |  13: 83.96    |  14: 94.84    |  15: 85.21    |  16: 95.81    |  17: 73.95    |  18: 76.73    |  19: 82.41   
[Batch: 1119/2400] mIoU: 37.93  |  FB-IoU: 86.26 |  0: 88.53    |  1: 87.24    |  2: 91.34    |  3: 90.86    |  4: 43.35    |  5: 83.62    |  6: 26.14    |  7: 57.73    |  8: 49.25    |  9: 92.84    |  10: 89.52    |  11: 44.88    |  12: 67.07    |  13: 83.96    |  14: 94.84    |  15: 85.21    |  16: 95.81    |  17: 73.95    |  18: 76.73    |  19: 82.41   
[Batch: 1120/2400] mIoU: 37.93  |  FB-IoU: 86.27 |  0: 88.53    |  1: 87.24    |  2: 91.34    |  3: 90.86    |  4: 43.35    |  5: 83.62    |  6: 26.14    |  7: 57.73    |  8: 49.25    |  9: 92.84    |  10: 89.52    |  11: 44.88    |  12: 67.07    |  13: 83.96    |  14: 94.84    |  15: 85.21    |  16: 95.81    |  17: 73.95    |  18: 76.73    |  19: 82.41   
[Batch: 1121/2400] mIoU: 38.32  |  FB-IoU: 86.27 |  0: 88.53    |  1: 87.24    |  2: 91.34    |  3: 90.86    |  4: 43.35    |  5: 83.62    |  6: 26.14    |  7: 57.73    |  8: 49.25    |  9: 92.84    |  10: 89.52    |  11: 44.88    |  12: 67.07    |  13: 83.96    |  14: 94.84    |  15: 85.21    |  16: 95.81    |  17: 73.95    |  18: 76.73    |  19: 82.41   
[Batch: 1122/2400] mIoU: 38.32  |  FB-IoU: 86.28 |  0: 88.53    |  1: 87.24    |  2: 91.34    |  3: 90.86    |  4: 43.35    |  5: 83.62    |  6: 26.14    |  7: 57.73    |  8: 49.25    |  9: 92.84    |  10: 89.52    |  11: 44.88    |  12: 67.07    |  13: 83.96    |  14: 94.84    |  15: 85.21    |  16: 95.81    |  17: 73.95    |  18: 76.73    |  19: 82.41   
[Batch: 1123/2400] mIoU: 38.32  |  FB-IoU: 86.29 |  0: 88.53    |  1: 87.24    |  2: 91.34    |  3: 90.86    |  4: 43.35    |  5: 83.62    |  6: 26.14    |  7: 57.73    |  8: 49.25    |  9: 92.84    |  10: 89.52    |  11: 44.88    |  12: 67.07    |  13: 83.96    |  14: 94.84    |  15: 85.21    |  16: 95.81    |  17: 73.95    |  18: 76.73    |  19: 82.41   
[Batch: 1124/2400] mIoU: 38.32  |  FB-IoU: 86.30 |  0: 88.53    |  1: 87.24    |  2: 91.34    |  3: 90.86    |  4: 43.35    |  5: 83.62    |  6: 26.14    |  7: 57.73    |  8: 49.25    |  9: 92.84    |  10: 89.52    |  11: 44.88    |  12: 67.07    |  13: 83.96    |  14: 94.84    |  15: 85.21    |  16: 95.81    |  17: 73.95    |  18: 76.73    |  19: 82.41   
[Batch: 1125/2400] mIoU: 38.32  |  FB-IoU: 86.31 |  0: 88.53    |  1: 87.24    |  2: 91.34    |  3: 90.86    |  4: 43.35    |  5: 83.62    |  6: 26.14    |  7: 57.73    |  8: 49.25    |  9: 92.84    |  10: 89.52    |  11: 44.88    |  12: 67.07    |  13: 83.96    |  14: 94.84    |  15: 85.21    |  16: 95.81    |  17: 73.95    |  18: 76.73    |  19: 82.41   
[Batch: 1126/2400] mIoU: 38.32  |  FB-IoU: 86.31 |  0: 88.53    |  1: 87.24    |  2: 91.34    |  3: 90.86    |  4: 43.35    |  5: 83.62    |  6: 26.14    |  7: 57.73    |  8: 49.25    |  9: 92.84    |  10: 89.52    |  11: 44.88    |  12: 67.07    |  13: 83.96    |  14: 94.84    |  15: 85.21    |  16: 95.81    |  17: 73.95    |  18: 76.73    |  19: 82.41   
[Batch: 1127/2400] mIoU: 38.32  |  FB-IoU: 86.32 |  0: 88.53    |  1: 87.24    |  2: 91.34    |  3: 90.86    |  4: 43.35    |  5: 83.62    |  6: 26.14    |  7: 57.73    |  8: 49.25    |  9: 92.84    |  10: 89.52    |  11: 44.88    |  12: 67.07    |  13: 83.96    |  14: 94.84    |  15: 85.21    |  16: 95.81    |  17: 73.95    |  18: 76.73    |  19: 82.41   
[Batch: 1128/2400] mIoU: 38.32  |  FB-IoU: 86.33 |  0: 88.53    |  1: 87.24    |  2: 91.34    |  3: 90.86    |  4: 43.35    |  5: 83.62    |  6: 26.14    |  7: 57.73    |  8: 49.25    |  9: 92.84    |  10: 89.52    |  11: 44.88    |  12: 67.07    |  13: 83.96    |  14: 94.84    |  15: 85.21    |  16: 95.81    |  17: 73.95    |  18: 76.73    |  19: 82.41   
[Batch: 1129/2400] mIoU: 38.32  |  FB-IoU: 86.34 |  0: 88.53    |  1: 87.24    |  2: 91.34    |  3: 90.86    |  4: 43.35    |  5: 83.62    |  6: 26.14    |  7: 57.73    |  8: 49.25    |  9: 92.84    |  10: 89.52    |  11: 44.88    |  12: 67.07    |  13: 83.96    |  14: 94.84    |  15: 85.21    |  16: 95.81    |  17: 73.95    |  18: 76.73    |  19: 82.41   
[Batch: 1130/2400] mIoU: 38.32  |  FB-IoU: 86.35 |  0: 88.53    |  1: 87.24    |  2: 91.34    |  3: 90.86    |  4: 43.35    |  5: 83.62    |  6: 26.14    |  7: 57.73    |  8: 49.25    |  9: 92.84    |  10: 89.52    |  11: 44.88    |  12: 67.07    |  13: 83.96    |  14: 94.84    |  15: 85.21    |  16: 95.81    |  17: 73.95    |  18: 76.73    |  19: 82.41   
[Batch: 1131/2400] mIoU: 38.65  |  FB-IoU: 86.35 |  0: 88.53    |  1: 87.24    |  2: 91.34    |  3: 90.86    |  4: 43.35    |  5: 83.62    |  6: 26.14    |  7: 57.73    |  8: 49.25    |  9: 92.84    |  10: 89.52    |  11: 44.88    |  12: 67.07    |  13: 83.96    |  14: 94.84    |  15: 85.21    |  16: 95.81    |  17: 73.95    |  18: 76.73    |  19: 82.41   
[Batch: 1132/2400] mIoU: 38.66  |  FB-IoU: 86.35 |  0: 88.53    |  1: 87.24    |  2: 91.34    |  3: 90.86    |  4: 43.35    |  5: 83.62    |  6: 26.14    |  7: 57.73    |  8: 49.25    |  9: 92.84    |  10: 89.52    |  11: 44.88    |  12: 67.07    |  13: 83.96    |  14: 94.84    |  15: 85.21    |  16: 95.81    |  17: 73.95    |  18: 76.73    |  19: 82.41   
[Batch: 1133/2400] mIoU: 38.68  |  FB-IoU: 86.36 |  0: 88.53    |  1: 87.24    |  2: 91.34    |  3: 90.86    |  4: 43.35    |  5: 83.62    |  6: 26.14    |  7: 57.73    |  8: 49.25    |  9: 92.84    |  10: 89.52    |  11: 44.88    |  12: 67.07    |  13: 83.96    |  14: 94.84    |  15: 85.21    |  16: 95.81    |  17: 73.95    |  18: 76.73    |  19: 82.41   
[Batch: 1134/2400] mIoU: 38.66  |  FB-IoU: 86.36 |  0: 88.53    |  1: 87.24    |  2: 91.34    |  3: 90.86    |  4: 43.35    |  5: 83.62    |  6: 26.14    |  7: 57.73    |  8: 49.25    |  9: 92.84    |  10: 89.52    |  11: 44.88    |  12: 67.07    |  13: 83.96    |  14: 94.84    |  15: 85.21    |  16: 95.81    |  17: 73.95    |  18: 76.73    |  19: 82.41   
[Batch: 1135/2400] mIoU: 38.67  |  FB-IoU: 86.36 |  0: 88.53    |  1: 87.24    |  2: 91.34    |  3: 90.86    |  4: 43.35    |  5: 83.62    |  6: 26.14    |  7: 57.73    |  8: 49.25    |  9: 92.84    |  10: 89.52    |  11: 44.88    |  12: 67.07    |  13: 83.96    |  14: 94.84    |  15: 85.21    |  16: 95.81    |  17: 73.95    |  18: 76.73    |  19: 82.41   
[Batch: 1136/2400] mIoU: 38.67  |  FB-IoU: 86.37 |  0: 88.53    |  1: 87.24    |  2: 91.34    |  3: 90.86    |  4: 43.35    |  5: 83.62    |  6: 26.14    |  7: 57.73    |  8: 49.25    |  9: 92.84    |  10: 89.52    |  11: 44.88    |  12: 67.07    |  13: 83.96    |  14: 94.84    |  15: 85.21    |  16: 95.81    |  17: 73.95    |  18: 76.73    |  19: 82.41   
[Batch: 1137/2400] mIoU: 38.68  |  FB-IoU: 86.38 |  0: 88.53    |  1: 87.24    |  2: 91.34    |  3: 90.86    |  4: 43.35    |  5: 83.62    |  6: 26.14    |  7: 57.73    |  8: 49.25    |  9: 92.84    |  10: 89.52    |  11: 44.88    |  12: 67.07    |  13: 83.96    |  14: 94.84    |  15: 85.21    |  16: 95.81    |  17: 73.95    |  18: 76.73    |  19: 82.41   
[Batch: 1138/2400] mIoU: 38.69  |  FB-IoU: 86.39 |  0: 88.53    |  1: 87.24    |  2: 91.34    |  3: 90.86    |  4: 43.35    |  5: 83.62    |  6: 26.14    |  7: 57.73    |  8: 49.25    |  9: 92.84    |  10: 89.52    |  11: 44.88    |  12: 67.07    |  13: 83.96    |  14: 94.84    |  15: 85.21    |  16: 95.81    |  17: 73.95    |  18: 76.73    |  19: 82.41   
[Batch: 1139/2400] mIoU: 38.70  |  FB-IoU: 86.40 |  0: 88.53    |  1: 87.24    |  2: 91.34    |  3: 90.86    |  4: 43.35    |  5: 83.62    |  6: 26.14    |  7: 57.73    |  8: 49.25    |  9: 92.84    |  10: 89.52    |  11: 44.88    |  12: 67.07    |  13: 83.96    |  14: 94.84    |  15: 85.21    |  16: 95.81    |  17: 73.95    |  18: 76.73    |  19: 82.41   
[Batch: 1140/2400] mIoU: 38.70  |  FB-IoU: 86.40 |  0: 88.53    |  1: 87.24    |  2: 91.34    |  3: 90.86    |  4: 43.35    |  5: 83.62    |  6: 26.14    |  7: 57.73    |  8: 49.25    |  9: 92.84    |  10: 89.52    |  11: 44.88    |  12: 67.07    |  13: 83.96    |  14: 94.84    |  15: 85.21    |  16: 95.81    |  17: 73.95    |  18: 76.73    |  19: 82.41   
[Batch: 1141/2400] mIoU: 39.07  |  FB-IoU: 86.41 |  0: 88.53    |  1: 87.24    |  2: 91.34    |  3: 90.86    |  4: 43.35    |  5: 83.62    |  6: 26.14    |  7: 57.73    |  8: 49.25    |  9: 92.84    |  10: 89.52    |  11: 44.88    |  12: 67.07    |  13: 83.96    |  14: 94.84    |  15: 85.21    |  16: 95.81    |  17: 73.95    |  18: 76.73    |  19: 82.41   
[Batch: 1142/2400] mIoU: 39.06  |  FB-IoU: 86.41 |  0: 88.53    |  1: 87.24    |  2: 91.34    |  3: 90.86    |  4: 43.35    |  5: 83.62    |  6: 26.14    |  7: 57.73    |  8: 49.25    |  9: 92.84    |  10: 89.52    |  11: 44.88    |  12: 67.07    |  13: 83.96    |  14: 94.84    |  15: 85.21    |  16: 95.81    |  17: 73.95    |  18: 76.73    |  19: 82.41   
[Batch: 1143/2400] mIoU: 39.07  |  FB-IoU: 86.42 |  0: 88.53    |  1: 87.24    |  2: 91.34    |  3: 90.86    |  4: 43.35    |  5: 83.62    |  6: 26.14    |  7: 57.73    |  8: 49.25    |  9: 92.84    |  10: 89.52    |  11: 44.88    |  12: 67.07    |  13: 83.96    |  14: 94.84    |  15: 85.21    |  16: 95.81    |  17: 73.95    |  18: 76.73    |  19: 82.41   
[Batch: 1144/2400] mIoU: 39.04  |  FB-IoU: 86.41 |  0: 88.53    |  1: 87.24    |  2: 91.34    |  3: 90.86    |  4: 43.35    |  5: 83.62    |  6: 26.14    |  7: 57.73    |  8: 49.25    |  9: 92.84    |  10: 89.52    |  11: 44.88    |  12: 67.07    |  13: 83.96    |  14: 94.84    |  15: 85.21    |  16: 95.81    |  17: 73.95    |  18: 76.73    |  19: 82.41   
[Batch: 1145/2400] mIoU: 39.05  |  FB-IoU: 86.42 |  0: 88.53    |  1: 87.24    |  2: 91.34    |  3: 90.86    |  4: 43.35    |  5: 83.62    |  6: 26.14    |  7: 57.73    |  8: 49.25    |  9: 92.84    |  10: 89.52    |  11: 44.88    |  12: 67.07    |  13: 83.96    |  14: 94.84    |  15: 85.21    |  16: 95.81    |  17: 73.95    |  18: 76.73    |  19: 82.41   
[Batch: 1146/2400] mIoU: 39.05  |  FB-IoU: 86.42 |  0: 88.53    |  1: 87.24    |  2: 91.34    |  3: 90.86    |  4: 43.35    |  5: 83.62    |  6: 26.14    |  7: 57.73    |  8: 49.25    |  9: 92.84    |  10: 89.52    |  11: 44.88    |  12: 67.07    |  13: 83.96    |  14: 94.84    |  15: 85.21    |  16: 95.81    |  17: 73.95    |  18: 76.73    |  19: 82.41   
[Batch: 1147/2400] mIoU: 39.05  |  FB-IoU: 86.43 |  0: 88.53    |  1: 87.24    |  2: 91.34    |  3: 90.86    |  4: 43.35    |  5: 83.62    |  6: 26.14    |  7: 57.73    |  8: 49.25    |  9: 92.84    |  10: 89.52    |  11: 44.88    |  12: 67.07    |  13: 83.96    |  14: 94.84    |  15: 85.21    |  16: 95.81    |  17: 73.95    |  18: 76.73    |  19: 82.41   
[Batch: 1148/2400] mIoU: 39.06  |  FB-IoU: 86.43 |  0: 88.53    |  1: 87.24    |  2: 91.34    |  3: 90.86    |  4: 43.35    |  5: 83.62    |  6: 26.14    |  7: 57.73    |  8: 49.25    |  9: 92.84    |  10: 89.52    |  11: 44.88    |  12: 67.07    |  13: 83.96    |  14: 94.84    |  15: 85.21    |  16: 95.81    |  17: 73.95    |  18: 76.73    |  19: 82.41   
[Batch: 1149/2400] mIoU: 39.06  |  FB-IoU: 86.44 |  0: 88.53    |  1: 87.24    |  2: 91.34    |  3: 90.86    |  4: 43.35    |  5: 83.62    |  6: 26.14    |  7: 57.73    |  8: 49.25    |  9: 92.84    |  10: 89.52    |  11: 44.88    |  12: 67.07    |  13: 83.96    |  14: 94.84    |  15: 85.21    |  16: 95.81    |  17: 73.95    |  18: 76.73    |  19: 82.41   
[Batch: 1150/2400] mIoU: 39.06  |  FB-IoU: 86.44 |  0: 88.53    |  1: 87.24    |  2: 91.34    |  3: 90.86    |  4: 43.35    |  5: 83.62    |  6: 26.14    |  7: 57.73    |  8: 49.25    |  9: 92.84    |  10: 89.52    |  11: 44.88    |  12: 67.07    |  13: 83.96    |  14: 94.84    |  15: 85.21    |  16: 95.81    |  17: 73.95    |  18: 76.73    |  19: 82.41   
[Batch: 1151/2400] mIoU: 39.45  |  FB-IoU: 86.44 |  0: 88.53    |  1: 87.24    |  2: 91.34    |  3: 90.86    |  4: 43.35    |  5: 83.62    |  6: 26.14    |  7: 57.73    |  8: 49.25    |  9: 92.84    |  10: 89.52    |  11: 44.88    |  12: 67.07    |  13: 83.96    |  14: 94.84    |  15: 85.21    |  16: 95.81    |  17: 73.95    |  18: 76.73    |  19: 82.41   
[Batch: 1152/2400] mIoU: 39.44  |  FB-IoU: 86.45 |  0: 88.53    |  1: 87.24    |  2: 91.34    |  3: 90.86    |  4: 43.35    |  5: 83.62    |  6: 26.14    |  7: 57.73    |  8: 49.25    |  9: 92.84    |  10: 89.52    |  11: 44.88    |  12: 67.07    |  13: 83.96    |  14: 94.84    |  15: 85.21    |  16: 95.81    |  17: 73.95    |  18: 76.73    |  19: 82.41   
[Batch: 1153/2400] mIoU: 39.12  |  FB-IoU: 86.28 |  0: 88.53    |  1: 87.24    |  2: 91.34    |  3: 90.86    |  4: 43.35    |  5: 83.62    |  6: 26.14    |  7: 57.73    |  8: 49.25    |  9: 92.84    |  10: 89.52    |  11: 44.88    |  12: 67.07    |  13: 83.96    |  14: 94.84    |  15: 85.21    |  16: 95.81    |  17: 73.95    |  18: 76.73    |  19: 82.41   
[Batch: 1154/2400] mIoU: 39.17  |  FB-IoU: 86.29 |  0: 88.53    |  1: 87.24    |  2: 91.34    |  3: 90.86    |  4: 43.35    |  5: 83.62    |  6: 26.14    |  7: 57.73    |  8: 49.25    |  9: 92.84    |  10: 89.52    |  11: 44.88    |  12: 67.07    |  13: 83.96    |  14: 94.84    |  15: 85.21    |  16: 95.81    |  17: 73.95    |  18: 76.73    |  19: 82.41   
[Batch: 1155/2400] mIoU: 39.18  |  FB-IoU: 86.29 |  0: 88.53    |  1: 87.24    |  2: 91.34    |  3: 90.86    |  4: 43.35    |  5: 83.62    |  6: 26.14    |  7: 57.73    |  8: 49.25    |  9: 92.84    |  10: 89.52    |  11: 44.88    |  12: 67.07    |  13: 83.96    |  14: 94.84    |  15: 85.21    |  16: 95.81    |  17: 73.95    |  18: 76.73    |  19: 82.41   
[Batch: 1156/2400] mIoU: 39.20  |  FB-IoU: 86.29 |  0: 88.53    |  1: 87.24    |  2: 91.34    |  3: 90.86    |  4: 43.35    |  5: 83.62    |  6: 26.14    |  7: 57.73    |  8: 49.25    |  9: 92.84    |  10: 89.52    |  11: 44.88    |  12: 67.07    |  13: 83.96    |  14: 94.84    |  15: 85.21    |  16: 95.81    |  17: 73.95    |  18: 76.73    |  19: 82.41   
[Batch: 1157/2400] mIoU: 39.21  |  FB-IoU: 86.30 |  0: 88.53    |  1: 87.24    |  2: 91.34    |  3: 90.86    |  4: 43.35    |  5: 83.62    |  6: 26.14    |  7: 57.73    |  8: 49.25    |  9: 92.84    |  10: 89.52    |  11: 44.88    |  12: 67.07    |  13: 83.96    |  14: 94.84    |  15: 85.21    |  16: 95.81    |  17: 73.95    |  18: 76.73    |  19: 82.41   
[Batch: 1158/2400] mIoU: 39.19  |  FB-IoU: 86.24 |  0: 88.53    |  1: 87.24    |  2: 91.34    |  3: 90.86    |  4: 43.35    |  5: 83.62    |  6: 26.14    |  7: 57.73    |  8: 49.25    |  9: 92.84    |  10: 89.52    |  11: 44.88    |  12: 67.07    |  13: 83.96    |  14: 94.84    |  15: 85.21    |  16: 95.81    |  17: 73.95    |  18: 76.73    |  19: 82.41   
[Batch: 1159/2400] mIoU: 39.20  |  FB-IoU: 86.25 |  0: 88.53    |  1: 87.24    |  2: 91.34    |  3: 90.86    |  4: 43.35    |  5: 83.62    |  6: 26.14    |  7: 57.73    |  8: 49.25    |  9: 92.84    |  10: 89.52    |  11: 44.88    |  12: 67.07    |  13: 83.96    |  14: 94.84    |  15: 85.21    |  16: 95.81    |  17: 73.95    |  18: 76.73    |  19: 82.41   
[Batch: 1160/2400] mIoU: 39.20  |  FB-IoU: 86.25 |  0: 88.53    |  1: 87.24    |  2: 91.34    |  3: 90.86    |  4: 43.35    |  5: 83.62    |  6: 26.14    |  7: 57.73    |  8: 49.25    |  9: 92.84    |  10: 89.52    |  11: 44.88    |  12: 67.07    |  13: 83.96    |  14: 94.84    |  15: 85.21    |  16: 95.81    |  17: 73.95    |  18: 76.73    |  19: 82.41   
[Batch: 1161/2400] mIoU: 39.41  |  FB-IoU: 86.24 |  0: 88.53    |  1: 87.24    |  2: 91.34    |  3: 90.86    |  4: 43.35    |  5: 83.62    |  6: 26.14    |  7: 57.73    |  8: 49.25    |  9: 92.84    |  10: 89.52    |  11: 44.88    |  12: 67.07    |  13: 83.96    |  14: 94.84    |  15: 85.21    |  16: 95.81    |  17: 73.95    |  18: 76.73    |  19: 82.41   
[Batch: 1162/2400] mIoU: 39.48  |  FB-IoU: 86.25 |  0: 88.53    |  1: 87.24    |  2: 91.34    |  3: 90.86    |  4: 43.35    |  5: 83.62    |  6: 26.14    |  7: 57.73    |  8: 49.25    |  9: 92.84    |  10: 89.52    |  11: 44.88    |  12: 67.07    |  13: 83.96    |  14: 94.84    |  15: 85.21    |  16: 95.81    |  17: 73.95    |  18: 76.73    |  19: 82.41   
[Batch: 1163/2400] mIoU: 39.52  |  FB-IoU: 86.25 |  0: 88.53    |  1: 87.24    |  2: 91.34    |  3: 90.86    |  4: 43.35    |  5: 83.62    |  6: 26.14    |  7: 57.73    |  8: 49.25    |  9: 92.84    |  10: 89.52    |  11: 44.88    |  12: 67.07    |  13: 83.96    |  14: 94.84    |  15: 85.21    |  16: 95.81    |  17: 73.95    |  18: 76.73    |  19: 82.41   
[Batch: 1164/2400] mIoU: 39.52  |  FB-IoU: 86.26 |  0: 88.53    |  1: 87.24    |  2: 91.34    |  3: 90.86    |  4: 43.35    |  5: 83.62    |  6: 26.14    |  7: 57.73    |  8: 49.25    |  9: 92.84    |  10: 89.52    |  11: 44.88    |  12: 67.07    |  13: 83.96    |  14: 94.84    |  15: 85.21    |  16: 95.81    |  17: 73.95    |  18: 76.73    |  19: 82.41   
[Batch: 1165/2400] mIoU: 39.53  |  FB-IoU: 86.26 |  0: 88.53    |  1: 87.24    |  2: 91.34    |  3: 90.86    |  4: 43.35    |  5: 83.62    |  6: 26.14    |  7: 57.73    |  8: 49.25    |  9: 92.84    |  10: 89.52    |  11: 44.88    |  12: 67.07    |  13: 83.96    |  14: 94.84    |  15: 85.21    |  16: 95.81    |  17: 73.95    |  18: 76.73    |  19: 82.41   
[Batch: 1166/2400] mIoU: 39.54  |  FB-IoU: 86.27 |  0: 88.53    |  1: 87.24    |  2: 91.34    |  3: 90.86    |  4: 43.35    |  5: 83.62    |  6: 26.14    |  7: 57.73    |  8: 49.25    |  9: 92.84    |  10: 89.52    |  11: 44.88    |  12: 67.07    |  13: 83.96    |  14: 94.84    |  15: 85.21    |  16: 95.81    |  17: 73.95    |  18: 76.73    |  19: 82.41   
[Batch: 1167/2400] mIoU: 39.55  |  FB-IoU: 86.27 |  0: 88.53    |  1: 87.24    |  2: 91.34    |  3: 90.86    |  4: 43.35    |  5: 83.62    |  6: 26.14    |  7: 57.73    |  8: 49.25    |  9: 92.84    |  10: 89.52    |  11: 44.88    |  12: 67.07    |  13: 83.96    |  14: 94.84    |  15: 85.21    |  16: 95.81    |  17: 73.95    |  18: 76.73    |  19: 82.41   
[Batch: 1168/2400] mIoU: 39.55  |  FB-IoU: 86.27 |  0: 88.53    |  1: 87.24    |  2: 91.34    |  3: 90.86    |  4: 43.35    |  5: 83.62    |  6: 26.14    |  7: 57.73    |  8: 49.25    |  9: 92.84    |  10: 89.52    |  11: 44.88    |  12: 67.07    |  13: 83.96    |  14: 94.84    |  15: 85.21    |  16: 95.81    |  17: 73.95    |  18: 76.73    |  19: 82.41   
[Batch: 1169/2400] mIoU: 39.55  |  FB-IoU: 86.28 |  0: 88.53    |  1: 87.24    |  2: 91.34    |  3: 90.86    |  4: 43.35    |  5: 83.62    |  6: 26.14    |  7: 57.73    |  8: 49.25    |  9: 92.84    |  10: 89.52    |  11: 44.88    |  12: 67.07    |  13: 83.96    |  14: 94.84    |  15: 85.21    |  16: 95.81    |  17: 73.95    |  18: 76.73    |  19: 82.41   
[Batch: 1170/2400] mIoU: 39.55  |  FB-IoU: 86.28 |  0: 88.53    |  1: 87.24    |  2: 91.34    |  3: 90.86    |  4: 43.35    |  5: 83.62    |  6: 26.14    |  7: 57.73    |  8: 49.25    |  9: 92.84    |  10: 89.52    |  11: 44.88    |  12: 67.07    |  13: 83.96    |  14: 94.84    |  15: 85.21    |  16: 95.81    |  17: 73.95    |  18: 76.73    |  19: 82.41   
[Batch: 1171/2400] mIoU: 39.92  |  FB-IoU: 86.29 |  0: 88.53    |  1: 87.24    |  2: 91.34    |  3: 90.86    |  4: 43.35    |  5: 83.62    |  6: 26.14    |  7: 57.73    |  8: 49.25    |  9: 92.84    |  10: 89.52    |  11: 44.88    |  12: 67.07    |  13: 83.96    |  14: 94.84    |  15: 85.21    |  16: 95.81    |  17: 73.95    |  18: 76.73    |  19: 82.41   
[Batch: 1172/2400] mIoU: 39.90  |  FB-IoU: 86.29 |  0: 88.53    |  1: 87.24    |  2: 91.34    |  3: 90.86    |  4: 43.35    |  5: 83.62    |  6: 26.14    |  7: 57.73    |  8: 49.25    |  9: 92.84    |  10: 89.52    |  11: 44.88    |  12: 67.07    |  13: 83.96    |  14: 94.84    |  15: 85.21    |  16: 95.81    |  17: 73.95    |  18: 76.73    |  19: 82.41   
[Batch: 1173/2400] mIoU: 39.88  |  FB-IoU: 86.29 |  0: 88.53    |  1: 87.24    |  2: 91.34    |  3: 90.86    |  4: 43.35    |  5: 83.62    |  6: 26.14    |  7: 57.73    |  8: 49.25    |  9: 92.84    |  10: 89.52    |  11: 44.88    |  12: 67.07    |  13: 83.96    |  14: 94.84    |  15: 85.21    |  16: 95.81    |  17: 73.95    |  18: 76.73    |  19: 82.41   
[Batch: 1174/2400] mIoU: 39.86  |  FB-IoU: 86.29 |  0: 88.53    |  1: 87.24    |  2: 91.34    |  3: 90.86    |  4: 43.35    |  5: 83.62    |  6: 26.14    |  7: 57.73    |  8: 49.25    |  9: 92.84    |  10: 89.52    |  11: 44.88    |  12: 67.07    |  13: 83.96    |  14: 94.84    |  15: 85.21    |  16: 95.81    |  17: 73.95    |  18: 76.73    |  19: 82.41   
[Batch: 1175/2400] mIoU: 39.87  |  FB-IoU: 86.29 |  0: 88.53    |  1: 87.24    |  2: 91.34    |  3: 90.86    |  4: 43.35    |  5: 83.62    |  6: 26.14    |  7: 57.73    |  8: 49.25    |  9: 92.84    |  10: 89.52    |  11: 44.88    |  12: 67.07    |  13: 83.96    |  14: 94.84    |  15: 85.21    |  16: 95.81    |  17: 73.95    |  18: 76.73    |  19: 82.41   
[Batch: 1176/2400] mIoU: 39.89  |  FB-IoU: 86.30 |  0: 88.53    |  1: 87.24    |  2: 91.34    |  3: 90.86    |  4: 43.35    |  5: 83.62    |  6: 26.14    |  7: 57.73    |  8: 49.25    |  9: 92.84    |  10: 89.52    |  11: 44.88    |  12: 67.07    |  13: 83.96    |  14: 94.84    |  15: 85.21    |  16: 95.81    |  17: 73.95    |  18: 76.73    |  19: 82.41   
[Batch: 1177/2400] mIoU: 39.89  |  FB-IoU: 86.30 |  0: 88.53    |  1: 87.24    |  2: 91.34    |  3: 90.86    |  4: 43.35    |  5: 83.62    |  6: 26.14    |  7: 57.73    |  8: 49.25    |  9: 92.84    |  10: 89.52    |  11: 44.88    |  12: 67.07    |  13: 83.96    |  14: 94.84    |  15: 85.21    |  16: 95.81    |  17: 73.95    |  18: 76.73    |  19: 82.41   
[Batch: 1178/2400] mIoU: 39.90  |  FB-IoU: 86.31 |  0: 88.53    |  1: 87.24    |  2: 91.34    |  3: 90.86    |  4: 43.35    |  5: 83.62    |  6: 26.14    |  7: 57.73    |  8: 49.25    |  9: 92.84    |  10: 89.52    |  11: 44.88    |  12: 67.07    |  13: 83.96    |  14: 94.84    |  15: 85.21    |  16: 95.81    |  17: 73.95    |  18: 76.73    |  19: 82.41   
[Batch: 1179/2400] mIoU: 39.91  |  FB-IoU: 86.31 |  0: 88.53    |  1: 87.24    |  2: 91.34    |  3: 90.86    |  4: 43.35    |  5: 83.62    |  6: 26.14    |  7: 57.73    |  8: 49.25    |  9: 92.84    |  10: 89.52    |  11: 44.88    |  12: 67.07    |  13: 83.96    |  14: 94.84    |  15: 85.21    |  16: 95.81    |  17: 73.95    |  18: 76.73    |  19: 82.41   
[Batch: 1180/2400] mIoU: 39.76  |  FB-IoU: 86.18 |  0: 88.53    |  1: 87.24    |  2: 91.34    |  3: 90.86    |  4: 43.35    |  5: 83.62    |  6: 26.14    |  7: 57.73    |  8: 49.25    |  9: 92.84    |  10: 89.52    |  11: 44.88    |  12: 67.07    |  13: 83.96    |  14: 94.84    |  15: 85.21    |  16: 95.81    |  17: 73.95    |  18: 76.73    |  19: 82.41   
[Batch: 1181/2400] mIoU: 40.16  |  FB-IoU: 86.18 |  0: 88.53    |  1: 87.24    |  2: 91.34    |  3: 90.86    |  4: 43.35    |  5: 83.62    |  6: 26.14    |  7: 57.73    |  8: 49.25    |  9: 92.84    |  10: 89.52    |  11: 44.88    |  12: 67.07    |  13: 83.96    |  14: 94.84    |  15: 85.21    |  16: 95.81    |  17: 73.95    |  18: 76.73    |  19: 82.41   
[Batch: 1182/2400] mIoU: 40.16  |  FB-IoU: 86.19 |  0: 88.53    |  1: 87.24    |  2: 91.34    |  3: 90.86    |  4: 43.35    |  5: 83.62    |  6: 26.14    |  7: 57.73    |  8: 49.25    |  9: 92.84    |  10: 89.52    |  11: 44.88    |  12: 67.07    |  13: 83.96    |  14: 94.84    |  15: 85.21    |  16: 95.81    |  17: 73.95    |  18: 76.73    |  19: 82.41   
[Batch: 1183/2400] mIoU: 40.15  |  FB-IoU: 86.19 |  0: 88.53    |  1: 87.24    |  2: 91.34    |  3: 90.86    |  4: 43.35    |  5: 83.62    |  6: 26.14    |  7: 57.73    |  8: 49.25    |  9: 92.84    |  10: 89.52    |  11: 44.88    |  12: 67.07    |  13: 83.96    |  14: 94.84    |  15: 85.21    |  16: 95.81    |  17: 73.95    |  18: 76.73    |  19: 82.41   
[Batch: 1184/2400] mIoU: 40.16  |  FB-IoU: 86.20 |  0: 88.53    |  1: 87.24    |  2: 91.34    |  3: 90.86    |  4: 43.35    |  5: 83.62    |  6: 26.14    |  7: 57.73    |  8: 49.25    |  9: 92.84    |  10: 89.52    |  11: 44.88    |  12: 67.07    |  13: 83.96    |  14: 94.84    |  15: 85.21    |  16: 95.81    |  17: 73.95    |  18: 76.73    |  19: 82.41   
[Batch: 1185/2400] mIoU: 40.16  |  FB-IoU: 86.20 |  0: 88.53    |  1: 87.24    |  2: 91.34    |  3: 90.86    |  4: 43.35    |  5: 83.62    |  6: 26.14    |  7: 57.73    |  8: 49.25    |  9: 92.84    |  10: 89.52    |  11: 44.88    |  12: 67.07    |  13: 83.96    |  14: 94.84    |  15: 85.21    |  16: 95.81    |  17: 73.95    |  18: 76.73    |  19: 82.41   
[Batch: 1186/2400] mIoU: 40.15  |  FB-IoU: 86.21 |  0: 88.53    |  1: 87.24    |  2: 91.34    |  3: 90.86    |  4: 43.35    |  5: 83.62    |  6: 26.14    |  7: 57.73    |  8: 49.25    |  9: 92.84    |  10: 89.52    |  11: 44.88    |  12: 67.07    |  13: 83.96    |  14: 94.84    |  15: 85.21    |  16: 95.81    |  17: 73.95    |  18: 76.73    |  19: 82.41   
[Batch: 1187/2400] mIoU: 40.15  |  FB-IoU: 86.21 |  0: 88.53    |  1: 87.24    |  2: 91.34    |  3: 90.86    |  4: 43.35    |  5: 83.62    |  6: 26.14    |  7: 57.73    |  8: 49.25    |  9: 92.84    |  10: 89.52    |  11: 44.88    |  12: 67.07    |  13: 83.96    |  14: 94.84    |  15: 85.21    |  16: 95.81    |  17: 73.95    |  18: 76.73    |  19: 82.41   
[Batch: 1188/2400] mIoU: 40.15  |  FB-IoU: 86.22 |  0: 88.53    |  1: 87.24    |  2: 91.34    |  3: 90.86    |  4: 43.35    |  5: 83.62    |  6: 26.14    |  7: 57.73    |  8: 49.25    |  9: 92.84    |  10: 89.52    |  11: 44.88    |  12: 67.07    |  13: 83.96    |  14: 94.84    |  15: 85.21    |  16: 95.81    |  17: 73.95    |  18: 76.73    |  19: 82.41   
[Batch: 1189/2400] mIoU: 40.15  |  FB-IoU: 86.22 |  0: 88.53    |  1: 87.24    |  2: 91.34    |  3: 90.86    |  4: 43.35    |  5: 83.62    |  6: 26.14    |  7: 57.73    |  8: 49.25    |  9: 92.84    |  10: 89.52    |  11: 44.88    |  12: 67.07    |  13: 83.96    |  14: 94.84    |  15: 85.21    |  16: 95.81    |  17: 73.95    |  18: 76.73    |  19: 82.41   
[Batch: 1190/2400] mIoU: 40.15  |  FB-IoU: 86.23 |  0: 88.53    |  1: 87.24    |  2: 91.34    |  3: 90.86    |  4: 43.35    |  5: 83.62    |  6: 26.14    |  7: 57.73    |  8: 49.25    |  9: 92.84    |  10: 89.52    |  11: 44.88    |  12: 67.07    |  13: 83.96    |  14: 94.84    |  15: 85.21    |  16: 95.81    |  17: 73.95    |  18: 76.73    |  19: 82.41   
[Batch: 1191/2400] mIoU: 40.38  |  FB-IoU: 86.21 |  0: 88.53    |  1: 87.24    |  2: 91.34    |  3: 90.86    |  4: 43.35    |  5: 83.62    |  6: 26.14    |  7: 57.73    |  8: 49.25    |  9: 92.84    |  10: 89.52    |  11: 44.88    |  12: 67.07    |  13: 83.96    |  14: 94.84    |  15: 85.21    |  16: 95.81    |  17: 73.95    |  18: 76.73    |  19: 82.41   
[Batch: 1192/2400] mIoU: 40.43  |  FB-IoU: 86.21 |  0: 88.53    |  1: 87.24    |  2: 91.34    |  3: 90.86    |  4: 43.35    |  5: 83.62    |  6: 26.14    |  7: 57.73    |  8: 49.25    |  9: 92.84    |  10: 89.52    |  11: 44.88    |  12: 67.07    |  13: 83.96    |  14: 94.84    |  15: 85.21    |  16: 95.81    |  17: 73.95    |  18: 76.73    |  19: 82.41   
[Batch: 1193/2400] mIoU: 40.39  |  FB-IoU: 86.19 |  0: 88.53    |  1: 87.24    |  2: 91.34    |  3: 90.86    |  4: 43.35    |  5: 83.62    |  6: 26.14    |  7: 57.73    |  8: 49.25    |  9: 92.84    |  10: 89.52    |  11: 44.88    |  12: 67.07    |  13: 83.96    |  14: 94.84    |  15: 85.21    |  16: 95.81    |  17: 73.95    |  18: 76.73    |  19: 82.41   
[Batch: 1194/2400] mIoU: 40.43  |  FB-IoU: 86.20 |  0: 88.53    |  1: 87.24    |  2: 91.34    |  3: 90.86    |  4: 43.35    |  5: 83.62    |  6: 26.14    |  7: 57.73    |  8: 49.25    |  9: 92.84    |  10: 89.52    |  11: 44.88    |  12: 67.07    |  13: 83.96    |  14: 94.84    |  15: 85.21    |  16: 95.81    |  17: 73.95    |  18: 76.73    |  19: 82.41   
[Batch: 1195/2400] mIoU: 40.46  |  FB-IoU: 86.21 |  0: 88.53    |  1: 87.24    |  2: 91.34    |  3: 90.86    |  4: 43.35    |  5: 83.62    |  6: 26.14    |  7: 57.73    |  8: 49.25    |  9: 92.84    |  10: 89.52    |  11: 44.88    |  12: 67.07    |  13: 83.96    |  14: 94.84    |  15: 85.21    |  16: 95.81    |  17: 73.95    |  18: 76.73    |  19: 82.41   
[Batch: 1196/2400] mIoU: 40.47  |  FB-IoU: 86.21 |  0: 88.53    |  1: 87.24    |  2: 91.34    |  3: 90.86    |  4: 43.35    |  5: 83.62    |  6: 26.14    |  7: 57.73    |  8: 49.25    |  9: 92.84    |  10: 89.52    |  11: 44.88    |  12: 67.07    |  13: 83.96    |  14: 94.84    |  15: 85.21    |  16: 95.81    |  17: 73.95    |  18: 76.73    |  19: 82.41   
[Batch: 1197/2400] mIoU: 40.38  |  FB-IoU: 86.08 |  0: 88.53    |  1: 87.24    |  2: 91.34    |  3: 90.86    |  4: 43.35    |  5: 83.62    |  6: 26.14    |  7: 57.73    |  8: 49.25    |  9: 92.84    |  10: 89.52    |  11: 44.88    |  12: 67.07    |  13: 83.96    |  14: 94.84    |  15: 85.21    |  16: 95.81    |  17: 73.95    |  18: 76.73    |  19: 82.41   
[Batch: 1198/2400] mIoU: 40.40  |  FB-IoU: 86.10 |  0: 88.53    |  1: 87.24    |  2: 91.34    |  3: 90.86    |  4: 43.35    |  5: 83.62    |  6: 26.14    |  7: 57.73    |  8: 49.25    |  9: 92.84    |  10: 89.52    |  11: 44.88    |  12: 67.07    |  13: 83.96    |  14: 94.84    |  15: 85.21    |  16: 95.81    |  17: 73.95    |  18: 76.73    |  19: 82.41   
[Batch: 1199/2400] mIoU: 40.41  |  FB-IoU: 86.11 |  0: 88.53    |  1: 87.24    |  2: 91.34    |  3: 90.86    |  4: 43.35    |  5: 83.62    |  6: 26.14    |  7: 57.73    |  8: 49.25    |  9: 92.84    |  10: 89.52    |  11: 44.88    |  12: 67.07    |  13: 83.96    |  14: 94.84    |  15: 85.21    |  16: 95.81    |  17: 73.95    |  18: 76.73    |  19: 82.41   
[Batch: 1200/2400] mIoU: 40.40  |  FB-IoU: 86.08 |  0: 88.53    |  1: 87.24    |  2: 91.34    |  3: 90.86    |  4: 43.35    |  5: 83.62    |  6: 26.14    |  7: 57.73    |  8: 49.25    |  9: 92.84    |  10: 89.52    |  11: 44.88    |  12: 67.07    |  13: 83.96    |  14: 94.84    |  15: 85.21    |  16: 95.81    |  17: 73.95    |  18: 76.73    |  19: 82.41   
[Batch: 1201/2400] mIoU: 40.82  |  FB-IoU: 86.09 |  0: 88.53    |  1: 87.24    |  2: 91.34    |  3: 90.86    |  4: 43.35    |  5: 83.62    |  6: 26.14    |  7: 57.73    |  8: 49.25    |  9: 92.84    |  10: 89.52    |  11: 44.88    |  12: 67.07    |  13: 83.96    |  14: 94.84    |  15: 85.21    |  16: 95.81    |  17: 73.95    |  18: 76.73    |  19: 82.41   
[Batch: 1202/2400] mIoU: 40.81  |  FB-IoU: 86.11 |  0: 88.53    |  1: 87.24    |  2: 91.34    |  3: 90.86    |  4: 43.35    |  5: 83.62    |  6: 26.14    |  7: 57.73    |  8: 49.25    |  9: 92.84    |  10: 89.52    |  11: 44.88    |  12: 67.07    |  13: 83.96    |  14: 94.84    |  15: 85.21    |  16: 95.81    |  17: 73.95    |  18: 76.73    |  19: 82.41   
[Batch: 1203/2400] mIoU: 40.81  |  FB-IoU: 86.12 |  0: 88.53    |  1: 87.24    |  2: 91.34    |  3: 90.86    |  4: 43.35    |  5: 83.62    |  6: 26.14    |  7: 57.73    |  8: 49.25    |  9: 92.84    |  10: 89.52    |  11: 44.88    |  12: 67.07    |  13: 83.96    |  14: 94.84    |  15: 85.21    |  16: 95.81    |  17: 73.95    |  18: 76.73    |  19: 82.41   
[Batch: 1204/2400] mIoU: 40.81  |  FB-IoU: 86.13 |  0: 88.53    |  1: 87.24    |  2: 91.34    |  3: 90.86    |  4: 43.35    |  5: 83.62    |  6: 26.14    |  7: 57.73    |  8: 49.25    |  9: 92.84    |  10: 89.52    |  11: 44.88    |  12: 67.07    |  13: 83.96    |  14: 94.84    |  15: 85.21    |  16: 95.81    |  17: 73.95    |  18: 76.73    |  19: 82.41   
[Batch: 1205/2400] mIoU: 40.81  |  FB-IoU: 86.14 |  0: 88.53    |  1: 87.24    |  2: 91.34    |  3: 90.86    |  4: 43.35    |  5: 83.62    |  6: 26.14    |  7: 57.73    |  8: 49.25    |  9: 92.84    |  10: 89.52    |  11: 44.88    |  12: 67.07    |  13: 83.96    |  14: 94.84    |  15: 85.21    |  16: 95.81    |  17: 73.95    |  18: 76.73    |  19: 82.41   
[Batch: 1206/2400] mIoU: 40.69  |  FB-IoU: 86.00 |  0: 88.53    |  1: 87.24    |  2: 91.34    |  3: 90.86    |  4: 43.35    |  5: 83.62    |  6: 26.14    |  7: 57.73    |  8: 49.25    |  9: 92.84    |  10: 89.52    |  11: 44.88    |  12: 67.07    |  13: 83.96    |  14: 94.84    |  15: 85.21    |  16: 95.81    |  17: 73.95    |  18: 76.73    |  19: 82.41   
[Batch: 1207/2400] mIoU: 40.69  |  FB-IoU: 86.00 |  0: 88.53    |  1: 87.24    |  2: 91.34    |  3: 90.86    |  4: 43.35    |  5: 83.62    |  6: 26.14    |  7: 57.73    |  8: 49.25    |  9: 92.84    |  10: 89.52    |  11: 44.88    |  12: 67.07    |  13: 83.96    |  14: 94.84    |  15: 85.21    |  16: 95.81    |  17: 73.95    |  18: 76.73    |  19: 82.41   
[Batch: 1208/2400] mIoU: 40.71  |  FB-IoU: 86.02 |  0: 88.53    |  1: 87.24    |  2: 91.34    |  3: 90.86    |  4: 43.35    |  5: 83.62    |  6: 26.14    |  7: 57.73    |  8: 49.25    |  9: 92.84    |  10: 89.52    |  11: 44.88    |  12: 67.07    |  13: 83.96    |  14: 94.84    |  15: 85.21    |  16: 95.81    |  17: 73.95    |  18: 76.73    |  19: 82.41   
[Batch: 1209/2400] mIoU: 40.69  |  FB-IoU: 85.98 |  0: 88.53    |  1: 87.24    |  2: 91.34    |  3: 90.86    |  4: 43.35    |  5: 83.62    |  6: 26.14    |  7: 57.73    |  8: 49.25    |  9: 92.84    |  10: 89.52    |  11: 44.88    |  12: 67.07    |  13: 83.96    |  14: 94.84    |  15: 85.21    |  16: 95.81    |  17: 73.95    |  18: 76.73    |  19: 82.41   
[Batch: 1210/2400] mIoU: 40.71  |  FB-IoU: 86.00 |  0: 88.53    |  1: 87.24    |  2: 91.34    |  3: 90.86    |  4: 43.35    |  5: 83.62    |  6: 26.14    |  7: 57.73    |  8: 49.25    |  9: 92.84    |  10: 89.52    |  11: 44.88    |  12: 67.07    |  13: 83.96    |  14: 94.84    |  15: 85.21    |  16: 95.81    |  17: 73.95    |  18: 76.73    |  19: 82.41   
[Batch: 1211/2400] mIoU: 41.08  |  FB-IoU: 86.00 |  0: 88.53    |  1: 87.24    |  2: 91.34    |  3: 90.86    |  4: 43.35    |  5: 83.62    |  6: 26.14    |  7: 57.73    |  8: 49.25    |  9: 92.84    |  10: 89.52    |  11: 44.88    |  12: 67.07    |  13: 83.96    |  14: 94.84    |  15: 85.21    |  16: 95.81    |  17: 73.95    |  18: 76.73    |  19: 82.41   
[Batch: 1212/2400] mIoU: 41.08  |  FB-IoU: 86.01 |  0: 88.53    |  1: 87.24    |  2: 91.34    |  3: 90.86    |  4: 43.35    |  5: 83.62    |  6: 26.14    |  7: 57.73    |  8: 49.25    |  9: 92.84    |  10: 89.52    |  11: 44.88    |  12: 67.07    |  13: 83.96    |  14: 94.84    |  15: 85.21    |  16: 95.81    |  17: 73.95    |  18: 76.73    |  19: 82.41   
[Batch: 1213/2400] mIoU: 41.08  |  FB-IoU: 86.01 |  0: 88.53    |  1: 87.24    |  2: 91.34    |  3: 90.86    |  4: 43.35    |  5: 83.62    |  6: 26.14    |  7: 57.73    |  8: 49.25    |  9: 92.84    |  10: 89.52    |  11: 44.88    |  12: 67.07    |  13: 83.96    |  14: 94.84    |  15: 85.21    |  16: 95.81    |  17: 73.95    |  18: 76.73    |  19: 82.41   
[Batch: 1214/2400] mIoU: 41.09  |  FB-IoU: 86.02 |  0: 88.53    |  1: 87.24    |  2: 91.34    |  3: 90.86    |  4: 43.35    |  5: 83.62    |  6: 26.14    |  7: 57.73    |  8: 49.25    |  9: 92.84    |  10: 89.52    |  11: 44.88    |  12: 67.07    |  13: 83.96    |  14: 94.84    |  15: 85.21    |  16: 95.81    |  17: 73.95    |  18: 76.73    |  19: 82.41   
[Batch: 1215/2400] mIoU: 40.87  |  FB-IoU: 85.91 |  0: 88.53    |  1: 87.24    |  2: 91.34    |  3: 90.86    |  4: 43.35    |  5: 83.62    |  6: 26.14    |  7: 57.73    |  8: 49.25    |  9: 92.84    |  10: 89.52    |  11: 44.88    |  12: 67.07    |  13: 83.96    |  14: 94.84    |  15: 85.21    |  16: 95.81    |  17: 73.95    |  18: 76.73    |  19: 82.41   
[Batch: 1216/2400] mIoU: 40.89  |  FB-IoU: 85.91 |  0: 88.53    |  1: 87.24    |  2: 91.34    |  3: 90.86    |  4: 43.35    |  5: 83.62    |  6: 26.14    |  7: 57.73    |  8: 49.25    |  9: 92.84    |  10: 89.52    |  11: 44.88    |  12: 67.07    |  13: 83.96    |  14: 94.84    |  15: 85.21    |  16: 95.81    |  17: 73.95    |  18: 76.73    |  19: 82.41   
[Batch: 1217/2400] mIoU: 40.91  |  FB-IoU: 85.92 |  0: 88.53    |  1: 87.24    |  2: 91.34    |  3: 90.86    |  4: 43.35    |  5: 83.62    |  6: 26.14    |  7: 57.73    |  8: 49.25    |  9: 92.84    |  10: 89.52    |  11: 44.88    |  12: 67.07    |  13: 83.96    |  14: 94.84    |  15: 85.21    |  16: 95.81    |  17: 73.95    |  18: 76.73    |  19: 82.41   
[Batch: 1218/2400] mIoU: 40.94  |  FB-IoU: 85.93 |  0: 88.53    |  1: 87.24    |  2: 91.34    |  3: 90.86    |  4: 43.35    |  5: 83.62    |  6: 26.14    |  7: 57.73    |  8: 49.25    |  9: 92.84    |  10: 89.52    |  11: 44.88    |  12: 67.07    |  13: 83.96    |  14: 94.84    |  15: 85.21    |  16: 95.81    |  17: 73.95    |  18: 76.73    |  19: 82.41   
[Batch: 1219/2400] mIoU: 40.95  |  FB-IoU: 85.93 |  0: 88.53    |  1: 87.24    |  2: 91.34    |  3: 90.86    |  4: 43.35    |  5: 83.62    |  6: 26.14    |  7: 57.73    |  8: 49.25    |  9: 92.84    |  10: 89.52    |  11: 44.88    |  12: 67.07    |  13: 83.96    |  14: 94.84    |  15: 85.21    |  16: 95.81    |  17: 73.95    |  18: 76.73    |  19: 82.41   
[Batch: 1220/2400] mIoU: 40.96  |  FB-IoU: 85.94 |  0: 88.53    |  1: 87.24    |  2: 91.34    |  3: 90.86    |  4: 43.35    |  5: 83.62    |  6: 26.14    |  7: 57.73    |  8: 49.25    |  9: 92.84    |  10: 89.52    |  11: 44.88    |  12: 67.07    |  13: 83.96    |  14: 94.84    |  15: 85.21    |  16: 95.81    |  17: 73.95    |  18: 76.73    |  19: 82.41   
[Batch: 1221/2400] mIoU: 41.36  |  FB-IoU: 85.95 |  0: 88.53    |  1: 87.24    |  2: 91.34    |  3: 90.86    |  4: 43.35    |  5: 83.62    |  6: 26.14    |  7: 57.73    |  8: 49.25    |  9: 92.84    |  10: 89.52    |  11: 44.88    |  12: 67.07    |  13: 83.96    |  14: 94.84    |  15: 85.21    |  16: 95.81    |  17: 73.95    |  18: 76.73    |  19: 82.41   
[Batch: 1222/2400] mIoU: 41.35  |  FB-IoU: 85.95 |  0: 88.53    |  1: 87.24    |  2: 91.34    |  3: 90.86    |  4: 43.35    |  5: 83.62    |  6: 26.14    |  7: 57.73    |  8: 49.25    |  9: 92.84    |  10: 89.52    |  11: 44.88    |  12: 67.07    |  13: 83.96    |  14: 94.84    |  15: 85.21    |  16: 95.81    |  17: 73.95    |  18: 76.73    |  19: 82.41   
[Batch: 1223/2400] mIoU: 41.36  |  FB-IoU: 85.97 |  0: 88.53    |  1: 87.24    |  2: 91.34    |  3: 90.86    |  4: 43.35    |  5: 83.62    |  6: 26.14    |  7: 57.73    |  8: 49.25    |  9: 92.84    |  10: 89.52    |  11: 44.88    |  12: 67.07    |  13: 83.96    |  14: 94.84    |  15: 85.21    |  16: 95.81    |  17: 73.95    |  18: 76.73    |  19: 82.41   
[Batch: 1224/2400] mIoU: 41.36  |  FB-IoU: 85.98 |  0: 88.53    |  1: 87.24    |  2: 91.34    |  3: 90.86    |  4: 43.35    |  5: 83.62    |  6: 26.14    |  7: 57.73    |  8: 49.25    |  9: 92.84    |  10: 89.52    |  11: 44.88    |  12: 67.07    |  13: 83.96    |  14: 94.84    |  15: 85.21    |  16: 95.81    |  17: 73.95    |  18: 76.73    |  19: 82.41   
[Batch: 1225/2400] mIoU: 41.36  |  FB-IoU: 85.99 |  0: 88.53    |  1: 87.24    |  2: 91.34    |  3: 90.86    |  4: 43.35    |  5: 83.62    |  6: 26.14    |  7: 57.73    |  8: 49.25    |  9: 92.84    |  10: 89.52    |  11: 44.88    |  12: 67.07    |  13: 83.96    |  14: 94.84    |  15: 85.21    |  16: 95.81    |  17: 73.95    |  18: 76.73    |  19: 82.41   
[Batch: 1226/2400] mIoU: 41.36  |  FB-IoU: 86.00 |  0: 88.53    |  1: 87.24    |  2: 91.34    |  3: 90.86    |  4: 43.35    |  5: 83.62    |  6: 26.14    |  7: 57.73    |  8: 49.25    |  9: 92.84    |  10: 89.52    |  11: 44.88    |  12: 67.07    |  13: 83.96    |  14: 94.84    |  15: 85.21    |  16: 95.81    |  17: 73.95    |  18: 76.73    |  19: 82.41   
[Batch: 1227/2400] mIoU: 41.36  |  FB-IoU: 86.00 |  0: 88.53    |  1: 87.24    |  2: 91.34    |  3: 90.86    |  4: 43.35    |  5: 83.62    |  6: 26.14    |  7: 57.73    |  8: 49.25    |  9: 92.84    |  10: 89.52    |  11: 44.88    |  12: 67.07    |  13: 83.96    |  14: 94.84    |  15: 85.21    |  16: 95.81    |  17: 73.95    |  18: 76.73    |  19: 82.41   
[Batch: 1228/2400] mIoU: 41.36  |  FB-IoU: 86.01 |  0: 88.53    |  1: 87.24    |  2: 91.34    |  3: 90.86    |  4: 43.35    |  5: 83.62    |  6: 26.14    |  7: 57.73    |  8: 49.25    |  9: 92.84    |  10: 89.52    |  11: 44.88    |  12: 67.07    |  13: 83.96    |  14: 94.84    |  15: 85.21    |  16: 95.81    |  17: 73.95    |  18: 76.73    |  19: 82.41   
[Batch: 1229/2400] mIoU: 41.36  |  FB-IoU: 86.02 |  0: 88.53    |  1: 87.24    |  2: 91.34    |  3: 90.86    |  4: 43.35    |  5: 83.62    |  6: 26.14    |  7: 57.73    |  8: 49.25    |  9: 92.84    |  10: 89.52    |  11: 44.88    |  12: 67.07    |  13: 83.96    |  14: 94.84    |  15: 85.21    |  16: 95.81    |  17: 73.95    |  18: 76.73    |  19: 82.41   
[Batch: 1230/2400] mIoU: 41.35  |  FB-IoU: 86.02 |  0: 88.53    |  1: 87.24    |  2: 91.34    |  3: 90.86    |  4: 43.35    |  5: 83.62    |  6: 26.14    |  7: 57.73    |  8: 49.25    |  9: 92.84    |  10: 89.52    |  11: 44.88    |  12: 67.07    |  13: 83.96    |  14: 94.84    |  15: 85.21    |  16: 95.81    |  17: 73.95    |  18: 76.73    |  19: 82.41   
[Batch: 1231/2400] mIoU: 41.75  |  FB-IoU: 86.03 |  0: 88.53    |  1: 87.24    |  2: 91.34    |  3: 90.86    |  4: 43.35    |  5: 83.62    |  6: 26.14    |  7: 57.73    |  8: 49.25    |  9: 92.84    |  10: 89.52    |  11: 44.88    |  12: 67.07    |  13: 83.96    |  14: 94.84    |  15: 85.21    |  16: 95.81    |  17: 73.95    |  18: 76.73    |  19: 82.41   
[Batch: 1232/2400] mIoU: 41.76  |  FB-IoU: 86.04 |  0: 88.53    |  1: 87.24    |  2: 91.34    |  3: 90.86    |  4: 43.35    |  5: 83.62    |  6: 26.14    |  7: 57.73    |  8: 49.25    |  9: 92.84    |  10: 89.52    |  11: 44.88    |  12: 67.07    |  13: 83.96    |  14: 94.84    |  15: 85.21    |  16: 95.81    |  17: 73.95    |  18: 76.73    |  19: 82.41   
[Batch: 1233/2400] mIoU: 41.76  |  FB-IoU: 86.05 |  0: 88.53    |  1: 87.24    |  2: 91.34    |  3: 90.86    |  4: 43.35    |  5: 83.62    |  6: 26.14    |  7: 57.73    |  8: 49.25    |  9: 92.84    |  10: 89.52    |  11: 44.88    |  12: 67.07    |  13: 83.96    |  14: 94.84    |  15: 85.21    |  16: 95.81    |  17: 73.95    |  18: 76.73    |  19: 82.41   
[Batch: 1234/2400] mIoU: 41.74  |  FB-IoU: 86.05 |  0: 88.53    |  1: 87.24    |  2: 91.34    |  3: 90.86    |  4: 43.35    |  5: 83.62    |  6: 26.14    |  7: 57.73    |  8: 49.25    |  9: 92.84    |  10: 89.52    |  11: 44.88    |  12: 67.07    |  13: 83.96    |  14: 94.84    |  15: 85.21    |  16: 95.81    |  17: 73.95    |  18: 76.73    |  19: 82.41   
[Batch: 1235/2400] mIoU: 41.74  |  FB-IoU: 86.05 |  0: 88.53    |  1: 87.24    |  2: 91.34    |  3: 90.86    |  4: 43.35    |  5: 83.62    |  6: 26.14    |  7: 57.73    |  8: 49.25    |  9: 92.84    |  10: 89.52    |  11: 44.88    |  12: 67.07    |  13: 83.96    |  14: 94.84    |  15: 85.21    |  16: 95.81    |  17: 73.95    |  18: 76.73    |  19: 82.41   
[Batch: 1236/2400] mIoU: 41.74  |  FB-IoU: 86.06 |  0: 88.53    |  1: 87.24    |  2: 91.34    |  3: 90.86    |  4: 43.35    |  5: 83.62    |  6: 26.14    |  7: 57.73    |  8: 49.25    |  9: 92.84    |  10: 89.52    |  11: 44.88    |  12: 67.07    |  13: 83.96    |  14: 94.84    |  15: 85.21    |  16: 95.81    |  17: 73.95    |  18: 76.73    |  19: 82.41   
[Batch: 1237/2400] mIoU: 41.67  |  FB-IoU: 86.03 |  0: 88.53    |  1: 87.24    |  2: 91.34    |  3: 90.86    |  4: 43.35    |  5: 83.62    |  6: 26.14    |  7: 57.73    |  8: 49.25    |  9: 92.84    |  10: 89.52    |  11: 44.88    |  12: 67.07    |  13: 83.96    |  14: 94.84    |  15: 85.21    |  16: 95.81    |  17: 73.95    |  18: 76.73    |  19: 82.41   
[Batch: 1238/2400] mIoU: 41.68  |  FB-IoU: 86.03 |  0: 88.53    |  1: 87.24    |  2: 91.34    |  3: 90.86    |  4: 43.35    |  5: 83.62    |  6: 26.14    |  7: 57.73    |  8: 49.25    |  9: 92.84    |  10: 89.52    |  11: 44.88    |  12: 67.07    |  13: 83.96    |  14: 94.84    |  15: 85.21    |  16: 95.81    |  17: 73.95    |  18: 76.73    |  19: 82.41   
[Batch: 1239/2400] mIoU: 41.67  |  FB-IoU: 86.02 |  0: 88.53    |  1: 87.24    |  2: 91.34    |  3: 90.86    |  4: 43.35    |  5: 83.62    |  6: 26.14    |  7: 57.73    |  8: 49.25    |  9: 92.84    |  10: 89.52    |  11: 44.88    |  12: 67.07    |  13: 83.96    |  14: 94.84    |  15: 85.21    |  16: 95.81    |  17: 73.95    |  18: 76.73    |  19: 82.41   
[Batch: 1240/2400] mIoU: 41.68  |  FB-IoU: 86.03 |  0: 88.53    |  1: 87.24    |  2: 91.34    |  3: 90.86    |  4: 43.35    |  5: 83.62    |  6: 26.14    |  7: 57.73    |  8: 49.25    |  9: 92.84    |  10: 89.52    |  11: 44.88    |  12: 67.07    |  13: 83.96    |  14: 94.84    |  15: 85.21    |  16: 95.81    |  17: 73.95    |  18: 76.73    |  19: 82.41   
[Batch: 1241/2400] mIoU: 42.04  |  FB-IoU: 86.03 |  0: 88.53    |  1: 87.24    |  2: 91.34    |  3: 90.86    |  4: 43.35    |  5: 83.62    |  6: 26.14    |  7: 57.73    |  8: 49.25    |  9: 92.84    |  10: 89.52    |  11: 44.88    |  12: 67.07    |  13: 83.96    |  14: 94.84    |  15: 85.21    |  16: 95.81    |  17: 73.95    |  18: 76.73    |  19: 82.41   
[Batch: 1242/2400] mIoU: 42.05  |  FB-IoU: 86.04 |  0: 88.53    |  1: 87.24    |  2: 91.34    |  3: 90.86    |  4: 43.35    |  5: 83.62    |  6: 26.14    |  7: 57.73    |  8: 49.25    |  9: 92.84    |  10: 89.52    |  11: 44.88    |  12: 67.07    |  13: 83.96    |  14: 94.84    |  15: 85.21    |  16: 95.81    |  17: 73.95    |  18: 76.73    |  19: 82.41   
[Batch: 1243/2400] mIoU: 42.05  |  FB-IoU: 86.04 |  0: 88.53    |  1: 87.24    |  2: 91.34    |  3: 90.86    |  4: 43.35    |  5: 83.62    |  6: 26.14    |  7: 57.73    |  8: 49.25    |  9: 92.84    |  10: 89.52    |  11: 44.88    |  12: 67.07    |  13: 83.96    |  14: 94.84    |  15: 85.21    |  16: 95.81    |  17: 73.95    |  18: 76.73    |  19: 82.41   
[Batch: 1244/2400] mIoU: 42.05  |  FB-IoU: 86.05 |  0: 88.53    |  1: 87.24    |  2: 91.34    |  3: 90.86    |  4: 43.35    |  5: 83.62    |  6: 26.14    |  7: 57.73    |  8: 49.25    |  9: 92.84    |  10: 89.52    |  11: 44.88    |  12: 67.07    |  13: 83.96    |  14: 94.84    |  15: 85.21    |  16: 95.81    |  17: 73.95    |  18: 76.73    |  19: 82.41   
[Batch: 1245/2400] mIoU: 42.05  |  FB-IoU: 86.05 |  0: 88.53    |  1: 87.24    |  2: 91.34    |  3: 90.86    |  4: 43.35    |  5: 83.62    |  6: 26.14    |  7: 57.73    |  8: 49.25    |  9: 92.84    |  10: 89.52    |  11: 44.88    |  12: 67.07    |  13: 83.96    |  14: 94.84    |  15: 85.21    |  16: 95.81    |  17: 73.95    |  18: 76.73    |  19: 82.41   
[Batch: 1246/2400] mIoU: 42.05  |  FB-IoU: 86.06 |  0: 88.53    |  1: 87.24    |  2: 91.34    |  3: 90.86    |  4: 43.35    |  5: 83.62    |  6: 26.14    |  7: 57.73    |  8: 49.25    |  9: 92.84    |  10: 89.52    |  11: 44.88    |  12: 67.07    |  13: 83.96    |  14: 94.84    |  15: 85.21    |  16: 95.81    |  17: 73.95    |  18: 76.73    |  19: 82.41   
[Batch: 1247/2400] mIoU: 42.05  |  FB-IoU: 86.07 |  0: 88.53    |  1: 87.24    |  2: 91.34    |  3: 90.86    |  4: 43.35    |  5: 83.62    |  6: 26.14    |  7: 57.73    |  8: 49.25    |  9: 92.84    |  10: 89.52    |  11: 44.88    |  12: 67.07    |  13: 83.96    |  14: 94.84    |  15: 85.21    |  16: 95.81    |  17: 73.95    |  18: 76.73    |  19: 82.41   
[Batch: 1248/2400] mIoU: 42.06  |  FB-IoU: 86.07 |  0: 88.53    |  1: 87.24    |  2: 91.34    |  3: 90.86    |  4: 43.35    |  5: 83.62    |  6: 26.14    |  7: 57.73    |  8: 49.25    |  9: 92.84    |  10: 89.52    |  11: 44.88    |  12: 67.07    |  13: 83.96    |  14: 94.84    |  15: 85.21    |  16: 95.81    |  17: 73.95    |  18: 76.73    |  19: 82.41   
[Batch: 1249/2400] mIoU: 42.06  |  FB-IoU: 86.08 |  0: 88.53    |  1: 87.24    |  2: 91.34    |  3: 90.86    |  4: 43.35    |  5: 83.62    |  6: 26.14    |  7: 57.73    |  8: 49.25    |  9: 92.84    |  10: 89.52    |  11: 44.88    |  12: 67.07    |  13: 83.96    |  14: 94.84    |  15: 85.21    |  16: 95.81    |  17: 73.95    |  18: 76.73    |  19: 82.41   
[Batch: 1250/2400] mIoU: 42.06  |  FB-IoU: 86.08 |  0: 88.53    |  1: 87.24    |  2: 91.34    |  3: 90.86    |  4: 43.35    |  5: 83.62    |  6: 26.14    |  7: 57.73    |  8: 49.25    |  9: 92.84    |  10: 89.52    |  11: 44.88    |  12: 67.07    |  13: 83.96    |  14: 94.84    |  15: 85.21    |  16: 95.81    |  17: 73.95    |  18: 76.73    |  19: 82.41   
[Batch: 1251/2400] mIoU: 42.42  |  FB-IoU: 86.09 |  0: 88.53    |  1: 87.24    |  2: 91.34    |  3: 90.86    |  4: 43.35    |  5: 83.62    |  6: 26.14    |  7: 57.73    |  8: 49.25    |  9: 92.84    |  10: 89.52    |  11: 44.88    |  12: 67.07    |  13: 83.96    |  14: 94.84    |  15: 85.21    |  16: 95.81    |  17: 73.95    |  18: 76.73    |  19: 82.41   
[Batch: 1252/2400] mIoU: 42.44  |  FB-IoU: 86.09 |  0: 88.53    |  1: 87.24    |  2: 91.34    |  3: 90.86    |  4: 43.35    |  5: 83.62    |  6: 26.14    |  7: 57.73    |  8: 49.25    |  9: 92.84    |  10: 89.52    |  11: 44.88    |  12: 67.07    |  13: 83.96    |  14: 94.84    |  15: 85.21    |  16: 95.81    |  17: 73.95    |  18: 76.73    |  19: 82.41   
[Batch: 1253/2400] mIoU: 42.44  |  FB-IoU: 86.10 |  0: 88.53    |  1: 87.24    |  2: 91.34    |  3: 90.86    |  4: 43.35    |  5: 83.62    |  6: 26.14    |  7: 57.73    |  8: 49.25    |  9: 92.84    |  10: 89.52    |  11: 44.88    |  12: 67.07    |  13: 83.96    |  14: 94.84    |  15: 85.21    |  16: 95.81    |  17: 73.95    |  18: 76.73    |  19: 82.41   
[Batch: 1254/2400] mIoU: 42.44  |  FB-IoU: 86.10 |  0: 88.53    |  1: 87.24    |  2: 91.34    |  3: 90.86    |  4: 43.35    |  5: 83.62    |  6: 26.14    |  7: 57.73    |  8: 49.25    |  9: 92.84    |  10: 89.52    |  11: 44.88    |  12: 67.07    |  13: 83.96    |  14: 94.84    |  15: 85.21    |  16: 95.81    |  17: 73.95    |  18: 76.73    |  19: 82.41   
[Batch: 1255/2400] mIoU: 42.41  |  FB-IoU: 86.10 |  0: 88.53    |  1: 87.24    |  2: 91.34    |  3: 90.86    |  4: 43.35    |  5: 83.62    |  6: 26.14    |  7: 57.73    |  8: 49.25    |  9: 92.84    |  10: 89.52    |  11: 44.88    |  12: 67.07    |  13: 83.96    |  14: 94.84    |  15: 85.21    |  16: 95.81    |  17: 73.95    |  18: 76.73    |  19: 82.41   
[Batch: 1256/2400] mIoU: 42.41  |  FB-IoU: 86.10 |  0: 88.53    |  1: 87.24    |  2: 91.34    |  3: 90.86    |  4: 43.35    |  5: 83.62    |  6: 26.14    |  7: 57.73    |  8: 49.25    |  9: 92.84    |  10: 89.52    |  11: 44.88    |  12: 67.07    |  13: 83.96    |  14: 94.84    |  15: 85.21    |  16: 95.81    |  17: 73.95    |  18: 76.73    |  19: 82.41   
[Batch: 1257/2400] mIoU: 42.20  |  FB-IoU: 85.98 |  0: 88.53    |  1: 87.24    |  2: 91.34    |  3: 90.86    |  4: 43.35    |  5: 83.62    |  6: 26.14    |  7: 57.73    |  8: 49.25    |  9: 92.84    |  10: 89.52    |  11: 44.88    |  12: 67.07    |  13: 83.96    |  14: 94.84    |  15: 85.21    |  16: 95.81    |  17: 73.95    |  18: 76.73    |  19: 82.41   
[Batch: 1258/2400] mIoU: 42.21  |  FB-IoU: 85.98 |  0: 88.53    |  1: 87.24    |  2: 91.34    |  3: 90.86    |  4: 43.35    |  5: 83.62    |  6: 26.14    |  7: 57.73    |  8: 49.25    |  9: 92.84    |  10: 89.52    |  11: 44.88    |  12: 67.07    |  13: 83.96    |  14: 94.84    |  15: 85.21    |  16: 95.81    |  17: 73.95    |  18: 76.73    |  19: 82.41   
[Batch: 1259/2400] mIoU: 42.22  |  FB-IoU: 85.98 |  0: 88.53    |  1: 87.24    |  2: 91.34    |  3: 90.86    |  4: 43.35    |  5: 83.62    |  6: 26.14    |  7: 57.73    |  8: 49.25    |  9: 92.84    |  10: 89.52    |  11: 44.88    |  12: 67.07    |  13: 83.96    |  14: 94.84    |  15: 85.21    |  16: 95.81    |  17: 73.95    |  18: 76.73    |  19: 82.41   
[Batch: 1260/2400] mIoU: 42.23  |  FB-IoU: 85.98 |  0: 88.53    |  1: 87.24    |  2: 91.34    |  3: 90.86    |  4: 43.35    |  5: 83.62    |  6: 26.14    |  7: 57.73    |  8: 49.25    |  9: 92.84    |  10: 89.52    |  11: 44.88    |  12: 67.07    |  13: 83.96    |  14: 94.84    |  15: 85.21    |  16: 95.81    |  17: 73.95    |  18: 76.73    |  19: 82.41   
[Batch: 1261/2400] mIoU: 42.58  |  FB-IoU: 85.98 |  0: 88.53    |  1: 87.24    |  2: 91.34    |  3: 90.86    |  4: 43.35    |  5: 83.62    |  6: 26.14    |  7: 57.73    |  8: 49.25    |  9: 92.84    |  10: 89.52    |  11: 44.88    |  12: 67.07    |  13: 83.96    |  14: 94.84    |  15: 85.21    |  16: 95.81    |  17: 73.95    |  18: 76.73    |  19: 82.41   
[Batch: 1262/2400] mIoU: 42.60  |  FB-IoU: 85.99 |  0: 88.53    |  1: 87.24    |  2: 91.34    |  3: 90.86    |  4: 43.35    |  5: 83.62    |  6: 26.14    |  7: 57.73    |  8: 49.25    |  9: 92.84    |  10: 89.52    |  11: 44.88    |  12: 67.07    |  13: 83.96    |  14: 94.84    |  15: 85.21    |  16: 95.81    |  17: 73.95    |  18: 76.73    |  19: 82.41   
[Batch: 1263/2400] mIoU: 42.32  |  FB-IoU: 85.84 |  0: 88.53    |  1: 87.24    |  2: 91.34    |  3: 90.86    |  4: 43.35    |  5: 83.62    |  6: 26.14    |  7: 57.73    |  8: 49.25    |  9: 92.84    |  10: 89.52    |  11: 44.88    |  12: 67.07    |  13: 83.96    |  14: 94.84    |  15: 85.21    |  16: 95.81    |  17: 73.95    |  18: 76.73    |  19: 82.41   
[Batch: 1264/2400] mIoU: 42.37  |  FB-IoU: 85.84 |  0: 88.53    |  1: 87.24    |  2: 91.34    |  3: 90.86    |  4: 43.35    |  5: 83.62    |  6: 26.14    |  7: 57.73    |  8: 49.25    |  9: 92.84    |  10: 89.52    |  11: 44.88    |  12: 67.07    |  13: 83.96    |  14: 94.84    |  15: 85.21    |  16: 95.81    |  17: 73.95    |  18: 76.73    |  19: 82.41   
[Batch: 1265/2400] mIoU: 42.39  |  FB-IoU: 85.85 |  0: 88.53    |  1: 87.24    |  2: 91.34    |  3: 90.86    |  4: 43.35    |  5: 83.62    |  6: 26.14    |  7: 57.73    |  8: 49.25    |  9: 92.84    |  10: 89.52    |  11: 44.88    |  12: 67.07    |  13: 83.96    |  14: 94.84    |  15: 85.21    |  16: 95.81    |  17: 73.95    |  18: 76.73    |  19: 82.41   
[Batch: 1266/2400] mIoU: 42.43  |  FB-IoU: 85.86 |  0: 88.53    |  1: 87.24    |  2: 91.34    |  3: 90.86    |  4: 43.35    |  5: 83.62    |  6: 26.14    |  7: 57.73    |  8: 49.25    |  9: 92.84    |  10: 89.52    |  11: 44.88    |  12: 67.07    |  13: 83.96    |  14: 94.84    |  15: 85.21    |  16: 95.81    |  17: 73.95    |  18: 76.73    |  19: 82.41   
[Batch: 1267/2400] mIoU: 42.44  |  FB-IoU: 85.86 |  0: 88.53    |  1: 87.24    |  2: 91.34    |  3: 90.86    |  4: 43.35    |  5: 83.62    |  6: 26.14    |  7: 57.73    |  8: 49.25    |  9: 92.84    |  10: 89.52    |  11: 44.88    |  12: 67.07    |  13: 83.96    |  14: 94.84    |  15: 85.21    |  16: 95.81    |  17: 73.95    |  18: 76.73    |  19: 82.41   
[Batch: 1268/2400] mIoU: 42.45  |  FB-IoU: 85.87 |  0: 88.53    |  1: 87.24    |  2: 91.34    |  3: 90.86    |  4: 43.35    |  5: 83.62    |  6: 26.14    |  7: 57.73    |  8: 49.25    |  9: 92.84    |  10: 89.52    |  11: 44.88    |  12: 67.07    |  13: 83.96    |  14: 94.84    |  15: 85.21    |  16: 95.81    |  17: 73.95    |  18: 76.73    |  19: 82.41   
[Batch: 1269/2400] mIoU: 42.46  |  FB-IoU: 85.87 |  0: 88.53    |  1: 87.24    |  2: 91.34    |  3: 90.86    |  4: 43.35    |  5: 83.62    |  6: 26.14    |  7: 57.73    |  8: 49.25    |  9: 92.84    |  10: 89.52    |  11: 44.88    |  12: 67.07    |  13: 83.96    |  14: 94.84    |  15: 85.21    |  16: 95.81    |  17: 73.95    |  18: 76.73    |  19: 82.41   
[Batch: 1270/2400] mIoU: 42.47  |  FB-IoU: 85.87 |  0: 88.53    |  1: 87.24    |  2: 91.34    |  3: 90.86    |  4: 43.35    |  5: 83.62    |  6: 26.14    |  7: 57.73    |  8: 49.25    |  9: 92.84    |  10: 89.52    |  11: 44.88    |  12: 67.07    |  13: 83.96    |  14: 94.84    |  15: 85.21    |  16: 95.81    |  17: 73.95    |  18: 76.73    |  19: 82.41   
[Batch: 1271/2400] mIoU: 42.86  |  FB-IoU: 85.88 |  0: 88.53    |  1: 87.24    |  2: 91.34    |  3: 90.86    |  4: 43.35    |  5: 83.62    |  6: 26.14    |  7: 57.73    |  8: 49.25    |  9: 92.84    |  10: 89.52    |  11: 44.88    |  12: 67.07    |  13: 83.96    |  14: 94.84    |  15: 85.21    |  16: 95.81    |  17: 73.95    |  18: 76.73    |  19: 82.41   
[Batch: 1272/2400] mIoU: 42.87  |  FB-IoU: 85.89 |  0: 88.53    |  1: 87.24    |  2: 91.34    |  3: 90.86    |  4: 43.35    |  5: 83.62    |  6: 26.14    |  7: 57.73    |  8: 49.25    |  9: 92.84    |  10: 89.52    |  11: 44.88    |  12: 67.07    |  13: 83.96    |  14: 94.84    |  15: 85.21    |  16: 95.81    |  17: 73.95    |  18: 76.73    |  19: 82.41   
[Batch: 1273/2400] mIoU: 42.62  |  FB-IoU: 85.74 |  0: 88.53    |  1: 87.24    |  2: 91.34    |  3: 90.86    |  4: 43.35    |  5: 83.62    |  6: 26.14    |  7: 57.73    |  8: 49.25    |  9: 92.84    |  10: 89.52    |  11: 44.88    |  12: 67.07    |  13: 83.96    |  14: 94.84    |  15: 85.21    |  16: 95.81    |  17: 73.95    |  18: 76.73    |  19: 82.41   
[Batch: 1274/2400] mIoU: 42.64  |  FB-IoU: 85.75 |  0: 88.53    |  1: 87.24    |  2: 91.34    |  3: 90.86    |  4: 43.35    |  5: 83.62    |  6: 26.14    |  7: 57.73    |  8: 49.25    |  9: 92.84    |  10: 89.52    |  11: 44.88    |  12: 67.07    |  13: 83.96    |  14: 94.84    |  15: 85.21    |  16: 95.81    |  17: 73.95    |  18: 76.73    |  19: 82.41   
[Batch: 1275/2400] mIoU: 42.67  |  FB-IoU: 85.76 |  0: 88.53    |  1: 87.24    |  2: 91.34    |  3: 90.86    |  4: 43.35    |  5: 83.62    |  6: 26.14    |  7: 57.73    |  8: 49.25    |  9: 92.84    |  10: 89.52    |  11: 44.88    |  12: 67.07    |  13: 83.96    |  14: 94.84    |  15: 85.21    |  16: 95.81    |  17: 73.95    |  18: 76.73    |  19: 82.41   
[Batch: 1276/2400] mIoU: 42.68  |  FB-IoU: 85.76 |  0: 88.53    |  1: 87.24    |  2: 91.34    |  3: 90.86    |  4: 43.35    |  5: 83.62    |  6: 26.14    |  7: 57.73    |  8: 49.25    |  9: 92.84    |  10: 89.52    |  11: 44.88    |  12: 67.07    |  13: 83.96    |  14: 94.84    |  15: 85.21    |  16: 95.81    |  17: 73.95    |  18: 76.73    |  19: 82.41   
[Batch: 1277/2400] mIoU: 42.71  |  FB-IoU: 85.78 |  0: 88.53    |  1: 87.24    |  2: 91.34    |  3: 90.86    |  4: 43.35    |  5: 83.62    |  6: 26.14    |  7: 57.73    |  8: 49.25    |  9: 92.84    |  10: 89.52    |  11: 44.88    |  12: 67.07    |  13: 83.96    |  14: 94.84    |  15: 85.21    |  16: 95.81    |  17: 73.95    |  18: 76.73    |  19: 82.41   
[Batch: 1278/2400] mIoU: 42.73  |  FB-IoU: 85.78 |  0: 88.53    |  1: 87.24    |  2: 91.34    |  3: 90.86    |  4: 43.35    |  5: 83.62    |  6: 26.14    |  7: 57.73    |  8: 49.25    |  9: 92.84    |  10: 89.52    |  11: 44.88    |  12: 67.07    |  13: 83.96    |  14: 94.84    |  15: 85.21    |  16: 95.81    |  17: 73.95    |  18: 76.73    |  19: 82.41   
[Batch: 1279/2400] mIoU: 42.74  |  FB-IoU: 85.79 |  0: 88.53    |  1: 87.24    |  2: 91.34    |  3: 90.86    |  4: 43.35    |  5: 83.62    |  6: 26.14    |  7: 57.73    |  8: 49.25    |  9: 92.84    |  10: 89.52    |  11: 44.88    |  12: 67.07    |  13: 83.96    |  14: 94.84    |  15: 85.21    |  16: 95.81    |  17: 73.95    |  18: 76.73    |  19: 82.41   
[Batch: 1280/2400] mIoU: 42.76  |  FB-IoU: 85.81 |  0: 88.53    |  1: 87.24    |  2: 91.34    |  3: 90.86    |  4: 43.35    |  5: 83.62    |  6: 26.14    |  7: 57.73    |  8: 49.25    |  9: 92.84    |  10: 89.52    |  11: 44.88    |  12: 67.07    |  13: 83.96    |  14: 94.84    |  15: 85.21    |  16: 95.81    |  17: 73.95    |  18: 76.73    |  19: 82.41   
[Batch: 1281/2400] mIoU: 43.15  |  FB-IoU: 85.81 |  0: 88.53    |  1: 87.24    |  2: 91.34    |  3: 90.86    |  4: 43.35    |  5: 83.62    |  6: 26.14    |  7: 57.73    |  8: 49.25    |  9: 92.84    |  10: 89.52    |  11: 44.88    |  12: 67.07    |  13: 83.96    |  14: 94.84    |  15: 85.21    |  16: 95.81    |  17: 73.95    |  18: 76.73    |  19: 82.41   
[Batch: 1282/2400] mIoU: 43.15  |  FB-IoU: 85.82 |  0: 88.53    |  1: 87.24    |  2: 91.34    |  3: 90.86    |  4: 43.35    |  5: 83.62    |  6: 26.14    |  7: 57.73    |  8: 49.25    |  9: 92.84    |  10: 89.52    |  11: 44.88    |  12: 67.07    |  13: 83.96    |  14: 94.84    |  15: 85.21    |  16: 95.81    |  17: 73.95    |  18: 76.73    |  19: 82.41   
[Batch: 1283/2400] mIoU: 43.15  |  FB-IoU: 85.82 |  0: 88.53    |  1: 87.24    |  2: 91.34    |  3: 90.86    |  4: 43.35    |  5: 83.62    |  6: 26.14    |  7: 57.73    |  8: 49.25    |  9: 92.84    |  10: 89.52    |  11: 44.88    |  12: 67.07    |  13: 83.96    |  14: 94.84    |  15: 85.21    |  16: 95.81    |  17: 73.95    |  18: 76.73    |  19: 82.41   
[Batch: 1284/2400] mIoU: 43.15  |  FB-IoU: 85.83 |  0: 88.53    |  1: 87.24    |  2: 91.34    |  3: 90.86    |  4: 43.35    |  5: 83.62    |  6: 26.14    |  7: 57.73    |  8: 49.25    |  9: 92.84    |  10: 89.52    |  11: 44.88    |  12: 67.07    |  13: 83.96    |  14: 94.84    |  15: 85.21    |  16: 95.81    |  17: 73.95    |  18: 76.73    |  19: 82.41   
[Batch: 1285/2400] mIoU: 43.15  |  FB-IoU: 85.83 |  0: 88.53    |  1: 87.24    |  2: 91.34    |  3: 90.86    |  4: 43.35    |  5: 83.62    |  6: 26.14    |  7: 57.73    |  8: 49.25    |  9: 92.84    |  10: 89.52    |  11: 44.88    |  12: 67.07    |  13: 83.96    |  14: 94.84    |  15: 85.21    |  16: 95.81    |  17: 73.95    |  18: 76.73    |  19: 82.41   
[Batch: 1286/2400] mIoU: 43.15  |  FB-IoU: 85.84 |  0: 88.53    |  1: 87.24    |  2: 91.34    |  3: 90.86    |  4: 43.35    |  5: 83.62    |  6: 26.14    |  7: 57.73    |  8: 49.25    |  9: 92.84    |  10: 89.52    |  11: 44.88    |  12: 67.07    |  13: 83.96    |  14: 94.84    |  15: 85.21    |  16: 95.81    |  17: 73.95    |  18: 76.73    |  19: 82.41   
[Batch: 1287/2400] mIoU: 43.13  |  FB-IoU: 85.84 |  0: 88.53    |  1: 87.24    |  2: 91.34    |  3: 90.86    |  4: 43.35    |  5: 83.62    |  6: 26.14    |  7: 57.73    |  8: 49.25    |  9: 92.84    |  10: 89.52    |  11: 44.88    |  12: 67.07    |  13: 83.96    |  14: 94.84    |  15: 85.21    |  16: 95.81    |  17: 73.95    |  18: 76.73    |  19: 82.41   
[Batch: 1288/2400] mIoU: 43.07  |  FB-IoU: 85.80 |  0: 88.53    |  1: 87.24    |  2: 91.34    |  3: 90.86    |  4: 43.35    |  5: 83.62    |  6: 26.14    |  7: 57.73    |  8: 49.25    |  9: 92.84    |  10: 89.52    |  11: 44.88    |  12: 67.07    |  13: 83.96    |  14: 94.84    |  15: 85.21    |  16: 95.81    |  17: 73.95    |  18: 76.73    |  19: 82.41   
[Batch: 1289/2400] mIoU: 43.08  |  FB-IoU: 85.81 |  0: 88.53    |  1: 87.24    |  2: 91.34    |  3: 90.86    |  4: 43.35    |  5: 83.62    |  6: 26.14    |  7: 57.73    |  8: 49.25    |  9: 92.84    |  10: 89.52    |  11: 44.88    |  12: 67.07    |  13: 83.96    |  14: 94.84    |  15: 85.21    |  16: 95.81    |  17: 73.95    |  18: 76.73    |  19: 82.41   
[Batch: 1290/2400] mIoU: 43.08  |  FB-IoU: 85.81 |  0: 88.53    |  1: 87.24    |  2: 91.34    |  3: 90.86    |  4: 43.35    |  5: 83.62    |  6: 26.14    |  7: 57.73    |  8: 49.25    |  9: 92.84    |  10: 89.52    |  11: 44.88    |  12: 67.07    |  13: 83.96    |  14: 94.84    |  15: 85.21    |  16: 95.81    |  17: 73.95    |  18: 76.73    |  19: 82.41   
[Batch: 1291/2400] mIoU: 43.49  |  FB-IoU: 85.83 |  0: 88.53    |  1: 87.24    |  2: 91.34    |  3: 90.86    |  4: 43.35    |  5: 83.62    |  6: 26.14    |  7: 57.73    |  8: 49.25    |  9: 92.84    |  10: 89.52    |  11: 44.88    |  12: 67.07    |  13: 83.96    |  14: 94.84    |  15: 85.21    |  16: 95.81    |  17: 73.95    |  18: 76.73    |  19: 82.41   
[Batch: 1292/2400] mIoU: 43.46  |  FB-IoU: 85.82 |  0: 88.53    |  1: 87.24    |  2: 91.34    |  3: 90.86    |  4: 43.35    |  5: 83.62    |  6: 26.14    |  7: 57.73    |  8: 49.25    |  9: 92.84    |  10: 89.52    |  11: 44.88    |  12: 67.07    |  13: 83.96    |  14: 94.84    |  15: 85.21    |  16: 95.81    |  17: 73.95    |  18: 76.73    |  19: 82.41   
[Batch: 1293/2400] mIoU: 43.46  |  FB-IoU: 85.83 |  0: 88.53    |  1: 87.24    |  2: 91.34    |  3: 90.86    |  4: 43.35    |  5: 83.62    |  6: 26.14    |  7: 57.73    |  8: 49.25    |  9: 92.84    |  10: 89.52    |  11: 44.88    |  12: 67.07    |  13: 83.96    |  14: 94.84    |  15: 85.21    |  16: 95.81    |  17: 73.95    |  18: 76.73    |  19: 82.41   
[Batch: 1294/2400] mIoU: 43.41  |  FB-IoU: 85.81 |  0: 88.53    |  1: 87.24    |  2: 91.34    |  3: 90.86    |  4: 43.35    |  5: 83.62    |  6: 26.14    |  7: 57.73    |  8: 49.25    |  9: 92.84    |  10: 89.52    |  11: 44.88    |  12: 67.07    |  13: 83.96    |  14: 94.84    |  15: 85.21    |  16: 95.81    |  17: 73.95    |  18: 76.73    |  19: 82.41   
[Batch: 1295/2400] mIoU: 43.42  |  FB-IoU: 85.82 |  0: 88.53    |  1: 87.24    |  2: 91.34    |  3: 90.86    |  4: 43.35    |  5: 83.62    |  6: 26.14    |  7: 57.73    |  8: 49.25    |  9: 92.84    |  10: 89.52    |  11: 44.88    |  12: 67.07    |  13: 83.96    |  14: 94.84    |  15: 85.21    |  16: 95.81    |  17: 73.95    |  18: 76.73    |  19: 82.41   
[Batch: 1296/2400] mIoU: 43.43  |  FB-IoU: 85.83 |  0: 88.53    |  1: 87.24    |  2: 91.34    |  3: 90.86    |  4: 43.35    |  5: 83.62    |  6: 26.14    |  7: 57.73    |  8: 49.25    |  9: 92.84    |  10: 89.52    |  11: 44.88    |  12: 67.07    |  13: 83.96    |  14: 94.84    |  15: 85.21    |  16: 95.81    |  17: 73.95    |  18: 76.73    |  19: 82.41   
[Batch: 1297/2400] mIoU: 43.44  |  FB-IoU: 85.84 |  0: 88.53    |  1: 87.24    |  2: 91.34    |  3: 90.86    |  4: 43.35    |  5: 83.62    |  6: 26.14    |  7: 57.73    |  8: 49.25    |  9: 92.84    |  10: 89.52    |  11: 44.88    |  12: 67.07    |  13: 83.96    |  14: 94.84    |  15: 85.21    |  16: 95.81    |  17: 73.95    |  18: 76.73    |  19: 82.41   
[Batch: 1298/2400] mIoU: 43.44  |  FB-IoU: 85.84 |  0: 88.53    |  1: 87.24    |  2: 91.34    |  3: 90.86    |  4: 43.35    |  5: 83.62    |  6: 26.14    |  7: 57.73    |  8: 49.25    |  9: 92.84    |  10: 89.52    |  11: 44.88    |  12: 67.07    |  13: 83.96    |  14: 94.84    |  15: 85.21    |  16: 95.81    |  17: 73.95    |  18: 76.73    |  19: 82.41   
[Batch: 1299/2400] mIoU: 43.44  |  FB-IoU: 85.85 |  0: 88.53    |  1: 87.24    |  2: 91.34    |  3: 90.86    |  4: 43.35    |  5: 83.62    |  6: 26.14    |  7: 57.73    |  8: 49.25    |  9: 92.84    |  10: 89.52    |  11: 44.88    |  12: 67.07    |  13: 83.96    |  14: 94.84    |  15: 85.21    |  16: 95.81    |  17: 73.95    |  18: 76.73    |  19: 82.41   
[Batch: 1300/2400] mIoU: 43.44  |  FB-IoU: 85.85 |  0: 88.53    |  1: 87.24    |  2: 91.34    |  3: 90.86    |  4: 43.35    |  5: 83.62    |  6: 26.14    |  7: 57.73    |  8: 49.25    |  9: 92.84    |  10: 89.52    |  11: 44.88    |  12: 67.07    |  13: 83.96    |  14: 94.84    |  15: 85.21    |  16: 95.81    |  17: 73.95    |  18: 76.73    |  19: 82.41   
[Batch: 1301/2400] mIoU: 43.79  |  FB-IoU: 85.85 |  0: 88.53    |  1: 87.24    |  2: 91.34    |  3: 90.86    |  4: 43.35    |  5: 83.62    |  6: 26.14    |  7: 57.73    |  8: 49.25    |  9: 92.84    |  10: 89.52    |  11: 44.88    |  12: 67.07    |  13: 83.96    |  14: 94.84    |  15: 85.21    |  16: 95.81    |  17: 73.95    |  18: 76.73    |  19: 82.41   
[Batch: 1302/2400] mIoU: 43.80  |  FB-IoU: 85.86 |  0: 88.53    |  1: 87.24    |  2: 91.34    |  3: 90.86    |  4: 43.35    |  5: 83.62    |  6: 26.14    |  7: 57.73    |  8: 49.25    |  9: 92.84    |  10: 89.52    |  11: 44.88    |  12: 67.07    |  13: 83.96    |  14: 94.84    |  15: 85.21    |  16: 95.81    |  17: 73.95    |  18: 76.73    |  19: 82.41   
[Batch: 1303/2400] mIoU: 43.81  |  FB-IoU: 85.87 |  0: 88.53    |  1: 87.24    |  2: 91.34    |  3: 90.86    |  4: 43.35    |  5: 83.62    |  6: 26.14    |  7: 57.73    |  8: 49.25    |  9: 92.84    |  10: 89.52    |  11: 44.88    |  12: 67.07    |  13: 83.96    |  14: 94.84    |  15: 85.21    |  16: 95.81    |  17: 73.95    |  18: 76.73    |  19: 82.41   
[Batch: 1304/2400] mIoU: 43.80  |  FB-IoU: 85.87 |  0: 88.53    |  1: 87.24    |  2: 91.34    |  3: 90.86    |  4: 43.35    |  5: 83.62    |  6: 26.14    |  7: 57.73    |  8: 49.25    |  9: 92.84    |  10: 89.52    |  11: 44.88    |  12: 67.07    |  13: 83.96    |  14: 94.84    |  15: 85.21    |  16: 95.81    |  17: 73.95    |  18: 76.73    |  19: 82.41   
[Batch: 1305/2400] mIoU: 43.81  |  FB-IoU: 85.87 |  0: 88.53    |  1: 87.24    |  2: 91.34    |  3: 90.86    |  4: 43.35    |  5: 83.62    |  6: 26.14    |  7: 57.73    |  8: 49.25    |  9: 92.84    |  10: 89.52    |  11: 44.88    |  12: 67.07    |  13: 83.96    |  14: 94.84    |  15: 85.21    |  16: 95.81    |  17: 73.95    |  18: 76.73    |  19: 82.41   
[Batch: 1306/2400] mIoU: 43.81  |  FB-IoU: 85.88 |  0: 88.53    |  1: 87.24    |  2: 91.34    |  3: 90.86    |  4: 43.35    |  5: 83.62    |  6: 26.14    |  7: 57.73    |  8: 49.25    |  9: 92.84    |  10: 89.52    |  11: 44.88    |  12: 67.07    |  13: 83.96    |  14: 94.84    |  15: 85.21    |  16: 95.81    |  17: 73.95    |  18: 76.73    |  19: 82.41   
[Batch: 1307/2400] mIoU: 43.80  |  FB-IoU: 85.88 |  0: 88.53    |  1: 87.24    |  2: 91.34    |  3: 90.86    |  4: 43.35    |  5: 83.62    |  6: 26.14    |  7: 57.73    |  8: 49.25    |  9: 92.84    |  10: 89.52    |  11: 44.88    |  12: 67.07    |  13: 83.96    |  14: 94.84    |  15: 85.21    |  16: 95.81    |  17: 73.95    |  18: 76.73    |  19: 82.41   
[Batch: 1308/2400] mIoU: 43.80  |  FB-IoU: 85.88 |  0: 88.53    |  1: 87.24    |  2: 91.34    |  3: 90.86    |  4: 43.35    |  5: 83.62    |  6: 26.14    |  7: 57.73    |  8: 49.25    |  9: 92.84    |  10: 89.52    |  11: 44.88    |  12: 67.07    |  13: 83.96    |  14: 94.84    |  15: 85.21    |  16: 95.81    |  17: 73.95    |  18: 76.73    |  19: 82.41   
[Batch: 1309/2400] mIoU: 43.80  |  FB-IoU: 85.89 |  0: 88.53    |  1: 87.24    |  2: 91.34    |  3: 90.86    |  4: 43.35    |  5: 83.62    |  6: 26.14    |  7: 57.73    |  8: 49.25    |  9: 92.84    |  10: 89.52    |  11: 44.88    |  12: 67.07    |  13: 83.96    |  14: 94.84    |  15: 85.21    |  16: 95.81    |  17: 73.95    |  18: 76.73    |  19: 82.41   
[Batch: 1310/2400] mIoU: 43.81  |  FB-IoU: 85.90 |  0: 88.53    |  1: 87.24    |  2: 91.34    |  3: 90.86    |  4: 43.35    |  5: 83.62    |  6: 26.14    |  7: 57.73    |  8: 49.25    |  9: 92.84    |  10: 89.52    |  11: 44.88    |  12: 67.07    |  13: 83.96    |  14: 94.84    |  15: 85.21    |  16: 95.81    |  17: 73.95    |  18: 76.73    |  19: 82.41   
[Batch: 1311/2400] mIoU: 44.16  |  FB-IoU: 85.90 |  0: 88.53    |  1: 87.24    |  2: 91.34    |  3: 90.86    |  4: 43.35    |  5: 83.62    |  6: 26.14    |  7: 57.73    |  8: 49.25    |  9: 92.84    |  10: 89.52    |  11: 44.88    |  12: 67.07    |  13: 83.96    |  14: 94.84    |  15: 85.21    |  16: 95.81    |  17: 73.95    |  18: 76.73    |  19: 82.41   
[Batch: 1312/2400] mIoU: 44.14  |  FB-IoU: 85.90 |  0: 88.53    |  1: 87.24    |  2: 91.34    |  3: 90.86    |  4: 43.35    |  5: 83.62    |  6: 26.14    |  7: 57.73    |  8: 49.25    |  9: 92.84    |  10: 89.52    |  11: 44.88    |  12: 67.07    |  13: 83.96    |  14: 94.84    |  15: 85.21    |  16: 95.81    |  17: 73.95    |  18: 76.73    |  19: 82.41   
[Batch: 1313/2400] mIoU: 44.15  |  FB-IoU: 85.90 |  0: 88.53    |  1: 87.24    |  2: 91.34    |  3: 90.86    |  4: 43.35    |  5: 83.62    |  6: 26.14    |  7: 57.73    |  8: 49.25    |  9: 92.84    |  10: 89.52    |  11: 44.88    |  12: 67.07    |  13: 83.96    |  14: 94.84    |  15: 85.21    |  16: 95.81    |  17: 73.95    |  18: 76.73    |  19: 82.41   
[Batch: 1314/2400] mIoU: 44.14  |  FB-IoU: 85.90 |  0: 88.53    |  1: 87.24    |  2: 91.34    |  3: 90.86    |  4: 43.35    |  5: 83.62    |  6: 26.14    |  7: 57.73    |  8: 49.25    |  9: 92.84    |  10: 89.52    |  11: 44.88    |  12: 67.07    |  13: 83.96    |  14: 94.84    |  15: 85.21    |  16: 95.81    |  17: 73.95    |  18: 76.73    |  19: 82.41   
[Batch: 1315/2400] mIoU: 44.15  |  FB-IoU: 85.91 |  0: 88.53    |  1: 87.24    |  2: 91.34    |  3: 90.86    |  4: 43.35    |  5: 83.62    |  6: 26.14    |  7: 57.73    |  8: 49.25    |  9: 92.84    |  10: 89.52    |  11: 44.88    |  12: 67.07    |  13: 83.96    |  14: 94.84    |  15: 85.21    |  16: 95.81    |  17: 73.95    |  18: 76.73    |  19: 82.41   
[Batch: 1316/2400] mIoU: 44.14  |  FB-IoU: 85.90 |  0: 88.53    |  1: 87.24    |  2: 91.34    |  3: 90.86    |  4: 43.35    |  5: 83.62    |  6: 26.14    |  7: 57.73    |  8: 49.25    |  9: 92.84    |  10: 89.52    |  11: 44.88    |  12: 67.07    |  13: 83.96    |  14: 94.84    |  15: 85.21    |  16: 95.81    |  17: 73.95    |  18: 76.73    |  19: 82.41   
[Batch: 1317/2400] mIoU: 44.15  |  FB-IoU: 85.91 |  0: 88.53    |  1: 87.24    |  2: 91.34    |  3: 90.86    |  4: 43.35    |  5: 83.62    |  6: 26.14    |  7: 57.73    |  8: 49.25    |  9: 92.84    |  10: 89.52    |  11: 44.88    |  12: 67.07    |  13: 83.96    |  14: 94.84    |  15: 85.21    |  16: 95.81    |  17: 73.95    |  18: 76.73    |  19: 82.41   
[Batch: 1318/2400] mIoU: 44.15  |  FB-IoU: 85.92 |  0: 88.53    |  1: 87.24    |  2: 91.34    |  3: 90.86    |  4: 43.35    |  5: 83.62    |  6: 26.14    |  7: 57.73    |  8: 49.25    |  9: 92.84    |  10: 89.52    |  11: 44.88    |  12: 67.07    |  13: 83.96    |  14: 94.84    |  15: 85.21    |  16: 95.81    |  17: 73.95    |  18: 76.73    |  19: 82.41   
[Batch: 1319/2400] mIoU: 44.16  |  FB-IoU: 85.92 |  0: 88.53    |  1: 87.24    |  2: 91.34    |  3: 90.86    |  4: 43.35    |  5: 83.62    |  6: 26.14    |  7: 57.73    |  8: 49.25    |  9: 92.84    |  10: 89.52    |  11: 44.88    |  12: 67.07    |  13: 83.96    |  14: 94.84    |  15: 85.21    |  16: 95.81    |  17: 73.95    |  18: 76.73    |  19: 82.41   
[Batch: 1320/2400] mIoU: 44.16  |  FB-IoU: 85.93 |  0: 88.53    |  1: 87.24    |  2: 91.34    |  3: 90.86    |  4: 43.35    |  5: 83.62    |  6: 26.14    |  7: 57.73    |  8: 49.25    |  9: 92.84    |  10: 89.52    |  11: 44.88    |  12: 67.07    |  13: 83.96    |  14: 94.84    |  15: 85.21    |  16: 95.81    |  17: 73.95    |  18: 76.73    |  19: 82.41   
[Batch: 1321/2400] mIoU: 44.56  |  FB-IoU: 85.94 |  0: 88.53    |  1: 87.24    |  2: 91.34    |  3: 90.86    |  4: 43.35    |  5: 83.62    |  6: 26.14    |  7: 57.73    |  8: 49.25    |  9: 92.84    |  10: 89.52    |  11: 44.88    |  12: 67.07    |  13: 83.96    |  14: 94.84    |  15: 85.21    |  16: 95.81    |  17: 73.95    |  18: 76.73    |  19: 82.41   
[Batch: 1322/2400] mIoU: 44.56  |  FB-IoU: 85.95 |  0: 88.53    |  1: 87.24    |  2: 91.34    |  3: 90.86    |  4: 43.35    |  5: 83.62    |  6: 26.14    |  7: 57.73    |  8: 49.25    |  9: 92.84    |  10: 89.52    |  11: 44.88    |  12: 67.07    |  13: 83.96    |  14: 94.84    |  15: 85.21    |  16: 95.81    |  17: 73.95    |  18: 76.73    |  19: 82.41   
[Batch: 1323/2400] mIoU: 44.56  |  FB-IoU: 85.96 |  0: 88.53    |  1: 87.24    |  2: 91.34    |  3: 90.86    |  4: 43.35    |  5: 83.62    |  6: 26.14    |  7: 57.73    |  8: 49.25    |  9: 92.84    |  10: 89.52    |  11: 44.88    |  12: 67.07    |  13: 83.96    |  14: 94.84    |  15: 85.21    |  16: 95.81    |  17: 73.95    |  18: 76.73    |  19: 82.41   
[Batch: 1324/2400] mIoU: 44.56  |  FB-IoU: 85.97 |  0: 88.53    |  1: 87.24    |  2: 91.34    |  3: 90.86    |  4: 43.35    |  5: 83.62    |  6: 26.14    |  7: 57.73    |  8: 49.25    |  9: 92.84    |  10: 89.52    |  11: 44.88    |  12: 67.07    |  13: 83.96    |  14: 94.84    |  15: 85.21    |  16: 95.81    |  17: 73.95    |  18: 76.73    |  19: 82.41   
[Batch: 1325/2400] mIoU: 44.56  |  FB-IoU: 85.99 |  0: 88.53    |  1: 87.24    |  2: 91.34    |  3: 90.86    |  4: 43.35    |  5: 83.62    |  6: 26.14    |  7: 57.73    |  8: 49.25    |  9: 92.84    |  10: 89.52    |  11: 44.88    |  12: 67.07    |  13: 83.96    |  14: 94.84    |  15: 85.21    |  16: 95.81    |  17: 73.95    |  18: 76.73    |  19: 82.41   
[Batch: 1326/2400] mIoU: 44.56  |  FB-IoU: 85.99 |  0: 88.53    |  1: 87.24    |  2: 91.34    |  3: 90.86    |  4: 43.35    |  5: 83.62    |  6: 26.14    |  7: 57.73    |  8: 49.25    |  9: 92.84    |  10: 89.52    |  11: 44.88    |  12: 67.07    |  13: 83.96    |  14: 94.84    |  15: 85.21    |  16: 95.81    |  17: 73.95    |  18: 76.73    |  19: 82.41   
[Batch: 1327/2400] mIoU: 44.56  |  FB-IoU: 86.00 |  0: 88.53    |  1: 87.24    |  2: 91.34    |  3: 90.86    |  4: 43.35    |  5: 83.62    |  6: 26.14    |  7: 57.73    |  8: 49.25    |  9: 92.84    |  10: 89.52    |  11: 44.88    |  12: 67.07    |  13: 83.96    |  14: 94.84    |  15: 85.21    |  16: 95.81    |  17: 73.95    |  18: 76.73    |  19: 82.41   
[Batch: 1328/2400] mIoU: 44.53  |  FB-IoU: 85.97 |  0: 88.53    |  1: 87.24    |  2: 91.34    |  3: 90.86    |  4: 43.35    |  5: 83.62    |  6: 26.14    |  7: 57.73    |  8: 49.25    |  9: 92.84    |  10: 89.52    |  11: 44.88    |  12: 67.07    |  13: 83.96    |  14: 94.84    |  15: 85.21    |  16: 95.81    |  17: 73.95    |  18: 76.73    |  19: 82.41   
[Batch: 1329/2400] mIoU: 44.53  |  FB-IoU: 85.99 |  0: 88.53    |  1: 87.24    |  2: 91.34    |  3: 90.86    |  4: 43.35    |  5: 83.62    |  6: 26.14    |  7: 57.73    |  8: 49.25    |  9: 92.84    |  10: 89.52    |  11: 44.88    |  12: 67.07    |  13: 83.96    |  14: 94.84    |  15: 85.21    |  16: 95.81    |  17: 73.95    |  18: 76.73    |  19: 82.41   
[Batch: 1330/2400] mIoU: 44.54  |  FB-IoU: 86.00 |  0: 88.53    |  1: 87.24    |  2: 91.34    |  3: 90.86    |  4: 43.35    |  5: 83.62    |  6: 26.14    |  7: 57.73    |  8: 49.25    |  9: 92.84    |  10: 89.52    |  11: 44.88    |  12: 67.07    |  13: 83.96    |  14: 94.84    |  15: 85.21    |  16: 95.81    |  17: 73.95    |  18: 76.73    |  19: 82.41   
[Batch: 1331/2400] mIoU: 44.94  |  FB-IoU: 86.00 |  0: 88.53    |  1: 87.24    |  2: 91.34    |  3: 90.86    |  4: 43.35    |  5: 83.62    |  6: 26.14    |  7: 57.73    |  8: 49.25    |  9: 92.84    |  10: 89.52    |  11: 44.88    |  12: 67.07    |  13: 83.96    |  14: 94.84    |  15: 85.21    |  16: 95.81    |  17: 73.95    |  18: 76.73    |  19: 82.41   
[Batch: 1332/2400] mIoU: 44.92  |  FB-IoU: 86.01 |  0: 88.53    |  1: 87.24    |  2: 91.34    |  3: 90.86    |  4: 43.35    |  5: 83.62    |  6: 26.14    |  7: 57.73    |  8: 49.25    |  9: 92.84    |  10: 89.52    |  11: 44.88    |  12: 67.07    |  13: 83.96    |  14: 94.84    |  15: 85.21    |  16: 95.81    |  17: 73.95    |  18: 76.73    |  19: 82.41   
[Batch: 1333/2400] mIoU: 44.92  |  FB-IoU: 86.01 |  0: 88.53    |  1: 87.24    |  2: 91.34    |  3: 90.86    |  4: 43.35    |  5: 83.62    |  6: 26.14    |  7: 57.73    |  8: 49.25    |  9: 92.84    |  10: 89.52    |  11: 44.88    |  12: 67.07    |  13: 83.96    |  14: 94.84    |  15: 85.21    |  16: 95.81    |  17: 73.95    |  18: 76.73    |  19: 82.41   
[Batch: 1334/2400] mIoU: 44.91  |  FB-IoU: 86.02 |  0: 88.53    |  1: 87.24    |  2: 91.34    |  3: 90.86    |  4: 43.35    |  5: 83.62    |  6: 26.14    |  7: 57.73    |  8: 49.25    |  9: 92.84    |  10: 89.52    |  11: 44.88    |  12: 67.07    |  13: 83.96    |  14: 94.84    |  15: 85.21    |  16: 95.81    |  17: 73.95    |  18: 76.73    |  19: 82.41   
[Batch: 1335/2400] mIoU: 44.91  |  FB-IoU: 86.02 |  0: 88.53    |  1: 87.24    |  2: 91.34    |  3: 90.86    |  4: 43.35    |  5: 83.62    |  6: 26.14    |  7: 57.73    |  8: 49.25    |  9: 92.84    |  10: 89.52    |  11: 44.88    |  12: 67.07    |  13: 83.96    |  14: 94.84    |  15: 85.21    |  16: 95.81    |  17: 73.95    |  18: 76.73    |  19: 82.41   
[Batch: 1336/2400] mIoU: 44.91  |  FB-IoU: 86.03 |  0: 88.53    |  1: 87.24    |  2: 91.34    |  3: 90.86    |  4: 43.35    |  5: 83.62    |  6: 26.14    |  7: 57.73    |  8: 49.25    |  9: 92.84    |  10: 89.52    |  11: 44.88    |  12: 67.07    |  13: 83.96    |  14: 94.84    |  15: 85.21    |  16: 95.81    |  17: 73.95    |  18: 76.73    |  19: 82.41   
[Batch: 1337/2400] mIoU: 44.91  |  FB-IoU: 86.03 |  0: 88.53    |  1: 87.24    |  2: 91.34    |  3: 90.86    |  4: 43.35    |  5: 83.62    |  6: 26.14    |  7: 57.73    |  8: 49.25    |  9: 92.84    |  10: 89.52    |  11: 44.88    |  12: 67.07    |  13: 83.96    |  14: 94.84    |  15: 85.21    |  16: 95.81    |  17: 73.95    |  18: 76.73    |  19: 82.41   
[Batch: 1338/2400] mIoU: 44.91  |  FB-IoU: 86.04 |  0: 88.53    |  1: 87.24    |  2: 91.34    |  3: 90.86    |  4: 43.35    |  5: 83.62    |  6: 26.14    |  7: 57.73    |  8: 49.25    |  9: 92.84    |  10: 89.52    |  11: 44.88    |  12: 67.07    |  13: 83.96    |  14: 94.84    |  15: 85.21    |  16: 95.81    |  17: 73.95    |  18: 76.73    |  19: 82.41   
[Batch: 1339/2400] mIoU: 44.91  |  FB-IoU: 86.04 |  0: 88.53    |  1: 87.24    |  2: 91.34    |  3: 90.86    |  4: 43.35    |  5: 83.62    |  6: 26.14    |  7: 57.73    |  8: 49.25    |  9: 92.84    |  10: 89.52    |  11: 44.88    |  12: 67.07    |  13: 83.96    |  14: 94.84    |  15: 85.21    |  16: 95.81    |  17: 73.95    |  18: 76.73    |  19: 82.41   
[Batch: 1340/2400] mIoU: 44.92  |  FB-IoU: 86.05 |  0: 88.53    |  1: 87.24    |  2: 91.34    |  3: 90.86    |  4: 43.35    |  5: 83.62    |  6: 26.14    |  7: 57.73    |  8: 49.25    |  9: 92.84    |  10: 89.52    |  11: 44.88    |  12: 67.07    |  13: 83.96    |  14: 94.84    |  15: 85.21    |  16: 95.81    |  17: 73.95    |  18: 76.73    |  19: 82.41   
[Batch: 1341/2400] mIoU: 45.29  |  FB-IoU: 86.06 |  0: 88.53    |  1: 87.24    |  2: 91.34    |  3: 90.86    |  4: 43.35    |  5: 83.62    |  6: 26.14    |  7: 57.73    |  8: 49.25    |  9: 92.84    |  10: 89.52    |  11: 44.88    |  12: 67.07    |  13: 83.96    |  14: 94.84    |  15: 85.21    |  16: 95.81    |  17: 73.95    |  18: 76.73    |  19: 82.41   
[Batch: 1342/2400] mIoU: 45.30  |  FB-IoU: 86.07 |  0: 88.53    |  1: 87.24    |  2: 91.34    |  3: 90.86    |  4: 43.35    |  5: 83.62    |  6: 26.14    |  7: 57.73    |  8: 49.25    |  9: 92.84    |  10: 89.52    |  11: 44.88    |  12: 67.07    |  13: 83.96    |  14: 94.84    |  15: 85.21    |  16: 95.81    |  17: 73.95    |  18: 76.73    |  19: 82.41   
[Batch: 1343/2400] mIoU: 45.30  |  FB-IoU: 86.07 |  0: 88.53    |  1: 87.24    |  2: 91.34    |  3: 90.86    |  4: 43.35    |  5: 83.62    |  6: 26.14    |  7: 57.73    |  8: 49.25    |  9: 92.84    |  10: 89.52    |  11: 44.88    |  12: 67.07    |  13: 83.96    |  14: 94.84    |  15: 85.21    |  16: 95.81    |  17: 73.95    |  18: 76.73    |  19: 82.41   
[Batch: 1344/2400] mIoU: 45.30  |  FB-IoU: 86.08 |  0: 88.53    |  1: 87.24    |  2: 91.34    |  3: 90.86    |  4: 43.35    |  5: 83.62    |  6: 26.14    |  7: 57.73    |  8: 49.25    |  9: 92.84    |  10: 89.52    |  11: 44.88    |  12: 67.07    |  13: 83.96    |  14: 94.84    |  15: 85.21    |  16: 95.81    |  17: 73.95    |  18: 76.73    |  19: 82.41   
[Batch: 1345/2400] mIoU: 45.31  |  FB-IoU: 86.10 |  0: 88.53    |  1: 87.24    |  2: 91.34    |  3: 90.86    |  4: 43.35    |  5: 83.62    |  6: 26.14    |  7: 57.73    |  8: 49.25    |  9: 92.84    |  10: 89.52    |  11: 44.88    |  12: 67.07    |  13: 83.96    |  14: 94.84    |  15: 85.21    |  16: 95.81    |  17: 73.95    |  18: 76.73    |  19: 82.41   
[Batch: 1346/2400] mIoU: 45.31  |  FB-IoU: 86.11 |  0: 88.53    |  1: 87.24    |  2: 91.34    |  3: 90.86    |  4: 43.35    |  5: 83.62    |  6: 26.14    |  7: 57.73    |  8: 49.25    |  9: 92.84    |  10: 89.52    |  11: 44.88    |  12: 67.07    |  13: 83.96    |  14: 94.84    |  15: 85.21    |  16: 95.81    |  17: 73.95    |  18: 76.73    |  19: 82.41   
[Batch: 1347/2400] mIoU: 45.31  |  FB-IoU: 86.12 |  0: 88.53    |  1: 87.24    |  2: 91.34    |  3: 90.86    |  4: 43.35    |  5: 83.62    |  6: 26.14    |  7: 57.73    |  8: 49.25    |  9: 92.84    |  10: 89.52    |  11: 44.88    |  12: 67.07    |  13: 83.96    |  14: 94.84    |  15: 85.21    |  16: 95.81    |  17: 73.95    |  18: 76.73    |  19: 82.41   
[Batch: 1348/2400] mIoU: 45.30  |  FB-IoU: 86.12 |  0: 88.53    |  1: 87.24    |  2: 91.34    |  3: 90.86    |  4: 43.35    |  5: 83.62    |  6: 26.14    |  7: 57.73    |  8: 49.25    |  9: 92.84    |  10: 89.52    |  11: 44.88    |  12: 67.07    |  13: 83.96    |  14: 94.84    |  15: 85.21    |  16: 95.81    |  17: 73.95    |  18: 76.73    |  19: 82.41   
[Batch: 1349/2400] mIoU: 45.30  |  FB-IoU: 86.13 |  0: 88.53    |  1: 87.24    |  2: 91.34    |  3: 90.86    |  4: 43.35    |  5: 83.62    |  6: 26.14    |  7: 57.73    |  8: 49.25    |  9: 92.84    |  10: 89.52    |  11: 44.88    |  12: 67.07    |  13: 83.96    |  14: 94.84    |  15: 85.21    |  16: 95.81    |  17: 73.95    |  18: 76.73    |  19: 82.41   
[Batch: 1350/2400] mIoU: 45.30  |  FB-IoU: 86.14 |  0: 88.53    |  1: 87.24    |  2: 91.34    |  3: 90.86    |  4: 43.35    |  5: 83.62    |  6: 26.14    |  7: 57.73    |  8: 49.25    |  9: 92.84    |  10: 89.52    |  11: 44.88    |  12: 67.07    |  13: 83.96    |  14: 94.84    |  15: 85.21    |  16: 95.81    |  17: 73.95    |  18: 76.73    |  19: 82.41   
[Batch: 1351/2400] mIoU: 45.70  |  FB-IoU: 86.14 |  0: 88.53    |  1: 87.24    |  2: 91.34    |  3: 90.86    |  4: 43.35    |  5: 83.62    |  6: 26.14    |  7: 57.73    |  8: 49.25    |  9: 92.84    |  10: 89.52    |  11: 44.88    |  12: 67.07    |  13: 83.96    |  14: 94.84    |  15: 85.21    |  16: 95.81    |  17: 73.95    |  18: 76.73    |  19: 82.41   
[Batch: 1352/2400] mIoU: 45.61  |  FB-IoU: 86.14 |  0: 88.53    |  1: 87.24    |  2: 91.34    |  3: 90.86    |  4: 43.35    |  5: 83.62    |  6: 26.14    |  7: 57.73    |  8: 49.25    |  9: 92.84    |  10: 89.52    |  11: 44.88    |  12: 67.07    |  13: 83.96    |  14: 94.84    |  15: 85.21    |  16: 95.81    |  17: 73.95    |  18: 76.73    |  19: 82.41   
[Batch: 1353/2400] mIoU: 45.62  |  FB-IoU: 86.14 |  0: 88.53    |  1: 87.24    |  2: 91.34    |  3: 90.86    |  4: 43.35    |  5: 83.62    |  6: 26.14    |  7: 57.73    |  8: 49.25    |  9: 92.84    |  10: 89.52    |  11: 44.88    |  12: 67.07    |  13: 83.96    |  14: 94.84    |  15: 85.21    |  16: 95.81    |  17: 73.95    |  18: 76.73    |  19: 82.41   
[Batch: 1354/2400] mIoU: 45.67  |  FB-IoU: 86.15 |  0: 88.53    |  1: 87.24    |  2: 91.34    |  3: 90.86    |  4: 43.35    |  5: 83.62    |  6: 26.14    |  7: 57.73    |  8: 49.25    |  9: 92.84    |  10: 89.52    |  11: 44.88    |  12: 67.07    |  13: 83.96    |  14: 94.84    |  15: 85.21    |  16: 95.81    |  17: 73.95    |  18: 76.73    |  19: 82.41   
[Batch: 1355/2400] mIoU: 45.68  |  FB-IoU: 86.15 |  0: 88.53    |  1: 87.24    |  2: 91.34    |  3: 90.86    |  4: 43.35    |  5: 83.62    |  6: 26.14    |  7: 57.73    |  8: 49.25    |  9: 92.84    |  10: 89.52    |  11: 44.88    |  12: 67.07    |  13: 83.96    |  14: 94.84    |  15: 85.21    |  16: 95.81    |  17: 73.95    |  18: 76.73    |  19: 82.41   
[Batch: 1356/2400] mIoU: 45.68  |  FB-IoU: 86.16 |  0: 88.53    |  1: 87.24    |  2: 91.34    |  3: 90.86    |  4: 43.35    |  5: 83.62    |  6: 26.14    |  7: 57.73    |  8: 49.25    |  9: 92.84    |  10: 89.52    |  11: 44.88    |  12: 67.07    |  13: 83.96    |  14: 94.84    |  15: 85.21    |  16: 95.81    |  17: 73.95    |  18: 76.73    |  19: 82.41   
[Batch: 1357/2400] mIoU: 45.68  |  FB-IoU: 86.16 |  0: 88.53    |  1: 87.24    |  2: 91.34    |  3: 90.86    |  4: 43.35    |  5: 83.62    |  6: 26.14    |  7: 57.73    |  8: 49.25    |  9: 92.84    |  10: 89.52    |  11: 44.88    |  12: 67.07    |  13: 83.96    |  14: 94.84    |  15: 85.21    |  16: 95.81    |  17: 73.95    |  18: 76.73    |  19: 82.41   
[Batch: 1358/2400] mIoU: 45.68  |  FB-IoU: 86.17 |  0: 88.53    |  1: 87.24    |  2: 91.34    |  3: 90.86    |  4: 43.35    |  5: 83.62    |  6: 26.14    |  7: 57.73    |  8: 49.25    |  9: 92.84    |  10: 89.52    |  11: 44.88    |  12: 67.07    |  13: 83.96    |  14: 94.84    |  15: 85.21    |  16: 95.81    |  17: 73.95    |  18: 76.73    |  19: 82.41   
[Batch: 1359/2400] mIoU: 45.69  |  FB-IoU: 86.17 |  0: 88.53    |  1: 87.24    |  2: 91.34    |  3: 90.86    |  4: 43.35    |  5: 83.62    |  6: 26.14    |  7: 57.73    |  8: 49.25    |  9: 92.84    |  10: 89.52    |  11: 44.88    |  12: 67.07    |  13: 83.96    |  14: 94.84    |  15: 85.21    |  16: 95.81    |  17: 73.95    |  18: 76.73    |  19: 82.41   
[Batch: 1360/2400] mIoU: 45.51  |  FB-IoU: 86.04 |  0: 88.53    |  1: 87.24    |  2: 91.34    |  3: 90.86    |  4: 43.35    |  5: 83.62    |  6: 26.14    |  7: 57.73    |  8: 49.25    |  9: 92.84    |  10: 89.52    |  11: 44.88    |  12: 67.07    |  13: 83.96    |  14: 94.84    |  15: 85.21    |  16: 95.81    |  17: 73.95    |  18: 76.73    |  19: 82.41   
[Batch: 1361/2400] mIoU: 45.83  |  FB-IoU: 86.04 |  0: 88.53    |  1: 87.24    |  2: 91.34    |  3: 90.86    |  4: 43.35    |  5: 83.62    |  6: 26.14    |  7: 57.73    |  8: 49.25    |  9: 92.84    |  10: 89.52    |  11: 44.88    |  12: 67.07    |  13: 83.96    |  14: 94.84    |  15: 85.21    |  16: 95.81    |  17: 73.95    |  18: 76.73    |  19: 82.41   
[Batch: 1362/2400] mIoU: 45.86  |  FB-IoU: 86.04 |  0: 88.53    |  1: 87.24    |  2: 91.34    |  3: 90.86    |  4: 43.35    |  5: 83.62    |  6: 26.14    |  7: 57.73    |  8: 49.25    |  9: 92.84    |  10: 89.52    |  11: 44.88    |  12: 67.07    |  13: 83.96    |  14: 94.84    |  15: 85.21    |  16: 95.81    |  17: 73.95    |  18: 76.73    |  19: 82.41   
[Batch: 1363/2400] mIoU: 45.87  |  FB-IoU: 86.05 |  0: 88.53    |  1: 87.24    |  2: 91.34    |  3: 90.86    |  4: 43.35    |  5: 83.62    |  6: 26.14    |  7: 57.73    |  8: 49.25    |  9: 92.84    |  10: 89.52    |  11: 44.88    |  12: 67.07    |  13: 83.96    |  14: 94.84    |  15: 85.21    |  16: 95.81    |  17: 73.95    |  18: 76.73    |  19: 82.41   
[Batch: 1364/2400] mIoU: 45.89  |  FB-IoU: 86.06 |  0: 88.53    |  1: 87.24    |  2: 91.34    |  3: 90.86    |  4: 43.35    |  5: 83.62    |  6: 26.14    |  7: 57.73    |  8: 49.25    |  9: 92.84    |  10: 89.52    |  11: 44.88    |  12: 67.07    |  13: 83.96    |  14: 94.84    |  15: 85.21    |  16: 95.81    |  17: 73.95    |  18: 76.73    |  19: 82.41   
[Batch: 1365/2400] mIoU: 45.89  |  FB-IoU: 86.06 |  0: 88.53    |  1: 87.24    |  2: 91.34    |  3: 90.86    |  4: 43.35    |  5: 83.62    |  6: 26.14    |  7: 57.73    |  8: 49.25    |  9: 92.84    |  10: 89.52    |  11: 44.88    |  12: 67.07    |  13: 83.96    |  14: 94.84    |  15: 85.21    |  16: 95.81    |  17: 73.95    |  18: 76.73    |  19: 82.41   
[Batch: 1366/2400] mIoU: 45.89  |  FB-IoU: 86.07 |  0: 88.53    |  1: 87.24    |  2: 91.34    |  3: 90.86    |  4: 43.35    |  5: 83.62    |  6: 26.14    |  7: 57.73    |  8: 49.25    |  9: 92.84    |  10: 89.52    |  11: 44.88    |  12: 67.07    |  13: 83.96    |  14: 94.84    |  15: 85.21    |  16: 95.81    |  17: 73.95    |  18: 76.73    |  19: 82.41   
[Batch: 1367/2400] mIoU: 45.90  |  FB-IoU: 86.08 |  0: 88.53    |  1: 87.24    |  2: 91.34    |  3: 90.86    |  4: 43.35    |  5: 83.62    |  6: 26.14    |  7: 57.73    |  8: 49.25    |  9: 92.84    |  10: 89.52    |  11: 44.88    |  12: 67.07    |  13: 83.96    |  14: 94.84    |  15: 85.21    |  16: 95.81    |  17: 73.95    |  18: 76.73    |  19: 82.41   
[Batch: 1368/2400] mIoU: 45.90  |  FB-IoU: 86.08 |  0: 88.53    |  1: 87.24    |  2: 91.34    |  3: 90.86    |  4: 43.35    |  5: 83.62    |  6: 26.14    |  7: 57.73    |  8: 49.25    |  9: 92.84    |  10: 89.52    |  11: 44.88    |  12: 67.07    |  13: 83.96    |  14: 94.84    |  15: 85.21    |  16: 95.81    |  17: 73.95    |  18: 76.73    |  19: 82.41   
[Batch: 1369/2400] mIoU: 45.89  |  FB-IoU: 86.09 |  0: 88.53    |  1: 87.24    |  2: 91.34    |  3: 90.86    |  4: 43.35    |  5: 83.62    |  6: 26.14    |  7: 57.73    |  8: 49.25    |  9: 92.84    |  10: 89.52    |  11: 44.88    |  12: 67.07    |  13: 83.96    |  14: 94.84    |  15: 85.21    |  16: 95.81    |  17: 73.95    |  18: 76.73    |  19: 82.41   
[Batch: 1370/2400] mIoU: 45.90  |  FB-IoU: 86.10 |  0: 88.53    |  1: 87.24    |  2: 91.34    |  3: 90.86    |  4: 43.35    |  5: 83.62    |  6: 26.14    |  7: 57.73    |  8: 49.25    |  9: 92.84    |  10: 89.52    |  11: 44.88    |  12: 67.07    |  13: 83.96    |  14: 94.84    |  15: 85.21    |  16: 95.81    |  17: 73.95    |  18: 76.73    |  19: 82.41   
[Batch: 1371/2400] mIoU: 46.29  |  FB-IoU: 86.10 |  0: 88.53    |  1: 87.24    |  2: 91.34    |  3: 90.86    |  4: 43.35    |  5: 83.62    |  6: 26.14    |  7: 57.73    |  8: 49.25    |  9: 92.84    |  10: 89.52    |  11: 44.88    |  12: 67.07    |  13: 83.96    |  14: 94.84    |  15: 85.21    |  16: 95.81    |  17: 73.95    |  18: 76.73    |  19: 82.41   
[Batch: 1372/2400] mIoU: 46.29  |  FB-IoU: 86.11 |  0: 88.53    |  1: 87.24    |  2: 91.34    |  3: 90.86    |  4: 43.35    |  5: 83.62    |  6: 26.14    |  7: 57.73    |  8: 49.25    |  9: 92.84    |  10: 89.52    |  11: 44.88    |  12: 67.07    |  13: 83.96    |  14: 94.84    |  15: 85.21    |  16: 95.81    |  17: 73.95    |  18: 76.73    |  19: 82.41   
[Batch: 1373/2400] mIoU: 46.30  |  FB-IoU: 86.12 |  0: 88.53    |  1: 87.24    |  2: 91.34    |  3: 90.86    |  4: 43.35    |  5: 83.62    |  6: 26.14    |  7: 57.73    |  8: 49.25    |  9: 92.84    |  10: 89.52    |  11: 44.88    |  12: 67.07    |  13: 83.96    |  14: 94.84    |  15: 85.21    |  16: 95.81    |  17: 73.95    |  18: 76.73    |  19: 82.41   
[Batch: 1374/2400] mIoU: 46.30  |  FB-IoU: 86.13 |  0: 88.53    |  1: 87.24    |  2: 91.34    |  3: 90.86    |  4: 43.35    |  5: 83.62    |  6: 26.14    |  7: 57.73    |  8: 49.25    |  9: 92.84    |  10: 89.52    |  11: 44.88    |  12: 67.07    |  13: 83.96    |  14: 94.84    |  15: 85.21    |  16: 95.81    |  17: 73.95    |  18: 76.73    |  19: 82.41   
[Batch: 1375/2400] mIoU: 46.29  |  FB-IoU: 86.14 |  0: 88.53    |  1: 87.24    |  2: 91.34    |  3: 90.86    |  4: 43.35    |  5: 83.62    |  6: 26.14    |  7: 57.73    |  8: 49.25    |  9: 92.84    |  10: 89.52    |  11: 44.88    |  12: 67.07    |  13: 83.96    |  14: 94.84    |  15: 85.21    |  16: 95.81    |  17: 73.95    |  18: 76.73    |  19: 82.41   
[Batch: 1376/2400] mIoU: 46.29  |  FB-IoU: 86.15 |  0: 88.53    |  1: 87.24    |  2: 91.34    |  3: 90.86    |  4: 43.35    |  5: 83.62    |  6: 26.14    |  7: 57.73    |  8: 49.25    |  9: 92.84    |  10: 89.52    |  11: 44.88    |  12: 67.07    |  13: 83.96    |  14: 94.84    |  15: 85.21    |  16: 95.81    |  17: 73.95    |  18: 76.73    |  19: 82.41   
[Batch: 1377/2400] mIoU: 46.29  |  FB-IoU: 86.16 |  0: 88.53    |  1: 87.24    |  2: 91.34    |  3: 90.86    |  4: 43.35    |  5: 83.62    |  6: 26.14    |  7: 57.73    |  8: 49.25    |  9: 92.84    |  10: 89.52    |  11: 44.88    |  12: 67.07    |  13: 83.96    |  14: 94.84    |  15: 85.21    |  16: 95.81    |  17: 73.95    |  18: 76.73    |  19: 82.41   
[Batch: 1378/2400] mIoU: 46.29  |  FB-IoU: 86.17 |  0: 88.53    |  1: 87.24    |  2: 91.34    |  3: 90.86    |  4: 43.35    |  5: 83.62    |  6: 26.14    |  7: 57.73    |  8: 49.25    |  9: 92.84    |  10: 89.52    |  11: 44.88    |  12: 67.07    |  13: 83.96    |  14: 94.84    |  15: 85.21    |  16: 95.81    |  17: 73.95    |  18: 76.73    |  19: 82.41   
[Batch: 1379/2400] mIoU: 46.29  |  FB-IoU: 86.17 |  0: 88.53    |  1: 87.24    |  2: 91.34    |  3: 90.86    |  4: 43.35    |  5: 83.62    |  6: 26.14    |  7: 57.73    |  8: 49.25    |  9: 92.84    |  10: 89.52    |  11: 44.88    |  12: 67.07    |  13: 83.96    |  14: 94.84    |  15: 85.21    |  16: 95.81    |  17: 73.95    |  18: 76.73    |  19: 82.41   
[Batch: 1380/2400] mIoU: 46.29  |  FB-IoU: 86.18 |  0: 88.53    |  1: 87.24    |  2: 91.34    |  3: 90.86    |  4: 43.35    |  5: 83.62    |  6: 26.14    |  7: 57.73    |  8: 49.25    |  9: 92.84    |  10: 89.52    |  11: 44.88    |  12: 67.07    |  13: 83.96    |  14: 94.84    |  15: 85.21    |  16: 95.81    |  17: 73.95    |  18: 76.73    |  19: 82.41   
[Batch: 1381/2400] mIoU: 46.70  |  FB-IoU: 86.20 |  0: 88.53    |  1: 87.24    |  2: 91.34    |  3: 90.86    |  4: 43.35    |  5: 83.62    |  6: 26.14    |  7: 57.73    |  8: 49.25    |  9: 92.84    |  10: 89.52    |  11: 44.88    |  12: 67.07    |  13: 83.96    |  14: 94.84    |  15: 85.21    |  16: 95.81    |  17: 73.95    |  18: 76.73    |  19: 82.41   
[Batch: 1382/2400] mIoU: 46.70  |  FB-IoU: 86.21 |  0: 88.53    |  1: 87.24    |  2: 91.34    |  3: 90.86    |  4: 43.35    |  5: 83.62    |  6: 26.14    |  7: 57.73    |  8: 49.25    |  9: 92.84    |  10: 89.52    |  11: 44.88    |  12: 67.07    |  13: 83.96    |  14: 94.84    |  15: 85.21    |  16: 95.81    |  17: 73.95    |  18: 76.73    |  19: 82.41   
[Batch: 1383/2400] mIoU: 46.68  |  FB-IoU: 86.21 |  0: 88.53    |  1: 87.24    |  2: 91.34    |  3: 90.86    |  4: 43.35    |  5: 83.62    |  6: 26.14    |  7: 57.73    |  8: 49.25    |  9: 92.84    |  10: 89.52    |  11: 44.88    |  12: 67.07    |  13: 83.96    |  14: 94.84    |  15: 85.21    |  16: 95.81    |  17: 73.95    |  18: 76.73    |  19: 82.41   
[Batch: 1384/2400] mIoU: 46.68  |  FB-IoU: 86.22 |  0: 88.53    |  1: 87.24    |  2: 91.34    |  3: 90.86    |  4: 43.35    |  5: 83.62    |  6: 26.14    |  7: 57.73    |  8: 49.25    |  9: 92.84    |  10: 89.52    |  11: 44.88    |  12: 67.07    |  13: 83.96    |  14: 94.84    |  15: 85.21    |  16: 95.81    |  17: 73.95    |  18: 76.73    |  19: 82.41   
[Batch: 1385/2400] mIoU: 46.69  |  FB-IoU: 86.23 |  0: 88.53    |  1: 87.24    |  2: 91.34    |  3: 90.86    |  4: 43.35    |  5: 83.62    |  6: 26.14    |  7: 57.73    |  8: 49.25    |  9: 92.84    |  10: 89.52    |  11: 44.88    |  12: 67.07    |  13: 83.96    |  14: 94.84    |  15: 85.21    |  16: 95.81    |  17: 73.95    |  18: 76.73    |  19: 82.41   
[Batch: 1386/2400] mIoU: 46.68  |  FB-IoU: 86.23 |  0: 88.53    |  1: 87.24    |  2: 91.34    |  3: 90.86    |  4: 43.35    |  5: 83.62    |  6: 26.14    |  7: 57.73    |  8: 49.25    |  9: 92.84    |  10: 89.52    |  11: 44.88    |  12: 67.07    |  13: 83.96    |  14: 94.84    |  15: 85.21    |  16: 95.81    |  17: 73.95    |  18: 76.73    |  19: 82.41   
[Batch: 1387/2400] mIoU: 46.68  |  FB-IoU: 86.24 |  0: 88.53    |  1: 87.24    |  2: 91.34    |  3: 90.86    |  4: 43.35    |  5: 83.62    |  6: 26.14    |  7: 57.73    |  8: 49.25    |  9: 92.84    |  10: 89.52    |  11: 44.88    |  12: 67.07    |  13: 83.96    |  14: 94.84    |  15: 85.21    |  16: 95.81    |  17: 73.95    |  18: 76.73    |  19: 82.41   
[Batch: 1388/2400] mIoU: 46.68  |  FB-IoU: 86.25 |  0: 88.53    |  1: 87.24    |  2: 91.34    |  3: 90.86    |  4: 43.35    |  5: 83.62    |  6: 26.14    |  7: 57.73    |  8: 49.25    |  9: 92.84    |  10: 89.52    |  11: 44.88    |  12: 67.07    |  13: 83.96    |  14: 94.84    |  15: 85.21    |  16: 95.81    |  17: 73.95    |  18: 76.73    |  19: 82.41   
[Batch: 1389/2400] mIoU: 46.69  |  FB-IoU: 86.26 |  0: 88.53    |  1: 87.24    |  2: 91.34    |  3: 90.86    |  4: 43.35    |  5: 83.62    |  6: 26.14    |  7: 57.73    |  8: 49.25    |  9: 92.84    |  10: 89.52    |  11: 44.88    |  12: 67.07    |  13: 83.96    |  14: 94.84    |  15: 85.21    |  16: 95.81    |  17: 73.95    |  18: 76.73    |  19: 82.41   
[Batch: 1390/2400] mIoU: 46.69  |  FB-IoU: 86.27 |  0: 88.53    |  1: 87.24    |  2: 91.34    |  3: 90.86    |  4: 43.35    |  5: 83.62    |  6: 26.14    |  7: 57.73    |  8: 49.25    |  9: 92.84    |  10: 89.52    |  11: 44.88    |  12: 67.07    |  13: 83.96    |  14: 94.84    |  15: 85.21    |  16: 95.81    |  17: 73.95    |  18: 76.73    |  19: 82.41   
[Batch: 1391/2400] mIoU: 47.08  |  FB-IoU: 86.28 |  0: 88.53    |  1: 87.24    |  2: 91.34    |  3: 90.86    |  4: 43.35    |  5: 83.62    |  6: 26.14    |  7: 57.73    |  8: 49.25    |  9: 92.84    |  10: 89.52    |  11: 44.88    |  12: 67.07    |  13: 83.96    |  14: 94.84    |  15: 85.21    |  16: 95.81    |  17: 73.95    |  18: 76.73    |  19: 82.41   
[Batch: 1392/2400] mIoU: 47.08  |  FB-IoU: 86.29 |  0: 88.53    |  1: 87.24    |  2: 91.34    |  3: 90.86    |  4: 43.35    |  5: 83.62    |  6: 26.14    |  7: 57.73    |  8: 49.25    |  9: 92.84    |  10: 89.52    |  11: 44.88    |  12: 67.07    |  13: 83.96    |  14: 94.84    |  15: 85.21    |  16: 95.81    |  17: 73.95    |  18: 76.73    |  19: 82.41   
[Batch: 1393/2400] mIoU: 47.08  |  FB-IoU: 86.30 |  0: 88.53    |  1: 87.24    |  2: 91.34    |  3: 90.86    |  4: 43.35    |  5: 83.62    |  6: 26.14    |  7: 57.73    |  8: 49.25    |  9: 92.84    |  10: 89.52    |  11: 44.88    |  12: 67.07    |  13: 83.96    |  14: 94.84    |  15: 85.21    |  16: 95.81    |  17: 73.95    |  18: 76.73    |  19: 82.41   
[Batch: 1394/2400] mIoU: 47.08  |  FB-IoU: 86.30 |  0: 88.53    |  1: 87.24    |  2: 91.34    |  3: 90.86    |  4: 43.35    |  5: 83.62    |  6: 26.14    |  7: 57.73    |  8: 49.25    |  9: 92.84    |  10: 89.52    |  11: 44.88    |  12: 67.07    |  13: 83.96    |  14: 94.84    |  15: 85.21    |  16: 95.81    |  17: 73.95    |  18: 76.73    |  19: 82.41   
[Batch: 1395/2400] mIoU: 47.08  |  FB-IoU: 86.31 |  0: 88.53    |  1: 87.24    |  2: 91.34    |  3: 90.86    |  4: 43.35    |  5: 83.62    |  6: 26.14    |  7: 57.73    |  8: 49.25    |  9: 92.84    |  10: 89.52    |  11: 44.88    |  12: 67.07    |  13: 83.96    |  14: 94.84    |  15: 85.21    |  16: 95.81    |  17: 73.95    |  18: 76.73    |  19: 82.41   
[Batch: 1396/2400] mIoU: 47.08  |  FB-IoU: 86.32 |  0: 88.53    |  1: 87.24    |  2: 91.34    |  3: 90.86    |  4: 43.35    |  5: 83.62    |  6: 26.14    |  7: 57.73    |  8: 49.25    |  9: 92.84    |  10: 89.52    |  11: 44.88    |  12: 67.07    |  13: 83.96    |  14: 94.84    |  15: 85.21    |  16: 95.81    |  17: 73.95    |  18: 76.73    |  19: 82.41   
[Batch: 1397/2400] mIoU: 47.08  |  FB-IoU: 86.32 |  0: 88.53    |  1: 87.24    |  2: 91.34    |  3: 90.86    |  4: 43.35    |  5: 83.62    |  6: 26.14    |  7: 57.73    |  8: 49.25    |  9: 92.84    |  10: 89.52    |  11: 44.88    |  12: 67.07    |  13: 83.96    |  14: 94.84    |  15: 85.21    |  16: 95.81    |  17: 73.95    |  18: 76.73    |  19: 82.41   
[Batch: 1398/2400] mIoU: 47.08  |  FB-IoU: 86.33 |  0: 88.53    |  1: 87.24    |  2: 91.34    |  3: 90.86    |  4: 43.35    |  5: 83.62    |  6: 26.14    |  7: 57.73    |  8: 49.25    |  9: 92.84    |  10: 89.52    |  11: 44.88    |  12: 67.07    |  13: 83.96    |  14: 94.84    |  15: 85.21    |  16: 95.81    |  17: 73.95    |  18: 76.73    |  19: 82.41   
[Batch: 1399/2400] mIoU: 47.08  |  FB-IoU: 86.34 |  0: 88.53    |  1: 87.24    |  2: 91.34    |  3: 90.86    |  4: 43.35    |  5: 83.62    |  6: 26.14    |  7: 57.73    |  8: 49.25    |  9: 92.84    |  10: 89.52    |  11: 44.88    |  12: 67.07    |  13: 83.96    |  14: 94.84    |  15: 85.21    |  16: 95.81    |  17: 73.95    |  18: 76.73    |  19: 82.41   
[Batch: 1400/2400] mIoU: 47.08  |  FB-IoU: 86.34 |  0: 88.53    |  1: 87.24    |  2: 91.34    |  3: 90.86    |  4: 43.35    |  5: 83.62    |  6: 26.14    |  7: 57.73    |  8: 49.25    |  9: 92.84    |  10: 89.52    |  11: 44.88    |  12: 67.07    |  13: 83.96    |  14: 94.84    |  15: 85.21    |  16: 95.81    |  17: 73.95    |  18: 76.73    |  19: 82.41   
[Batch: 1401/2400] mIoU: 47.49  |  FB-IoU: 86.35 |  0: 88.53    |  1: 87.24    |  2: 91.34    |  3: 90.86    |  4: 43.35    |  5: 83.62    |  6: 26.14    |  7: 57.73    |  8: 49.25    |  9: 92.84    |  10: 89.52    |  11: 44.88    |  12: 67.07    |  13: 83.96    |  14: 94.84    |  15: 85.21    |  16: 95.81    |  17: 73.95    |  18: 76.73    |  19: 82.41   
[Batch: 1402/2400] mIoU: 47.49  |  FB-IoU: 86.35 |  0: 88.53    |  1: 87.24    |  2: 91.34    |  3: 90.86    |  4: 43.35    |  5: 83.62    |  6: 26.14    |  7: 57.73    |  8: 49.25    |  9: 92.84    |  10: 89.52    |  11: 44.88    |  12: 67.07    |  13: 83.96    |  14: 94.84    |  15: 85.21    |  16: 95.81    |  17: 73.95    |  18: 76.73    |  19: 82.41   
[Batch: 1403/2400] mIoU: 47.48  |  FB-IoU: 86.36 |  0: 88.53    |  1: 87.24    |  2: 91.34    |  3: 90.86    |  4: 43.35    |  5: 83.62    |  6: 26.14    |  7: 57.73    |  8: 49.25    |  9: 92.84    |  10: 89.52    |  11: 44.88    |  12: 67.07    |  13: 83.96    |  14: 94.84    |  15: 85.21    |  16: 95.81    |  17: 73.95    |  18: 76.73    |  19: 82.41   
[Batch: 1404/2400] mIoU: 47.48  |  FB-IoU: 86.36 |  0: 88.53    |  1: 87.24    |  2: 91.34    |  3: 90.86    |  4: 43.35    |  5: 83.62    |  6: 26.14    |  7: 57.73    |  8: 49.25    |  9: 92.84    |  10: 89.52    |  11: 44.88    |  12: 67.07    |  13: 83.96    |  14: 94.84    |  15: 85.21    |  16: 95.81    |  17: 73.95    |  18: 76.73    |  19: 82.41   
[Batch: 1405/2400] mIoU: 47.47  |  FB-IoU: 86.36 |  0: 88.53    |  1: 87.24    |  2: 91.34    |  3: 90.86    |  4: 43.35    |  5: 83.62    |  6: 26.14    |  7: 57.73    |  8: 49.25    |  9: 92.84    |  10: 89.52    |  11: 44.88    |  12: 67.07    |  13: 83.96    |  14: 94.84    |  15: 85.21    |  16: 95.81    |  17: 73.95    |  18: 76.73    |  19: 82.41   
[Batch: 1406/2400] mIoU: 47.47  |  FB-IoU: 86.37 |  0: 88.53    |  1: 87.24    |  2: 91.34    |  3: 90.86    |  4: 43.35    |  5: 83.62    |  6: 26.14    |  7: 57.73    |  8: 49.25    |  9: 92.84    |  10: 89.52    |  11: 44.88    |  12: 67.07    |  13: 83.96    |  14: 94.84    |  15: 85.21    |  16: 95.81    |  17: 73.95    |  18: 76.73    |  19: 82.41   
[Batch: 1407/2400] mIoU: 47.47  |  FB-IoU: 86.37 |  0: 88.53    |  1: 87.24    |  2: 91.34    |  3: 90.86    |  4: 43.35    |  5: 83.62    |  6: 26.14    |  7: 57.73    |  8: 49.25    |  9: 92.84    |  10: 89.52    |  11: 44.88    |  12: 67.07    |  13: 83.96    |  14: 94.84    |  15: 85.21    |  16: 95.81    |  17: 73.95    |  18: 76.73    |  19: 82.41   
[Batch: 1408/2400] mIoU: 47.27  |  FB-IoU: 86.24 |  0: 88.53    |  1: 87.24    |  2: 91.34    |  3: 90.86    |  4: 43.35    |  5: 83.62    |  6: 26.14    |  7: 57.73    |  8: 49.25    |  9: 92.84    |  10: 89.52    |  11: 44.88    |  12: 67.07    |  13: 83.96    |  14: 94.84    |  15: 85.21    |  16: 95.81    |  17: 73.95    |  18: 76.73    |  19: 82.41   
[Batch: 1409/2400] mIoU: 47.27  |  FB-IoU: 86.24 |  0: 88.53    |  1: 87.24    |  2: 91.34    |  3: 90.86    |  4: 43.35    |  5: 83.62    |  6: 26.14    |  7: 57.73    |  8: 49.25    |  9: 92.84    |  10: 89.52    |  11: 44.88    |  12: 67.07    |  13: 83.96    |  14: 94.84    |  15: 85.21    |  16: 95.81    |  17: 73.95    |  18: 76.73    |  19: 82.41   
[Batch: 1410/2400] mIoU: 47.28  |  FB-IoU: 86.24 |  0: 88.53    |  1: 87.24    |  2: 91.34    |  3: 90.86    |  4: 43.35    |  5: 83.62    |  6: 26.14    |  7: 57.73    |  8: 49.25    |  9: 92.84    |  10: 89.52    |  11: 44.88    |  12: 67.07    |  13: 83.96    |  14: 94.84    |  15: 85.21    |  16: 95.81    |  17: 73.95    |  18: 76.73    |  19: 82.41   
[Batch: 1411/2400] mIoU: 47.64  |  FB-IoU: 86.25 |  0: 88.53    |  1: 87.24    |  2: 91.34    |  3: 90.86    |  4: 43.35    |  5: 83.62    |  6: 26.14    |  7: 57.73    |  8: 49.25    |  9: 92.84    |  10: 89.52    |  11: 44.88    |  12: 67.07    |  13: 83.96    |  14: 94.84    |  15: 85.21    |  16: 95.81    |  17: 73.95    |  18: 76.73    |  19: 82.41   
[Batch: 1412/2400] mIoU: 47.65  |  FB-IoU: 86.26 |  0: 88.53    |  1: 87.24    |  2: 91.34    |  3: 90.86    |  4: 43.35    |  5: 83.62    |  6: 26.14    |  7: 57.73    |  8: 49.25    |  9: 92.84    |  10: 89.52    |  11: 44.88    |  12: 67.07    |  13: 83.96    |  14: 94.84    |  15: 85.21    |  16: 95.81    |  17: 73.95    |  18: 76.73    |  19: 82.41   
[Batch: 1413/2400] mIoU: 47.65  |  FB-IoU: 86.26 |  0: 88.53    |  1: 87.24    |  2: 91.34    |  3: 90.86    |  4: 43.35    |  5: 83.62    |  6: 26.14    |  7: 57.73    |  8: 49.25    |  9: 92.84    |  10: 89.52    |  11: 44.88    |  12: 67.07    |  13: 83.96    |  14: 94.84    |  15: 85.21    |  16: 95.81    |  17: 73.95    |  18: 76.73    |  19: 82.41   
[Batch: 1414/2400] mIoU: 47.66  |  FB-IoU: 86.27 |  0: 88.53    |  1: 87.24    |  2: 91.34    |  3: 90.86    |  4: 43.35    |  5: 83.62    |  6: 26.14    |  7: 57.73    |  8: 49.25    |  9: 92.84    |  10: 89.52    |  11: 44.88    |  12: 67.07    |  13: 83.96    |  14: 94.84    |  15: 85.21    |  16: 95.81    |  17: 73.95    |  18: 76.73    |  19: 82.41   
[Batch: 1415/2400] mIoU: 47.65  |  FB-IoU: 86.27 |  0: 88.53    |  1: 87.24    |  2: 91.34    |  3: 90.86    |  4: 43.35    |  5: 83.62    |  6: 26.14    |  7: 57.73    |  8: 49.25    |  9: 92.84    |  10: 89.52    |  11: 44.88    |  12: 67.07    |  13: 83.96    |  14: 94.84    |  15: 85.21    |  16: 95.81    |  17: 73.95    |  18: 76.73    |  19: 82.41   
[Batch: 1416/2400] mIoU: 47.65  |  FB-IoU: 86.28 |  0: 88.53    |  1: 87.24    |  2: 91.34    |  3: 90.86    |  4: 43.35    |  5: 83.62    |  6: 26.14    |  7: 57.73    |  8: 49.25    |  9: 92.84    |  10: 89.52    |  11: 44.88    |  12: 67.07    |  13: 83.96    |  14: 94.84    |  15: 85.21    |  16: 95.81    |  17: 73.95    |  18: 76.73    |  19: 82.41   
[Batch: 1417/2400] mIoU: 47.65  |  FB-IoU: 86.28 |  0: 88.53    |  1: 87.24    |  2: 91.34    |  3: 90.86    |  4: 43.35    |  5: 83.62    |  6: 26.14    |  7: 57.73    |  8: 49.25    |  9: 92.84    |  10: 89.52    |  11: 44.88    |  12: 67.07    |  13: 83.96    |  14: 94.84    |  15: 85.21    |  16: 95.81    |  17: 73.95    |  18: 76.73    |  19: 82.41   
[Batch: 1418/2400] mIoU: 47.66  |  FB-IoU: 86.29 |  0: 88.53    |  1: 87.24    |  2: 91.34    |  3: 90.86    |  4: 43.35    |  5: 83.62    |  6: 26.14    |  7: 57.73    |  8: 49.25    |  9: 92.84    |  10: 89.52    |  11: 44.88    |  12: 67.07    |  13: 83.96    |  14: 94.84    |  15: 85.21    |  16: 95.81    |  17: 73.95    |  18: 76.73    |  19: 82.41   
[Batch: 1419/2400] mIoU: 47.66  |  FB-IoU: 86.30 |  0: 88.53    |  1: 87.24    |  2: 91.34    |  3: 90.86    |  4: 43.35    |  5: 83.62    |  6: 26.14    |  7: 57.73    |  8: 49.25    |  9: 92.84    |  10: 89.52    |  11: 44.88    |  12: 67.07    |  13: 83.96    |  14: 94.84    |  15: 85.21    |  16: 95.81    |  17: 73.95    |  18: 76.73    |  19: 82.41   
[Batch: 1420/2400] mIoU: 47.66  |  FB-IoU: 86.30 |  0: 88.53    |  1: 87.24    |  2: 91.34    |  3: 90.86    |  4: 43.35    |  5: 83.62    |  6: 26.14    |  7: 57.73    |  8: 49.25    |  9: 92.84    |  10: 89.52    |  11: 44.88    |  12: 67.07    |  13: 83.96    |  14: 94.84    |  15: 85.21    |  16: 95.81    |  17: 73.95    |  18: 76.73    |  19: 82.41   
[Batch: 1421/2400] mIoU: 48.05  |  FB-IoU: 86.31 |  0: 88.53    |  1: 87.24    |  2: 91.34    |  3: 90.86    |  4: 43.35    |  5: 83.62    |  6: 26.14    |  7: 57.73    |  8: 49.25    |  9: 92.84    |  10: 89.52    |  11: 44.88    |  12: 67.07    |  13: 83.96    |  14: 94.84    |  15: 85.21    |  16: 95.81    |  17: 73.95    |  18: 76.73    |  19: 82.41   
[Batch: 1422/2400] mIoU: 48.05  |  FB-IoU: 86.32 |  0: 88.53    |  1: 87.24    |  2: 91.34    |  3: 90.86    |  4: 43.35    |  5: 83.62    |  6: 26.14    |  7: 57.73    |  8: 49.25    |  9: 92.84    |  10: 89.52    |  11: 44.88    |  12: 67.07    |  13: 83.96    |  14: 94.84    |  15: 85.21    |  16: 95.81    |  17: 73.95    |  18: 76.73    |  19: 82.41   
[Batch: 1423/2400] mIoU: 48.05  |  FB-IoU: 86.33 |  0: 88.53    |  1: 87.24    |  2: 91.34    |  3: 90.86    |  4: 43.35    |  5: 83.62    |  6: 26.14    |  7: 57.73    |  8: 49.25    |  9: 92.84    |  10: 89.52    |  11: 44.88    |  12: 67.07    |  13: 83.96    |  14: 94.84    |  15: 85.21    |  16: 95.81    |  17: 73.95    |  18: 76.73    |  19: 82.41   
[Batch: 1424/2400] mIoU: 48.03  |  FB-IoU: 86.32 |  0: 88.53    |  1: 87.24    |  2: 91.34    |  3: 90.86    |  4: 43.35    |  5: 83.62    |  6: 26.14    |  7: 57.73    |  8: 49.25    |  9: 92.84    |  10: 89.52    |  11: 44.88    |  12: 67.07    |  13: 83.96    |  14: 94.84    |  15: 85.21    |  16: 95.81    |  17: 73.95    |  18: 76.73    |  19: 82.41   
[Batch: 1425/2400] mIoU: 48.04  |  FB-IoU: 86.33 |  0: 88.53    |  1: 87.24    |  2: 91.34    |  3: 90.86    |  4: 43.35    |  5: 83.62    |  6: 26.14    |  7: 57.73    |  8: 49.25    |  9: 92.84    |  10: 89.52    |  11: 44.88    |  12: 67.07    |  13: 83.96    |  14: 94.84    |  15: 85.21    |  16: 95.81    |  17: 73.95    |  18: 76.73    |  19: 82.41   
[Batch: 1426/2400] mIoU: 48.04  |  FB-IoU: 86.34 |  0: 88.53    |  1: 87.24    |  2: 91.34    |  3: 90.86    |  4: 43.35    |  5: 83.62    |  6: 26.14    |  7: 57.73    |  8: 49.25    |  9: 92.84    |  10: 89.52    |  11: 44.88    |  12: 67.07    |  13: 83.96    |  14: 94.84    |  15: 85.21    |  16: 95.81    |  17: 73.95    |  18: 76.73    |  19: 82.41   
[Batch: 1427/2400] mIoU: 48.04  |  FB-IoU: 86.35 |  0: 88.53    |  1: 87.24    |  2: 91.34    |  3: 90.86    |  4: 43.35    |  5: 83.62    |  6: 26.14    |  7: 57.73    |  8: 49.25    |  9: 92.84    |  10: 89.52    |  11: 44.88    |  12: 67.07    |  13: 83.96    |  14: 94.84    |  15: 85.21    |  16: 95.81    |  17: 73.95    |  18: 76.73    |  19: 82.41   
[Batch: 1428/2400] mIoU: 48.04  |  FB-IoU: 86.36 |  0: 88.53    |  1: 87.24    |  2: 91.34    |  3: 90.86    |  4: 43.35    |  5: 83.62    |  6: 26.14    |  7: 57.73    |  8: 49.25    |  9: 92.84    |  10: 89.52    |  11: 44.88    |  12: 67.07    |  13: 83.96    |  14: 94.84    |  15: 85.21    |  16: 95.81    |  17: 73.95    |  18: 76.73    |  19: 82.41   
[Batch: 1429/2400] mIoU: 48.03  |  FB-IoU: 86.34 |  0: 88.53    |  1: 87.24    |  2: 91.34    |  3: 90.86    |  4: 43.35    |  5: 83.62    |  6: 26.14    |  7: 57.73    |  8: 49.25    |  9: 92.84    |  10: 89.52    |  11: 44.88    |  12: 67.07    |  13: 83.96    |  14: 94.84    |  15: 85.21    |  16: 95.81    |  17: 73.95    |  18: 76.73    |  19: 82.41   
[Batch: 1430/2400] mIoU: 48.02  |  FB-IoU: 86.33 |  0: 88.53    |  1: 87.24    |  2: 91.34    |  3: 90.86    |  4: 43.35    |  5: 83.62    |  6: 26.14    |  7: 57.73    |  8: 49.25    |  9: 92.84    |  10: 89.52    |  11: 44.88    |  12: 67.07    |  13: 83.96    |  14: 94.84    |  15: 85.21    |  16: 95.81    |  17: 73.95    |  18: 76.73    |  19: 82.41   
[Batch: 1431/2400] mIoU: 48.43  |  FB-IoU: 86.34 |  0: 88.53    |  1: 87.24    |  2: 91.34    |  3: 90.86    |  4: 43.35    |  5: 83.62    |  6: 26.14    |  7: 57.73    |  8: 49.25    |  9: 92.84    |  10: 89.52    |  11: 44.88    |  12: 67.07    |  13: 83.96    |  14: 94.84    |  15: 85.21    |  16: 95.81    |  17: 73.95    |  18: 76.73    |  19: 82.41   
[Batch: 1432/2400] mIoU: 48.42  |  FB-IoU: 86.35 |  0: 88.53    |  1: 87.24    |  2: 91.34    |  3: 90.86    |  4: 43.35    |  5: 83.62    |  6: 26.14    |  7: 57.73    |  8: 49.25    |  9: 92.84    |  10: 89.52    |  11: 44.88    |  12: 67.07    |  13: 83.96    |  14: 94.84    |  15: 85.21    |  16: 95.81    |  17: 73.95    |  18: 76.73    |  19: 82.41   
[Batch: 1433/2400] mIoU: 48.42  |  FB-IoU: 86.37 |  0: 88.53    |  1: 87.24    |  2: 91.34    |  3: 90.86    |  4: 43.35    |  5: 83.62    |  6: 26.14    |  7: 57.73    |  8: 49.25    |  9: 92.84    |  10: 89.52    |  11: 44.88    |  12: 67.07    |  13: 83.96    |  14: 94.84    |  15: 85.21    |  16: 95.81    |  17: 73.95    |  18: 76.73    |  19: 82.41   
[Batch: 1434/2400] mIoU: 48.42  |  FB-IoU: 86.38 |  0: 88.53    |  1: 87.24    |  2: 91.34    |  3: 90.86    |  4: 43.35    |  5: 83.62    |  6: 26.14    |  7: 57.73    |  8: 49.25    |  9: 92.84    |  10: 89.52    |  11: 44.88    |  12: 67.07    |  13: 83.96    |  14: 94.84    |  15: 85.21    |  16: 95.81    |  17: 73.95    |  18: 76.73    |  19: 82.41   
[Batch: 1435/2400] mIoU: 48.42  |  FB-IoU: 86.39 |  0: 88.53    |  1: 87.24    |  2: 91.34    |  3: 90.86    |  4: 43.35    |  5: 83.62    |  6: 26.14    |  7: 57.73    |  8: 49.25    |  9: 92.84    |  10: 89.52    |  11: 44.88    |  12: 67.07    |  13: 83.96    |  14: 94.84    |  15: 85.21    |  16: 95.81    |  17: 73.95    |  18: 76.73    |  19: 82.41   
[Batch: 1436/2400] mIoU: 48.42  |  FB-IoU: 86.41 |  0: 88.53    |  1: 87.24    |  2: 91.34    |  3: 90.86    |  4: 43.35    |  5: 83.62    |  6: 26.14    |  7: 57.73    |  8: 49.25    |  9: 92.84    |  10: 89.52    |  11: 44.88    |  12: 67.07    |  13: 83.96    |  14: 94.84    |  15: 85.21    |  16: 95.81    |  17: 73.95    |  18: 76.73    |  19: 82.41   
[Batch: 1437/2400] mIoU: 48.42  |  FB-IoU: 86.42 |  0: 88.53    |  1: 87.24    |  2: 91.34    |  3: 90.86    |  4: 43.35    |  5: 83.62    |  6: 26.14    |  7: 57.73    |  8: 49.25    |  9: 92.84    |  10: 89.52    |  11: 44.88    |  12: 67.07    |  13: 83.96    |  14: 94.84    |  15: 85.21    |  16: 95.81    |  17: 73.95    |  18: 76.73    |  19: 82.41   
[Batch: 1438/2400] mIoU: 48.42  |  FB-IoU: 86.43 |  0: 88.53    |  1: 87.24    |  2: 91.34    |  3: 90.86    |  4: 43.35    |  5: 83.62    |  6: 26.14    |  7: 57.73    |  8: 49.25    |  9: 92.84    |  10: 89.52    |  11: 44.88    |  12: 67.07    |  13: 83.96    |  14: 94.84    |  15: 85.21    |  16: 95.81    |  17: 73.95    |  18: 76.73    |  19: 82.41   
[Batch: 1439/2400] mIoU: 48.42  |  FB-IoU: 86.44 |  0: 88.53    |  1: 87.24    |  2: 91.34    |  3: 90.86    |  4: 43.35    |  5: 83.62    |  6: 26.14    |  7: 57.73    |  8: 49.25    |  9: 92.84    |  10: 89.52    |  11: 44.88    |  12: 67.07    |  13: 83.96    |  14: 94.84    |  15: 85.21    |  16: 95.81    |  17: 73.95    |  18: 76.73    |  19: 82.41   
[Batch: 1440/2400] mIoU: 48.42  |  FB-IoU: 86.46 |  0: 88.53    |  1: 87.24    |  2: 91.34    |  3: 90.86    |  4: 43.35    |  5: 83.62    |  6: 26.14    |  7: 57.73    |  8: 49.25    |  9: 92.84    |  10: 89.52    |  11: 44.88    |  12: 67.07    |  13: 83.96    |  14: 94.84    |  15: 85.21    |  16: 95.81    |  17: 73.95    |  18: 76.73    |  19: 82.41   
[Batch: 1441/2400] mIoU: 48.84  |  FB-IoU: 86.48 |  0: 88.53    |  1: 87.24    |  2: 91.34    |  3: 90.86    |  4: 43.35    |  5: 83.62    |  6: 26.14    |  7: 57.73    |  8: 49.25    |  9: 92.84    |  10: 89.52    |  11: 44.88    |  12: 67.07    |  13: 83.96    |  14: 94.84    |  15: 85.21    |  16: 95.81    |  17: 73.95    |  18: 76.73    |  19: 82.41   
[Batch: 1442/2400] mIoU: 48.84  |  FB-IoU: 86.49 |  0: 88.53    |  1: 87.24    |  2: 91.34    |  3: 90.86    |  4: 43.35    |  5: 83.62    |  6: 26.14    |  7: 57.73    |  8: 49.25    |  9: 92.84    |  10: 89.52    |  11: 44.88    |  12: 67.07    |  13: 83.96    |  14: 94.84    |  15: 85.21    |  16: 95.81    |  17: 73.95    |  18: 76.73    |  19: 82.41   
[Batch: 1443/2400] mIoU: 48.83  |  FB-IoU: 86.51 |  0: 88.53    |  1: 87.24    |  2: 91.34    |  3: 90.86    |  4: 43.35    |  5: 83.62    |  6: 26.14    |  7: 57.73    |  8: 49.25    |  9: 92.84    |  10: 89.52    |  11: 44.88    |  12: 67.07    |  13: 83.96    |  14: 94.84    |  15: 85.21    |  16: 95.81    |  17: 73.95    |  18: 76.73    |  19: 82.41   
[Batch: 1444/2400] mIoU: 48.83  |  FB-IoU: 86.51 |  0: 88.53    |  1: 87.24    |  2: 91.34    |  3: 90.86    |  4: 43.35    |  5: 83.62    |  6: 26.14    |  7: 57.73    |  8: 49.25    |  9: 92.84    |  10: 89.52    |  11: 44.88    |  12: 67.07    |  13: 83.96    |  14: 94.84    |  15: 85.21    |  16: 95.81    |  17: 73.95    |  18: 76.73    |  19: 82.41   
[Batch: 1445/2400] mIoU: 48.83  |  FB-IoU: 86.52 |  0: 88.53    |  1: 87.24    |  2: 91.34    |  3: 90.86    |  4: 43.35    |  5: 83.62    |  6: 26.14    |  7: 57.73    |  8: 49.25    |  9: 92.84    |  10: 89.52    |  11: 44.88    |  12: 67.07    |  13: 83.96    |  14: 94.84    |  15: 85.21    |  16: 95.81    |  17: 73.95    |  18: 76.73    |  19: 82.41   
[Batch: 1446/2400] mIoU: 48.83  |  FB-IoU: 86.53 |  0: 88.53    |  1: 87.24    |  2: 91.34    |  3: 90.86    |  4: 43.35    |  5: 83.62    |  6: 26.14    |  7: 57.73    |  8: 49.25    |  9: 92.84    |  10: 89.52    |  11: 44.88    |  12: 67.07    |  13: 83.96    |  14: 94.84    |  15: 85.21    |  16: 95.81    |  17: 73.95    |  18: 76.73    |  19: 82.41   
[Batch: 1447/2400] mIoU: 48.82  |  FB-IoU: 86.53 |  0: 88.53    |  1: 87.24    |  2: 91.34    |  3: 90.86    |  4: 43.35    |  5: 83.62    |  6: 26.14    |  7: 57.73    |  8: 49.25    |  9: 92.84    |  10: 89.52    |  11: 44.88    |  12: 67.07    |  13: 83.96    |  14: 94.84    |  15: 85.21    |  16: 95.81    |  17: 73.95    |  18: 76.73    |  19: 82.41   
[Batch: 1448/2400] mIoU: 48.82  |  FB-IoU: 86.54 |  0: 88.53    |  1: 87.24    |  2: 91.34    |  3: 90.86    |  4: 43.35    |  5: 83.62    |  6: 26.14    |  7: 57.73    |  8: 49.25    |  9: 92.84    |  10: 89.52    |  11: 44.88    |  12: 67.07    |  13: 83.96    |  14: 94.84    |  15: 85.21    |  16: 95.81    |  17: 73.95    |  18: 76.73    |  19: 82.41   
[Batch: 1449/2400] mIoU: 48.82  |  FB-IoU: 86.55 |  0: 88.53    |  1: 87.24    |  2: 91.34    |  3: 90.86    |  4: 43.35    |  5: 83.62    |  6: 26.14    |  7: 57.73    |  8: 49.25    |  9: 92.84    |  10: 89.52    |  11: 44.88    |  12: 67.07    |  13: 83.96    |  14: 94.84    |  15: 85.21    |  16: 95.81    |  17: 73.95    |  18: 76.73    |  19: 82.41   
[Batch: 1450/2400] mIoU: 48.82  |  FB-IoU: 86.56 |  0: 88.53    |  1: 87.24    |  2: 91.34    |  3: 90.86    |  4: 43.35    |  5: 83.62    |  6: 26.14    |  7: 57.73    |  8: 49.25    |  9: 92.84    |  10: 89.52    |  11: 44.88    |  12: 67.07    |  13: 83.96    |  14: 94.84    |  15: 85.21    |  16: 95.81    |  17: 73.95    |  18: 76.73    |  19: 82.41   
[Batch: 1451/2400] mIoU: 49.24  |  FB-IoU: 86.58 |  0: 88.53    |  1: 87.24    |  2: 91.34    |  3: 90.86    |  4: 43.35    |  5: 83.62    |  6: 26.14    |  7: 57.73    |  8: 49.25    |  9: 92.84    |  10: 89.52    |  11: 44.88    |  12: 67.07    |  13: 83.96    |  14: 94.84    |  15: 85.21    |  16: 95.81    |  17: 73.95    |  18: 76.73    |  19: 82.41   
[Batch: 1452/2400] mIoU: 49.24  |  FB-IoU: 86.58 |  0: 88.53    |  1: 87.24    |  2: 91.34    |  3: 90.86    |  4: 43.35    |  5: 83.62    |  6: 26.14    |  7: 57.73    |  8: 49.25    |  9: 92.84    |  10: 89.52    |  11: 44.88    |  12: 67.07    |  13: 83.96    |  14: 94.84    |  15: 85.21    |  16: 95.81    |  17: 73.95    |  18: 76.73    |  19: 82.41   
[Batch: 1453/2400] mIoU: 49.23  |  FB-IoU: 86.59 |  0: 88.53    |  1: 87.24    |  2: 91.34    |  3: 90.86    |  4: 43.35    |  5: 83.62    |  6: 26.14    |  7: 57.73    |  8: 49.25    |  9: 92.84    |  10: 89.52    |  11: 44.88    |  12: 67.07    |  13: 83.96    |  14: 94.84    |  15: 85.21    |  16: 95.81    |  17: 73.95    |  18: 76.73    |  19: 82.41   
[Batch: 1454/2400] mIoU: 49.20  |  FB-IoU: 86.58 |  0: 88.53    |  1: 87.24    |  2: 91.34    |  3: 90.86    |  4: 43.35    |  5: 83.62    |  6: 26.14    |  7: 57.73    |  8: 49.25    |  9: 92.84    |  10: 89.52    |  11: 44.88    |  12: 67.07    |  13: 83.96    |  14: 94.84    |  15: 85.21    |  16: 95.81    |  17: 73.95    |  18: 76.73    |  19: 82.41   
[Batch: 1455/2400] mIoU: 49.21  |  FB-IoU: 86.59 |  0: 88.53    |  1: 87.24    |  2: 91.34    |  3: 90.86    |  4: 43.35    |  5: 83.62    |  6: 26.14    |  7: 57.73    |  8: 49.25    |  9: 92.84    |  10: 89.52    |  11: 44.88    |  12: 67.07    |  13: 83.96    |  14: 94.84    |  15: 85.21    |  16: 95.81    |  17: 73.95    |  18: 76.73    |  19: 82.41   
[Batch: 1456/2400] mIoU: 49.21  |  FB-IoU: 86.60 |  0: 88.53    |  1: 87.24    |  2: 91.34    |  3: 90.86    |  4: 43.35    |  5: 83.62    |  6: 26.14    |  7: 57.73    |  8: 49.25    |  9: 92.84    |  10: 89.52    |  11: 44.88    |  12: 67.07    |  13: 83.96    |  14: 94.84    |  15: 85.21    |  16: 95.81    |  17: 73.95    |  18: 76.73    |  19: 82.41   
[Batch: 1457/2400] mIoU: 49.13  |  FB-IoU: 86.53 |  0: 88.53    |  1: 87.24    |  2: 91.34    |  3: 90.86    |  4: 43.35    |  5: 83.62    |  6: 26.14    |  7: 57.73    |  8: 49.25    |  9: 92.84    |  10: 89.52    |  11: 44.88    |  12: 67.07    |  13: 83.96    |  14: 94.84    |  15: 85.21    |  16: 95.81    |  17: 73.95    |  18: 76.73    |  19: 82.41   
[Batch: 1458/2400] mIoU: 49.15  |  FB-IoU: 86.54 |  0: 88.53    |  1: 87.24    |  2: 91.34    |  3: 90.86    |  4: 43.35    |  5: 83.62    |  6: 26.14    |  7: 57.73    |  8: 49.25    |  9: 92.84    |  10: 89.52    |  11: 44.88    |  12: 67.07    |  13: 83.96    |  14: 94.84    |  15: 85.21    |  16: 95.81    |  17: 73.95    |  18: 76.73    |  19: 82.41   
[Batch: 1459/2400] mIoU: 49.15  |  FB-IoU: 86.54 |  0: 88.53    |  1: 87.24    |  2: 91.34    |  3: 90.86    |  4: 43.35    |  5: 83.62    |  6: 26.14    |  7: 57.73    |  8: 49.25    |  9: 92.84    |  10: 89.52    |  11: 44.88    |  12: 67.07    |  13: 83.96    |  14: 94.84    |  15: 85.21    |  16: 95.81    |  17: 73.95    |  18: 76.73    |  19: 82.41   
[Batch: 1460/2400] mIoU: 49.16  |  FB-IoU: 86.56 |  0: 88.53    |  1: 87.24    |  2: 91.34    |  3: 90.86    |  4: 43.35    |  5: 83.62    |  6: 26.14    |  7: 57.73    |  8: 49.25    |  9: 92.84    |  10: 89.52    |  11: 44.88    |  12: 67.07    |  13: 83.96    |  14: 94.84    |  15: 85.21    |  16: 95.81    |  17: 73.95    |  18: 76.73    |  19: 82.41   
[Batch: 1461/2400] mIoU: 49.23  |  FB-IoU: 86.44 |  0: 88.53    |  1: 87.24    |  2: 91.34    |  3: 90.86    |  4: 43.35    |  5: 83.62    |  6: 26.14    |  7: 57.73    |  8: 49.25    |  9: 92.84    |  10: 89.52    |  11: 44.88    |  12: 67.07    |  13: 83.96    |  14: 94.84    |  15: 85.21    |  16: 95.81    |  17: 73.95    |  18: 76.73    |  19: 82.41   
[Batch: 1462/2400] mIoU: 49.31  |  FB-IoU: 86.45 |  0: 88.53    |  1: 87.24    |  2: 91.34    |  3: 90.86    |  4: 43.35    |  5: 83.62    |  6: 26.14    |  7: 57.73    |  8: 49.25    |  9: 92.84    |  10: 89.52    |  11: 44.88    |  12: 67.07    |  13: 83.96    |  14: 94.84    |  15: 85.21    |  16: 95.81    |  17: 73.95    |  18: 76.73    |  19: 82.41   
[Batch: 1463/2400] mIoU: 49.38  |  FB-IoU: 86.46 |  0: 88.53    |  1: 87.24    |  2: 91.34    |  3: 90.86    |  4: 43.35    |  5: 83.62    |  6: 26.14    |  7: 57.73    |  8: 49.25    |  9: 92.84    |  10: 89.52    |  11: 44.88    |  12: 67.07    |  13: 83.96    |  14: 94.84    |  15: 85.21    |  16: 95.81    |  17: 73.95    |  18: 76.73    |  19: 82.41   
[Batch: 1464/2400] mIoU: 49.42  |  FB-IoU: 86.48 |  0: 88.53    |  1: 87.24    |  2: 91.34    |  3: 90.86    |  4: 43.35    |  5: 83.62    |  6: 26.14    |  7: 57.73    |  8: 49.25    |  9: 92.84    |  10: 89.52    |  11: 44.88    |  12: 67.07    |  13: 83.96    |  14: 94.84    |  15: 85.21    |  16: 95.81    |  17: 73.95    |  18: 76.73    |  19: 82.41   
[Batch: 1465/2400] mIoU: 49.40  |  FB-IoU: 86.45 |  0: 88.53    |  1: 87.24    |  2: 91.34    |  3: 90.86    |  4: 43.35    |  5: 83.62    |  6: 26.14    |  7: 57.73    |  8: 49.25    |  9: 92.84    |  10: 89.52    |  11: 44.88    |  12: 67.07    |  13: 83.96    |  14: 94.84    |  15: 85.21    |  16: 95.81    |  17: 73.95    |  18: 76.73    |  19: 82.41   
[Batch: 1466/2400] mIoU: 49.42  |  FB-IoU: 86.46 |  0: 88.53    |  1: 87.24    |  2: 91.34    |  3: 90.86    |  4: 43.35    |  5: 83.62    |  6: 26.14    |  7: 57.73    |  8: 49.25    |  9: 92.84    |  10: 89.52    |  11: 44.88    |  12: 67.07    |  13: 83.96    |  14: 94.84    |  15: 85.21    |  16: 95.81    |  17: 73.95    |  18: 76.73    |  19: 82.41   
[Batch: 1467/2400] mIoU: 49.42  |  FB-IoU: 86.45 |  0: 88.53    |  1: 87.24    |  2: 91.34    |  3: 90.86    |  4: 43.35    |  5: 83.62    |  6: 26.14    |  7: 57.73    |  8: 49.25    |  9: 92.84    |  10: 89.52    |  11: 44.88    |  12: 67.07    |  13: 83.96    |  14: 94.84    |  15: 85.21    |  16: 95.81    |  17: 73.95    |  18: 76.73    |  19: 82.41   
[Batch: 1468/2400] mIoU: 49.44  |  FB-IoU: 86.46 |  0: 88.53    |  1: 87.24    |  2: 91.34    |  3: 90.86    |  4: 43.35    |  5: 83.62    |  6: 26.14    |  7: 57.73    |  8: 49.25    |  9: 92.84    |  10: 89.52    |  11: 44.88    |  12: 67.07    |  13: 83.96    |  14: 94.84    |  15: 85.21    |  16: 95.81    |  17: 73.95    |  18: 76.73    |  19: 82.41   
[Batch: 1469/2400] mIoU: 49.45  |  FB-IoU: 86.47 |  0: 88.53    |  1: 87.24    |  2: 91.34    |  3: 90.86    |  4: 43.35    |  5: 83.62    |  6: 26.14    |  7: 57.73    |  8: 49.25    |  9: 92.84    |  10: 89.52    |  11: 44.88    |  12: 67.07    |  13: 83.96    |  14: 94.84    |  15: 85.21    |  16: 95.81    |  17: 73.95    |  18: 76.73    |  19: 82.41   
[Batch: 1470/2400] mIoU: 49.45  |  FB-IoU: 86.46 |  0: 88.53    |  1: 87.24    |  2: 91.34    |  3: 90.86    |  4: 43.35    |  5: 83.62    |  6: 26.14    |  7: 57.73    |  8: 49.25    |  9: 92.84    |  10: 89.52    |  11: 44.88    |  12: 67.07    |  13: 83.96    |  14: 94.84    |  15: 85.21    |  16: 95.81    |  17: 73.95    |  18: 76.73    |  19: 82.41   
[Batch: 1471/2400] mIoU: 49.85  |  FB-IoU: 86.47 |  0: 88.53    |  1: 87.24    |  2: 91.34    |  3: 90.86    |  4: 43.35    |  5: 83.62    |  6: 26.14    |  7: 57.73    |  8: 49.25    |  9: 92.84    |  10: 89.52    |  11: 44.88    |  12: 67.07    |  13: 83.96    |  14: 94.84    |  15: 85.21    |  16: 95.81    |  17: 73.95    |  18: 76.73    |  19: 82.41   
[Batch: 1472/2400] mIoU: 49.60  |  FB-IoU: 86.40 |  0: 88.53    |  1: 87.24    |  2: 91.34    |  3: 90.86    |  4: 43.35    |  5: 83.62    |  6: 26.14    |  7: 57.73    |  8: 49.25    |  9: 92.84    |  10: 89.52    |  11: 44.88    |  12: 67.07    |  13: 83.96    |  14: 94.84    |  15: 85.21    |  16: 95.81    |  17: 73.95    |  18: 76.73    |  19: 82.41   
[Batch: 1473/2400] mIoU: 49.70  |  FB-IoU: 86.41 |  0: 88.53    |  1: 87.24    |  2: 91.34    |  3: 90.86    |  4: 43.35    |  5: 83.62    |  6: 26.14    |  7: 57.73    |  8: 49.25    |  9: 92.84    |  10: 89.52    |  11: 44.88    |  12: 67.07    |  13: 83.96    |  14: 94.84    |  15: 85.21    |  16: 95.81    |  17: 73.95    |  18: 76.73    |  19: 82.41   
[Batch: 1474/2400] mIoU: 49.73  |  FB-IoU: 86.42 |  0: 88.53    |  1: 87.24    |  2: 91.34    |  3: 90.86    |  4: 43.35    |  5: 83.62    |  6: 26.14    |  7: 57.73    |  8: 49.25    |  9: 92.84    |  10: 89.52    |  11: 44.88    |  12: 67.07    |  13: 83.96    |  14: 94.84    |  15: 85.21    |  16: 95.81    |  17: 73.95    |  18: 76.73    |  19: 82.41   
[Batch: 1475/2400] mIoU: 49.76  |  FB-IoU: 86.43 |  0: 88.53    |  1: 87.24    |  2: 91.34    |  3: 90.86    |  4: 43.35    |  5: 83.62    |  6: 26.14    |  7: 57.73    |  8: 49.25    |  9: 92.84    |  10: 89.52    |  11: 44.88    |  12: 67.07    |  13: 83.96    |  14: 94.84    |  15: 85.21    |  16: 95.81    |  17: 73.95    |  18: 76.73    |  19: 82.41   
[Batch: 1476/2400] mIoU: 49.77  |  FB-IoU: 86.44 |  0: 88.53    |  1: 87.24    |  2: 91.34    |  3: 90.86    |  4: 43.35    |  5: 83.62    |  6: 26.14    |  7: 57.73    |  8: 49.25    |  9: 92.84    |  10: 89.52    |  11: 44.88    |  12: 67.07    |  13: 83.96    |  14: 94.84    |  15: 85.21    |  16: 95.81    |  17: 73.95    |  18: 76.73    |  19: 82.41   
[Batch: 1477/2400] mIoU: 49.78  |  FB-IoU: 86.45 |  0: 88.53    |  1: 87.24    |  2: 91.34    |  3: 90.86    |  4: 43.35    |  5: 83.62    |  6: 26.14    |  7: 57.73    |  8: 49.25    |  9: 92.84    |  10: 89.52    |  11: 44.88    |  12: 67.07    |  13: 83.96    |  14: 94.84    |  15: 85.21    |  16: 95.81    |  17: 73.95    |  18: 76.73    |  19: 82.41   
[Batch: 1478/2400] mIoU: 49.78  |  FB-IoU: 86.46 |  0: 88.53    |  1: 87.24    |  2: 91.34    |  3: 90.86    |  4: 43.35    |  5: 83.62    |  6: 26.14    |  7: 57.73    |  8: 49.25    |  9: 92.84    |  10: 89.52    |  11: 44.88    |  12: 67.07    |  13: 83.96    |  14: 94.84    |  15: 85.21    |  16: 95.81    |  17: 73.95    |  18: 76.73    |  19: 82.41   
[Batch: 1479/2400] mIoU: 49.79  |  FB-IoU: 86.46 |  0: 88.53    |  1: 87.24    |  2: 91.34    |  3: 90.86    |  4: 43.35    |  5: 83.62    |  6: 26.14    |  7: 57.73    |  8: 49.25    |  9: 92.84    |  10: 89.52    |  11: 44.88    |  12: 67.07    |  13: 83.96    |  14: 94.84    |  15: 85.21    |  16: 95.81    |  17: 73.95    |  18: 76.73    |  19: 82.41   
[Batch: 1480/2400] mIoU: 49.79  |  FB-IoU: 86.47 |  0: 88.53    |  1: 87.24    |  2: 91.34    |  3: 90.86    |  4: 43.35    |  5: 83.62    |  6: 26.14    |  7: 57.73    |  8: 49.25    |  9: 92.84    |  10: 89.52    |  11: 44.88    |  12: 67.07    |  13: 83.96    |  14: 94.84    |  15: 85.21    |  16: 95.81    |  17: 73.95    |  18: 76.73    |  19: 82.41   
[Batch: 1481/2400] mIoU: 50.20  |  FB-IoU: 86.48 |  0: 88.53    |  1: 87.24    |  2: 91.34    |  3: 90.86    |  4: 43.35    |  5: 83.62    |  6: 26.14    |  7: 57.73    |  8: 49.25    |  9: 92.84    |  10: 89.52    |  11: 44.88    |  12: 67.07    |  13: 83.96    |  14: 94.84    |  15: 85.21    |  16: 95.81    |  17: 73.95    |  18: 76.73    |  19: 82.41   
[Batch: 1482/2400] mIoU: 50.20  |  FB-IoU: 86.49 |  0: 88.53    |  1: 87.24    |  2: 91.34    |  3: 90.86    |  4: 43.35    |  5: 83.62    |  6: 26.14    |  7: 57.73    |  8: 49.25    |  9: 92.84    |  10: 89.52    |  11: 44.88    |  12: 67.07    |  13: 83.96    |  14: 94.84    |  15: 85.21    |  16: 95.81    |  17: 73.95    |  18: 76.73    |  19: 82.41   
[Batch: 1483/2400] mIoU: 50.20  |  FB-IoU: 86.50 |  0: 88.53    |  1: 87.24    |  2: 91.34    |  3: 90.86    |  4: 43.35    |  5: 83.62    |  6: 26.14    |  7: 57.73    |  8: 49.25    |  9: 92.84    |  10: 89.52    |  11: 44.88    |  12: 67.07    |  13: 83.96    |  14: 94.84    |  15: 85.21    |  16: 95.81    |  17: 73.95    |  18: 76.73    |  19: 82.41   
[Batch: 1484/2400] mIoU: 50.20  |  FB-IoU: 86.50 |  0: 88.53    |  1: 87.24    |  2: 91.34    |  3: 90.86    |  4: 43.35    |  5: 83.62    |  6: 26.14    |  7: 57.73    |  8: 49.25    |  9: 92.84    |  10: 89.52    |  11: 44.88    |  12: 67.07    |  13: 83.96    |  14: 94.84    |  15: 85.21    |  16: 95.81    |  17: 73.95    |  18: 76.73    |  19: 82.41   
[Batch: 1485/2400] mIoU: 50.20  |  FB-IoU: 86.51 |  0: 88.53    |  1: 87.24    |  2: 91.34    |  3: 90.86    |  4: 43.35    |  5: 83.62    |  6: 26.14    |  7: 57.73    |  8: 49.25    |  9: 92.84    |  10: 89.52    |  11: 44.88    |  12: 67.07    |  13: 83.96    |  14: 94.84    |  15: 85.21    |  16: 95.81    |  17: 73.95    |  18: 76.73    |  19: 82.41   
[Batch: 1486/2400] mIoU: 50.19  |  FB-IoU: 86.51 |  0: 88.53    |  1: 87.24    |  2: 91.34    |  3: 90.86    |  4: 43.35    |  5: 83.62    |  6: 26.14    |  7: 57.73    |  8: 49.25    |  9: 92.84    |  10: 89.52    |  11: 44.88    |  12: 67.07    |  13: 83.96    |  14: 94.84    |  15: 85.21    |  16: 95.81    |  17: 73.95    |  18: 76.73    |  19: 82.41   
[Batch: 1487/2400] mIoU: 50.17  |  FB-IoU: 86.50 |  0: 88.53    |  1: 87.24    |  2: 91.34    |  3: 90.86    |  4: 43.35    |  5: 83.62    |  6: 26.14    |  7: 57.73    |  8: 49.25    |  9: 92.84    |  10: 89.52    |  11: 44.88    |  12: 67.07    |  13: 83.96    |  14: 94.84    |  15: 85.21    |  16: 95.81    |  17: 73.95    |  18: 76.73    |  19: 82.41   
[Batch: 1488/2400] mIoU: 50.17  |  FB-IoU: 86.51 |  0: 88.53    |  1: 87.24    |  2: 91.34    |  3: 90.86    |  4: 43.35    |  5: 83.62    |  6: 26.14    |  7: 57.73    |  8: 49.25    |  9: 92.84    |  10: 89.52    |  11: 44.88    |  12: 67.07    |  13: 83.96    |  14: 94.84    |  15: 85.21    |  16: 95.81    |  17: 73.95    |  18: 76.73    |  19: 82.41   
[Batch: 1489/2400] mIoU: 50.17  |  FB-IoU: 86.51 |  0: 88.53    |  1: 87.24    |  2: 91.34    |  3: 90.86    |  4: 43.35    |  5: 83.62    |  6: 26.14    |  7: 57.73    |  8: 49.25    |  9: 92.84    |  10: 89.52    |  11: 44.88    |  12: 67.07    |  13: 83.96    |  14: 94.84    |  15: 85.21    |  16: 95.81    |  17: 73.95    |  18: 76.73    |  19: 82.41   
[Batch: 1490/2400] mIoU: 50.18  |  FB-IoU: 86.52 |  0: 88.53    |  1: 87.24    |  2: 91.34    |  3: 90.86    |  4: 43.35    |  5: 83.62    |  6: 26.14    |  7: 57.73    |  8: 49.25    |  9: 92.84    |  10: 89.52    |  11: 44.88    |  12: 67.07    |  13: 83.96    |  14: 94.84    |  15: 85.21    |  16: 95.81    |  17: 73.95    |  18: 76.73    |  19: 82.41   
[Batch: 1491/2400] mIoU: 50.55  |  FB-IoU: 86.53 |  0: 88.53    |  1: 87.24    |  2: 91.34    |  3: 90.86    |  4: 43.35    |  5: 83.62    |  6: 26.14    |  7: 57.73    |  8: 49.25    |  9: 92.84    |  10: 89.52    |  11: 44.88    |  12: 67.07    |  13: 83.96    |  14: 94.84    |  15: 85.21    |  16: 95.81    |  17: 73.95    |  18: 76.73    |  19: 82.41   
[Batch: 1492/2400] mIoU: 50.54  |  FB-IoU: 86.53 |  0: 88.53    |  1: 87.24    |  2: 91.34    |  3: 90.86    |  4: 43.35    |  5: 83.62    |  6: 26.14    |  7: 57.73    |  8: 49.25    |  9: 92.84    |  10: 89.52    |  11: 44.88    |  12: 67.07    |  13: 83.96    |  14: 94.84    |  15: 85.21    |  16: 95.81    |  17: 73.95    |  18: 76.73    |  19: 82.41   
[Batch: 1493/2400] mIoU: 50.54  |  FB-IoU: 86.53 |  0: 88.53    |  1: 87.24    |  2: 91.34    |  3: 90.86    |  4: 43.35    |  5: 83.62    |  6: 26.14    |  7: 57.73    |  8: 49.25    |  9: 92.84    |  10: 89.52    |  11: 44.88    |  12: 67.07    |  13: 83.96    |  14: 94.84    |  15: 85.21    |  16: 95.81    |  17: 73.95    |  18: 76.73    |  19: 82.41   
[Batch: 1494/2400] mIoU: 50.55  |  FB-IoU: 86.54 |  0: 88.53    |  1: 87.24    |  2: 91.34    |  3: 90.86    |  4: 43.35    |  5: 83.62    |  6: 26.14    |  7: 57.73    |  8: 49.25    |  9: 92.84    |  10: 89.52    |  11: 44.88    |  12: 67.07    |  13: 83.96    |  14: 94.84    |  15: 85.21    |  16: 95.81    |  17: 73.95    |  18: 76.73    |  19: 82.41   
[Batch: 1495/2400] mIoU: 50.55  |  FB-IoU: 86.55 |  0: 88.53    |  1: 87.24    |  2: 91.34    |  3: 90.86    |  4: 43.35    |  5: 83.62    |  6: 26.14    |  7: 57.73    |  8: 49.25    |  9: 92.84    |  10: 89.52    |  11: 44.88    |  12: 67.07    |  13: 83.96    |  14: 94.84    |  15: 85.21    |  16: 95.81    |  17: 73.95    |  18: 76.73    |  19: 82.41   
[Batch: 1496/2400] mIoU: 50.56  |  FB-IoU: 86.56 |  0: 88.53    |  1: 87.24    |  2: 91.34    |  3: 90.86    |  4: 43.35    |  5: 83.62    |  6: 26.14    |  7: 57.73    |  8: 49.25    |  9: 92.84    |  10: 89.52    |  11: 44.88    |  12: 67.07    |  13: 83.96    |  14: 94.84    |  15: 85.21    |  16: 95.81    |  17: 73.95    |  18: 76.73    |  19: 82.41   
[Batch: 1497/2400] mIoU: 50.56  |  FB-IoU: 86.57 |  0: 88.53    |  1: 87.24    |  2: 91.34    |  3: 90.86    |  4: 43.35    |  5: 83.62    |  6: 26.14    |  7: 57.73    |  8: 49.25    |  9: 92.84    |  10: 89.52    |  11: 44.88    |  12: 67.07    |  13: 83.96    |  14: 94.84    |  15: 85.21    |  16: 95.81    |  17: 73.95    |  18: 76.73    |  19: 82.41   
[Batch: 1498/2400] mIoU: 50.56  |  FB-IoU: 86.57 |  0: 88.53    |  1: 87.24    |  2: 91.34    |  3: 90.86    |  4: 43.35    |  5: 83.62    |  6: 26.14    |  7: 57.73    |  8: 49.25    |  9: 92.84    |  10: 89.52    |  11: 44.88    |  12: 67.07    |  13: 83.96    |  14: 94.84    |  15: 85.21    |  16: 95.81    |  17: 73.95    |  18: 76.73    |  19: 82.41   
[Batch: 1499/2400] mIoU: 50.56  |  FB-IoU: 86.58 |  0: 88.53    |  1: 87.24    |  2: 91.34    |  3: 90.86    |  4: 43.35    |  5: 83.62    |  6: 26.14    |  7: 57.73    |  8: 49.25    |  9: 92.84    |  10: 89.52    |  11: 44.88    |  12: 67.07    |  13: 83.96    |  14: 94.84    |  15: 85.21    |  16: 95.81    |  17: 73.95    |  18: 76.73    |  19: 82.41   
[Batch: 1500/2400] mIoU: 50.56  |  FB-IoU: 86.59 |  0: 88.53    |  1: 87.24    |  2: 91.34    |  3: 90.86    |  4: 43.35    |  5: 83.62    |  6: 26.14    |  7: 57.73    |  8: 49.25    |  9: 92.84    |  10: 89.52    |  11: 44.88    |  12: 67.07    |  13: 83.96    |  14: 94.84    |  15: 85.21    |  16: 95.81    |  17: 73.95    |  18: 76.73    |  19: 82.41   
[Batch: 1501/2400] mIoU: 50.89  |  FB-IoU: 86.59 |  0: 88.53    |  1: 87.24    |  2: 91.34    |  3: 90.86    |  4: 43.35    |  5: 83.62    |  6: 26.14    |  7: 57.73    |  8: 49.25    |  9: 92.84    |  10: 89.52    |  11: 44.88    |  12: 67.07    |  13: 83.96    |  14: 94.84    |  15: 85.21    |  16: 95.81    |  17: 73.95    |  18: 76.73    |  19: 82.41   
[Batch: 1502/2400] mIoU: 50.83  |  FB-IoU: 86.57 |  0: 88.53    |  1: 87.24    |  2: 91.34    |  3: 90.86    |  4: 43.35    |  5: 83.62    |  6: 26.14    |  7: 57.73    |  8: 49.25    |  9: 92.84    |  10: 89.52    |  11: 44.88    |  12: 67.07    |  13: 83.96    |  14: 94.84    |  15: 85.21    |  16: 95.81    |  17: 73.95    |  18: 76.73    |  19: 82.41   
[Batch: 1503/2400] mIoU: 50.77  |  FB-IoU: 86.53 |  0: 88.53    |  1: 87.24    |  2: 91.34    |  3: 90.86    |  4: 43.35    |  5: 83.62    |  6: 26.14    |  7: 57.73    |  8: 49.25    |  9: 92.84    |  10: 89.52    |  11: 44.88    |  12: 67.07    |  13: 83.96    |  14: 94.84    |  15: 85.21    |  16: 95.81    |  17: 73.95    |  18: 76.73    |  19: 82.41   
[Batch: 1504/2400] mIoU: 50.79  |  FB-IoU: 86.53 |  0: 88.53    |  1: 87.24    |  2: 91.34    |  3: 90.86    |  4: 43.35    |  5: 83.62    |  6: 26.14    |  7: 57.73    |  8: 49.25    |  9: 92.84    |  10: 89.52    |  11: 44.88    |  12: 67.07    |  13: 83.96    |  14: 94.84    |  15: 85.21    |  16: 95.81    |  17: 73.95    |  18: 76.73    |  19: 82.41   
[Batch: 1505/2400] mIoU: 50.81  |  FB-IoU: 86.53 |  0: 88.53    |  1: 87.24    |  2: 91.34    |  3: 90.86    |  4: 43.35    |  5: 83.62    |  6: 26.14    |  7: 57.73    |  8: 49.25    |  9: 92.84    |  10: 89.52    |  11: 44.88    |  12: 67.07    |  13: 83.96    |  14: 94.84    |  15: 85.21    |  16: 95.81    |  17: 73.95    |  18: 76.73    |  19: 82.41   
[Batch: 1506/2400] mIoU: 50.83  |  FB-IoU: 86.54 |  0: 88.53    |  1: 87.24    |  2: 91.34    |  3: 90.86    |  4: 43.35    |  5: 83.62    |  6: 26.14    |  7: 57.73    |  8: 49.25    |  9: 92.84    |  10: 89.52    |  11: 44.88    |  12: 67.07    |  13: 83.96    |  14: 94.84    |  15: 85.21    |  16: 95.81    |  17: 73.95    |  18: 76.73    |  19: 82.41   
[Batch: 1507/2400] mIoU: 50.83  |  FB-IoU: 86.53 |  0: 88.53    |  1: 87.24    |  2: 91.34    |  3: 90.86    |  4: 43.35    |  5: 83.62    |  6: 26.14    |  7: 57.73    |  8: 49.25    |  9: 92.84    |  10: 89.52    |  11: 44.88    |  12: 67.07    |  13: 83.96    |  14: 94.84    |  15: 85.21    |  16: 95.81    |  17: 73.95    |  18: 76.73    |  19: 82.41   
[Batch: 1508/2400] mIoU: 50.84  |  FB-IoU: 86.53 |  0: 88.53    |  1: 87.24    |  2: 91.34    |  3: 90.86    |  4: 43.35    |  5: 83.62    |  6: 26.14    |  7: 57.73    |  8: 49.25    |  9: 92.84    |  10: 89.52    |  11: 44.88    |  12: 67.07    |  13: 83.96    |  14: 94.84    |  15: 85.21    |  16: 95.81    |  17: 73.95    |  18: 76.73    |  19: 82.41   
[Batch: 1509/2400] mIoU: 50.86  |  FB-IoU: 86.54 |  0: 88.53    |  1: 87.24    |  2: 91.34    |  3: 90.86    |  4: 43.35    |  5: 83.62    |  6: 26.14    |  7: 57.73    |  8: 49.25    |  9: 92.84    |  10: 89.52    |  11: 44.88    |  12: 67.07    |  13: 83.96    |  14: 94.84    |  15: 85.21    |  16: 95.81    |  17: 73.95    |  18: 76.73    |  19: 82.41   
[Batch: 1510/2400] mIoU: 50.88  |  FB-IoU: 86.56 |  0: 88.53    |  1: 87.24    |  2: 91.34    |  3: 90.86    |  4: 43.35    |  5: 83.62    |  6: 26.14    |  7: 57.73    |  8: 49.25    |  9: 92.84    |  10: 89.52    |  11: 44.88    |  12: 67.07    |  13: 83.96    |  14: 94.84    |  15: 85.21    |  16: 95.81    |  17: 73.95    |  18: 76.73    |  19: 82.41   
[Batch: 1511/2400] mIoU: 51.24  |  FB-IoU: 86.56 |  0: 88.53    |  1: 87.24    |  2: 91.34    |  3: 90.86    |  4: 43.35    |  5: 83.62    |  6: 26.14    |  7: 57.73    |  8: 49.25    |  9: 92.84    |  10: 89.52    |  11: 44.88    |  12: 67.07    |  13: 83.96    |  14: 94.84    |  15: 85.21    |  16: 95.81    |  17: 73.95    |  18: 76.73    |  19: 82.41   
[Batch: 1512/2400] mIoU: 51.25  |  FB-IoU: 86.57 |  0: 88.53    |  1: 87.24    |  2: 91.34    |  3: 90.86    |  4: 43.35    |  5: 83.62    |  6: 26.14    |  7: 57.73    |  8: 49.25    |  9: 92.84    |  10: 89.52    |  11: 44.88    |  12: 67.07    |  13: 83.96    |  14: 94.84    |  15: 85.21    |  16: 95.81    |  17: 73.95    |  18: 76.73    |  19: 82.41   
[Batch: 1513/2400] mIoU: 51.25  |  FB-IoU: 86.57 |  0: 88.53    |  1: 87.24    |  2: 91.34    |  3: 90.86    |  4: 43.35    |  5: 83.62    |  6: 26.14    |  7: 57.73    |  8: 49.25    |  9: 92.84    |  10: 89.52    |  11: 44.88    |  12: 67.07    |  13: 83.96    |  14: 94.84    |  15: 85.21    |  16: 95.81    |  17: 73.95    |  18: 76.73    |  19: 82.41   
[Batch: 1514/2400] mIoU: 51.26  |  FB-IoU: 86.57 |  0: 88.53    |  1: 87.24    |  2: 91.34    |  3: 90.86    |  4: 43.35    |  5: 83.62    |  6: 26.14    |  7: 57.73    |  8: 49.25    |  9: 92.84    |  10: 89.52    |  11: 44.88    |  12: 67.07    |  13: 83.96    |  14: 94.84    |  15: 85.21    |  16: 95.81    |  17: 73.95    |  18: 76.73    |  19: 82.41   
[Batch: 1515/2400] mIoU: 51.26  |  FB-IoU: 86.58 |  0: 88.53    |  1: 87.24    |  2: 91.34    |  3: 90.86    |  4: 43.35    |  5: 83.62    |  6: 26.14    |  7: 57.73    |  8: 49.25    |  9: 92.84    |  10: 89.52    |  11: 44.88    |  12: 67.07    |  13: 83.96    |  14: 94.84    |  15: 85.21    |  16: 95.81    |  17: 73.95    |  18: 76.73    |  19: 82.41   
[Batch: 1516/2400] mIoU: 51.26  |  FB-IoU: 86.58 |  0: 88.53    |  1: 87.24    |  2: 91.34    |  3: 90.86    |  4: 43.35    |  5: 83.62    |  6: 26.14    |  7: 57.73    |  8: 49.25    |  9: 92.84    |  10: 89.52    |  11: 44.88    |  12: 67.07    |  13: 83.96    |  14: 94.84    |  15: 85.21    |  16: 95.81    |  17: 73.95    |  18: 76.73    |  19: 82.41   
[Batch: 1517/2400] mIoU: 51.26  |  FB-IoU: 86.59 |  0: 88.53    |  1: 87.24    |  2: 91.34    |  3: 90.86    |  4: 43.35    |  5: 83.62    |  6: 26.14    |  7: 57.73    |  8: 49.25    |  9: 92.84    |  10: 89.52    |  11: 44.88    |  12: 67.07    |  13: 83.96    |  14: 94.84    |  15: 85.21    |  16: 95.81    |  17: 73.95    |  18: 76.73    |  19: 82.41   
[Batch: 1518/2400] mIoU: 51.26  |  FB-IoU: 86.59 |  0: 88.53    |  1: 87.24    |  2: 91.34    |  3: 90.86    |  4: 43.35    |  5: 83.62    |  6: 26.14    |  7: 57.73    |  8: 49.25    |  9: 92.84    |  10: 89.52    |  11: 44.88    |  12: 67.07    |  13: 83.96    |  14: 94.84    |  15: 85.21    |  16: 95.81    |  17: 73.95    |  18: 76.73    |  19: 82.41   
[Batch: 1519/2400] mIoU: 51.26  |  FB-IoU: 86.59 |  0: 88.53    |  1: 87.24    |  2: 91.34    |  3: 90.86    |  4: 43.35    |  5: 83.62    |  6: 26.14    |  7: 57.73    |  8: 49.25    |  9: 92.84    |  10: 89.52    |  11: 44.88    |  12: 67.07    |  13: 83.96    |  14: 94.84    |  15: 85.21    |  16: 95.81    |  17: 73.95    |  18: 76.73    |  19: 82.41   
[Batch: 1520/2400] mIoU: 51.26  |  FB-IoU: 86.60 |  0: 88.53    |  1: 87.24    |  2: 91.34    |  3: 90.86    |  4: 43.35    |  5: 83.62    |  6: 26.14    |  7: 57.73    |  8: 49.25    |  9: 92.84    |  10: 89.52    |  11: 44.88    |  12: 67.07    |  13: 83.96    |  14: 94.84    |  15: 85.21    |  16: 95.81    |  17: 73.95    |  18: 76.73    |  19: 82.41   
[Batch: 1521/2400] mIoU: 51.64  |  FB-IoU: 86.60 |  0: 88.53    |  1: 87.24    |  2: 91.34    |  3: 90.86    |  4: 43.35    |  5: 83.62    |  6: 26.14    |  7: 57.73    |  8: 49.25    |  9: 92.84    |  10: 89.52    |  11: 44.88    |  12: 67.07    |  13: 83.96    |  14: 94.84    |  15: 85.21    |  16: 95.81    |  17: 73.95    |  18: 76.73    |  19: 82.41   
[Batch: 1522/2400] mIoU: 51.64  |  FB-IoU: 86.60 |  0: 88.53    |  1: 87.24    |  2: 91.34    |  3: 90.86    |  4: 43.35    |  5: 83.62    |  6: 26.14    |  7: 57.73    |  8: 49.25    |  9: 92.84    |  10: 89.52    |  11: 44.88    |  12: 67.07    |  13: 83.96    |  14: 94.84    |  15: 85.21    |  16: 95.81    |  17: 73.95    |  18: 76.73    |  19: 82.41   
[Batch: 1523/2400] mIoU: 51.64  |  FB-IoU: 86.61 |  0: 88.53    |  1: 87.24    |  2: 91.34    |  3: 90.86    |  4: 43.35    |  5: 83.62    |  6: 26.14    |  7: 57.73    |  8: 49.25    |  9: 92.84    |  10: 89.52    |  11: 44.88    |  12: 67.07    |  13: 83.96    |  14: 94.84    |  15: 85.21    |  16: 95.81    |  17: 73.95    |  18: 76.73    |  19: 82.41   
[Batch: 1524/2400] mIoU: 51.63  |  FB-IoU: 86.61 |  0: 88.53    |  1: 87.24    |  2: 91.34    |  3: 90.86    |  4: 43.35    |  5: 83.62    |  6: 26.14    |  7: 57.73    |  8: 49.25    |  9: 92.84    |  10: 89.52    |  11: 44.88    |  12: 67.07    |  13: 83.96    |  14: 94.84    |  15: 85.21    |  16: 95.81    |  17: 73.95    |  18: 76.73    |  19: 82.41   
[Batch: 1525/2400] mIoU: 51.64  |  FB-IoU: 86.62 |  0: 88.53    |  1: 87.24    |  2: 91.34    |  3: 90.86    |  4: 43.35    |  5: 83.62    |  6: 26.14    |  7: 57.73    |  8: 49.25    |  9: 92.84    |  10: 89.52    |  11: 44.88    |  12: 67.07    |  13: 83.96    |  14: 94.84    |  15: 85.21    |  16: 95.81    |  17: 73.95    |  18: 76.73    |  19: 82.41   
[Batch: 1526/2400] mIoU: 51.64  |  FB-IoU: 86.62 |  0: 88.53    |  1: 87.24    |  2: 91.34    |  3: 90.86    |  4: 43.35    |  5: 83.62    |  6: 26.14    |  7: 57.73    |  8: 49.25    |  9: 92.84    |  10: 89.52    |  11: 44.88    |  12: 67.07    |  13: 83.96    |  14: 94.84    |  15: 85.21    |  16: 95.81    |  17: 73.95    |  18: 76.73    |  19: 82.41   
[Batch: 1527/2400] mIoU: 51.64  |  FB-IoU: 86.63 |  0: 88.53    |  1: 87.24    |  2: 91.34    |  3: 90.86    |  4: 43.35    |  5: 83.62    |  6: 26.14    |  7: 57.73    |  8: 49.25    |  9: 92.84    |  10: 89.52    |  11: 44.88    |  12: 67.07    |  13: 83.96    |  14: 94.84    |  15: 85.21    |  16: 95.81    |  17: 73.95    |  18: 76.73    |  19: 82.41   
[Batch: 1528/2400] mIoU: 51.64  |  FB-IoU: 86.63 |  0: 88.53    |  1: 87.24    |  2: 91.34    |  3: 90.86    |  4: 43.35    |  5: 83.62    |  6: 26.14    |  7: 57.73    |  8: 49.25    |  9: 92.84    |  10: 89.52    |  11: 44.88    |  12: 67.07    |  13: 83.96    |  14: 94.84    |  15: 85.21    |  16: 95.81    |  17: 73.95    |  18: 76.73    |  19: 82.41   
[Batch: 1529/2400] mIoU: 51.64  |  FB-IoU: 86.64 |  0: 88.53    |  1: 87.24    |  2: 91.34    |  3: 90.86    |  4: 43.35    |  5: 83.62    |  6: 26.14    |  7: 57.73    |  8: 49.25    |  9: 92.84    |  10: 89.52    |  11: 44.88    |  12: 67.07    |  13: 83.96    |  14: 94.84    |  15: 85.21    |  16: 95.81    |  17: 73.95    |  18: 76.73    |  19: 82.41   
[Batch: 1530/2400] mIoU: 51.64  |  FB-IoU: 86.64 |  0: 88.53    |  1: 87.24    |  2: 91.34    |  3: 90.86    |  4: 43.35    |  5: 83.62    |  6: 26.14    |  7: 57.73    |  8: 49.25    |  9: 92.84    |  10: 89.52    |  11: 44.88    |  12: 67.07    |  13: 83.96    |  14: 94.84    |  15: 85.21    |  16: 95.81    |  17: 73.95    |  18: 76.73    |  19: 82.41   
[Batch: 1531/2400] mIoU: 52.04  |  FB-IoU: 86.65 |  0: 88.53    |  1: 87.24    |  2: 91.34    |  3: 90.86    |  4: 43.35    |  5: 83.62    |  6: 26.14    |  7: 57.73    |  8: 49.25    |  9: 92.84    |  10: 89.52    |  11: 44.88    |  12: 67.07    |  13: 83.96    |  14: 94.84    |  15: 85.21    |  16: 95.81    |  17: 73.95    |  18: 76.73    |  19: 82.41   
[Batch: 1532/2400] mIoU: 51.90  |  FB-IoU: 86.62 |  0: 88.53    |  1: 87.24    |  2: 91.34    |  3: 90.86    |  4: 43.35    |  5: 83.62    |  6: 26.14    |  7: 57.73    |  8: 49.25    |  9: 92.84    |  10: 89.52    |  11: 44.88    |  12: 67.07    |  13: 83.96    |  14: 94.84    |  15: 85.21    |  16: 95.81    |  17: 73.95    |  18: 76.73    |  19: 82.41   
[Batch: 1533/2400] mIoU: 51.95  |  FB-IoU: 86.63 |  0: 88.53    |  1: 87.24    |  2: 91.34    |  3: 90.86    |  4: 43.35    |  5: 83.62    |  6: 26.14    |  7: 57.73    |  8: 49.25    |  9: 92.84    |  10: 89.52    |  11: 44.88    |  12: 67.07    |  13: 83.96    |  14: 94.84    |  15: 85.21    |  16: 95.81    |  17: 73.95    |  18: 76.73    |  19: 82.41   
[Batch: 1534/2400] mIoU: 51.96  |  FB-IoU: 86.63 |  0: 88.53    |  1: 87.24    |  2: 91.34    |  3: 90.86    |  4: 43.35    |  5: 83.62    |  6: 26.14    |  7: 57.73    |  8: 49.25    |  9: 92.84    |  10: 89.52    |  11: 44.88    |  12: 67.07    |  13: 83.96    |  14: 94.84    |  15: 85.21    |  16: 95.81    |  17: 73.95    |  18: 76.73    |  19: 82.41   
[Batch: 1535/2400] mIoU: 51.98  |  FB-IoU: 86.64 |  0: 88.53    |  1: 87.24    |  2: 91.34    |  3: 90.86    |  4: 43.35    |  5: 83.62    |  6: 26.14    |  7: 57.73    |  8: 49.25    |  9: 92.84    |  10: 89.52    |  11: 44.88    |  12: 67.07    |  13: 83.96    |  14: 94.84    |  15: 85.21    |  16: 95.81    |  17: 73.95    |  18: 76.73    |  19: 82.41   
[Batch: 1536/2400] mIoU: 51.95  |  FB-IoU: 86.61 |  0: 88.53    |  1: 87.24    |  2: 91.34    |  3: 90.86    |  4: 43.35    |  5: 83.62    |  6: 26.14    |  7: 57.73    |  8: 49.25    |  9: 92.84    |  10: 89.52    |  11: 44.88    |  12: 67.07    |  13: 83.96    |  14: 94.84    |  15: 85.21    |  16: 95.81    |  17: 73.95    |  18: 76.73    |  19: 82.41   
[Batch: 1537/2400] mIoU: 51.96  |  FB-IoU: 86.61 |  0: 88.53    |  1: 87.24    |  2: 91.34    |  3: 90.86    |  4: 43.35    |  5: 83.62    |  6: 26.14    |  7: 57.73    |  8: 49.25    |  9: 92.84    |  10: 89.52    |  11: 44.88    |  12: 67.07    |  13: 83.96    |  14: 94.84    |  15: 85.21    |  16: 95.81    |  17: 73.95    |  18: 76.73    |  19: 82.41   
[Batch: 1538/2400] mIoU: 51.93  |  FB-IoU: 86.56 |  0: 88.53    |  1: 87.24    |  2: 91.34    |  3: 90.86    |  4: 43.35    |  5: 83.62    |  6: 26.14    |  7: 57.73    |  8: 49.25    |  9: 92.84    |  10: 89.52    |  11: 44.88    |  12: 67.07    |  13: 83.96    |  14: 94.84    |  15: 85.21    |  16: 95.81    |  17: 73.95    |  18: 76.73    |  19: 82.41   
[Batch: 1539/2400] mIoU: 51.93  |  FB-IoU: 86.54 |  0: 88.53    |  1: 87.24    |  2: 91.34    |  3: 90.86    |  4: 43.35    |  5: 83.62    |  6: 26.14    |  7: 57.73    |  8: 49.25    |  9: 92.84    |  10: 89.52    |  11: 44.88    |  12: 67.07    |  13: 83.96    |  14: 94.84    |  15: 85.21    |  16: 95.81    |  17: 73.95    |  18: 76.73    |  19: 82.41   
[Batch: 1540/2400] mIoU: 51.94  |  FB-IoU: 86.55 |  0: 88.53    |  1: 87.24    |  2: 91.34    |  3: 90.86    |  4: 43.35    |  5: 83.62    |  6: 26.14    |  7: 57.73    |  8: 49.25    |  9: 92.84    |  10: 89.52    |  11: 44.88    |  12: 67.07    |  13: 83.96    |  14: 94.84    |  15: 85.21    |  16: 95.81    |  17: 73.95    |  18: 76.73    |  19: 82.41   
[Batch: 1541/2400] mIoU: 52.19  |  FB-IoU: 86.54 |  0: 88.53    |  1: 87.24    |  2: 91.34    |  3: 90.86    |  4: 43.35    |  5: 83.62    |  6: 26.14    |  7: 57.73    |  8: 49.25    |  9: 92.84    |  10: 89.52    |  11: 44.88    |  12: 67.07    |  13: 83.96    |  14: 94.84    |  15: 85.21    |  16: 95.81    |  17: 73.95    |  18: 76.73    |  19: 82.41   
[Batch: 1542/2400] mIoU: 52.28  |  FB-IoU: 86.55 |  0: 88.53    |  1: 87.24    |  2: 91.34    |  3: 90.86    |  4: 43.35    |  5: 83.62    |  6: 26.14    |  7: 57.73    |  8: 49.25    |  9: 92.84    |  10: 89.52    |  11: 44.88    |  12: 67.07    |  13: 83.96    |  14: 94.84    |  15: 85.21    |  16: 95.81    |  17: 73.95    |  18: 76.73    |  19: 82.41   
[Batch: 1543/2400] mIoU: 52.29  |  FB-IoU: 86.56 |  0: 88.53    |  1: 87.24    |  2: 91.34    |  3: 90.86    |  4: 43.35    |  5: 83.62    |  6: 26.14    |  7: 57.73    |  8: 49.25    |  9: 92.84    |  10: 89.52    |  11: 44.88    |  12: 67.07    |  13: 83.96    |  14: 94.84    |  15: 85.21    |  16: 95.81    |  17: 73.95    |  18: 76.73    |  19: 82.41   
[Batch: 1544/2400] mIoU: 52.11  |  FB-IoU: 86.46 |  0: 88.53    |  1: 87.24    |  2: 91.34    |  3: 90.86    |  4: 43.35    |  5: 83.62    |  6: 26.14    |  7: 57.73    |  8: 49.25    |  9: 92.84    |  10: 89.52    |  11: 44.88    |  12: 67.07    |  13: 83.96    |  14: 94.84    |  15: 85.21    |  16: 95.81    |  17: 73.95    |  18: 76.73    |  19: 82.41   
[Batch: 1545/2400] mIoU: 52.11  |  FB-IoU: 86.46 |  0: 88.53    |  1: 87.24    |  2: 91.34    |  3: 90.86    |  4: 43.35    |  5: 83.62    |  6: 26.14    |  7: 57.73    |  8: 49.25    |  9: 92.84    |  10: 89.52    |  11: 44.88    |  12: 67.07    |  13: 83.96    |  14: 94.84    |  15: 85.21    |  16: 95.81    |  17: 73.95    |  18: 76.73    |  19: 82.41   
[Batch: 1546/2400] mIoU: 52.12  |  FB-IoU: 86.46 |  0: 88.53    |  1: 87.24    |  2: 91.34    |  3: 90.86    |  4: 43.35    |  5: 83.62    |  6: 26.14    |  7: 57.73    |  8: 49.25    |  9: 92.84    |  10: 89.52    |  11: 44.88    |  12: 67.07    |  13: 83.96    |  14: 94.84    |  15: 85.21    |  16: 95.81    |  17: 73.95    |  18: 76.73    |  19: 82.41   
[Batch: 1547/2400] mIoU: 52.14  |  FB-IoU: 86.46 |  0: 88.53    |  1: 87.24    |  2: 91.34    |  3: 90.86    |  4: 43.35    |  5: 83.62    |  6: 26.14    |  7: 57.73    |  8: 49.25    |  9: 92.84    |  10: 89.52    |  11: 44.88    |  12: 67.07    |  13: 83.96    |  14: 94.84    |  15: 85.21    |  16: 95.81    |  17: 73.95    |  18: 76.73    |  19: 82.41   
[Batch: 1548/2400] mIoU: 52.16  |  FB-IoU: 86.47 |  0: 88.53    |  1: 87.24    |  2: 91.34    |  3: 90.86    |  4: 43.35    |  5: 83.62    |  6: 26.14    |  7: 57.73    |  8: 49.25    |  9: 92.84    |  10: 89.52    |  11: 44.88    |  12: 67.07    |  13: 83.96    |  14: 94.84    |  15: 85.21    |  16: 95.81    |  17: 73.95    |  18: 76.73    |  19: 82.41   
[Batch: 1549/2400] mIoU: 52.17  |  FB-IoU: 86.47 |  0: 88.53    |  1: 87.24    |  2: 91.34    |  3: 90.86    |  4: 43.35    |  5: 83.62    |  6: 26.14    |  7: 57.73    |  8: 49.25    |  9: 92.84    |  10: 89.52    |  11: 44.88    |  12: 67.07    |  13: 83.96    |  14: 94.84    |  15: 85.21    |  16: 95.81    |  17: 73.95    |  18: 76.73    |  19: 82.41   
[Batch: 1550/2400] mIoU: 52.17  |  FB-IoU: 86.48 |  0: 88.53    |  1: 87.24    |  2: 91.34    |  3: 90.86    |  4: 43.35    |  5: 83.62    |  6: 26.14    |  7: 57.73    |  8: 49.25    |  9: 92.84    |  10: 89.52    |  11: 44.88    |  12: 67.07    |  13: 83.96    |  14: 94.84    |  15: 85.21    |  16: 95.81    |  17: 73.95    |  18: 76.73    |  19: 82.41   
[Batch: 1551/2400] mIoU: 52.51  |  FB-IoU: 86.48 |  0: 88.53    |  1: 87.24    |  2: 91.34    |  3: 90.86    |  4: 43.35    |  5: 83.62    |  6: 26.14    |  7: 57.73    |  8: 49.25    |  9: 92.84    |  10: 89.52    |  11: 44.88    |  12: 67.07    |  13: 83.96    |  14: 94.84    |  15: 85.21    |  16: 95.81    |  17: 73.95    |  18: 76.73    |  19: 82.41   
[Batch: 1552/2400] mIoU: 52.55  |  FB-IoU: 86.48 |  0: 88.53    |  1: 87.24    |  2: 91.34    |  3: 90.86    |  4: 43.35    |  5: 83.62    |  6: 26.14    |  7: 57.73    |  8: 49.25    |  9: 92.84    |  10: 89.52    |  11: 44.88    |  12: 67.07    |  13: 83.96    |  14: 94.84    |  15: 85.21    |  16: 95.81    |  17: 73.95    |  18: 76.73    |  19: 82.41   
[Batch: 1553/2400] mIoU: 52.52  |  FB-IoU: 86.48 |  0: 88.53    |  1: 87.24    |  2: 91.34    |  3: 90.86    |  4: 43.35    |  5: 83.62    |  6: 26.14    |  7: 57.73    |  8: 49.25    |  9: 92.84    |  10: 89.52    |  11: 44.88    |  12: 67.07    |  13: 83.96    |  14: 94.84    |  15: 85.21    |  16: 95.81    |  17: 73.95    |  18: 76.73    |  19: 82.41   
[Batch: 1554/2400] mIoU: 52.53  |  FB-IoU: 86.49 |  0: 88.53    |  1: 87.24    |  2: 91.34    |  3: 90.86    |  4: 43.35    |  5: 83.62    |  6: 26.14    |  7: 57.73    |  8: 49.25    |  9: 92.84    |  10: 89.52    |  11: 44.88    |  12: 67.07    |  13: 83.96    |  14: 94.84    |  15: 85.21    |  16: 95.81    |  17: 73.95    |  18: 76.73    |  19: 82.41   
[Batch: 1555/2400] mIoU: 52.53  |  FB-IoU: 86.49 |  0: 88.53    |  1: 87.24    |  2: 91.34    |  3: 90.86    |  4: 43.35    |  5: 83.62    |  6: 26.14    |  7: 57.73    |  8: 49.25    |  9: 92.84    |  10: 89.52    |  11: 44.88    |  12: 67.07    |  13: 83.96    |  14: 94.84    |  15: 85.21    |  16: 95.81    |  17: 73.95    |  18: 76.73    |  19: 82.41   
[Batch: 1556/2400] mIoU: 52.53  |  FB-IoU: 86.49 |  0: 88.53    |  1: 87.24    |  2: 91.34    |  3: 90.86    |  4: 43.35    |  5: 83.62    |  6: 26.14    |  7: 57.73    |  8: 49.25    |  9: 92.84    |  10: 89.52    |  11: 44.88    |  12: 67.07    |  13: 83.96    |  14: 94.84    |  15: 85.21    |  16: 95.81    |  17: 73.95    |  18: 76.73    |  19: 82.41   
[Batch: 1557/2400] mIoU: 52.54  |  FB-IoU: 86.51 |  0: 88.53    |  1: 87.24    |  2: 91.34    |  3: 90.86    |  4: 43.35    |  5: 83.62    |  6: 26.14    |  7: 57.73    |  8: 49.25    |  9: 92.84    |  10: 89.52    |  11: 44.88    |  12: 67.07    |  13: 83.96    |  14: 94.84    |  15: 85.21    |  16: 95.81    |  17: 73.95    |  18: 76.73    |  19: 82.41   
[Batch: 1558/2400] mIoU: 52.54  |  FB-IoU: 86.51 |  0: 88.53    |  1: 87.24    |  2: 91.34    |  3: 90.86    |  4: 43.35    |  5: 83.62    |  6: 26.14    |  7: 57.73    |  8: 49.25    |  9: 92.84    |  10: 89.52    |  11: 44.88    |  12: 67.07    |  13: 83.96    |  14: 94.84    |  15: 85.21    |  16: 95.81    |  17: 73.95    |  18: 76.73    |  19: 82.41   
[Batch: 1559/2400] mIoU: 52.54  |  FB-IoU: 86.51 |  0: 88.53    |  1: 87.24    |  2: 91.34    |  3: 90.86    |  4: 43.35    |  5: 83.62    |  6: 26.14    |  7: 57.73    |  8: 49.25    |  9: 92.84    |  10: 89.52    |  11: 44.88    |  12: 67.07    |  13: 83.96    |  14: 94.84    |  15: 85.21    |  16: 95.81    |  17: 73.95    |  18: 76.73    |  19: 82.41   
[Batch: 1560/2400] mIoU: 52.55  |  FB-IoU: 86.53 |  0: 88.53    |  1: 87.24    |  2: 91.34    |  3: 90.86    |  4: 43.35    |  5: 83.62    |  6: 26.14    |  7: 57.73    |  8: 49.25    |  9: 92.84    |  10: 89.52    |  11: 44.88    |  12: 67.07    |  13: 83.96    |  14: 94.84    |  15: 85.21    |  16: 95.81    |  17: 73.95    |  18: 76.73    |  19: 82.41   
[Batch: 1561/2400] mIoU: 52.57  |  FB-IoU: 86.41 |  0: 88.53    |  1: 87.24    |  2: 91.34    |  3: 90.86    |  4: 43.35    |  5: 83.62    |  6: 26.14    |  7: 57.73    |  8: 49.25    |  9: 92.84    |  10: 89.52    |  11: 44.88    |  12: 67.07    |  13: 83.96    |  14: 94.84    |  15: 85.21    |  16: 95.81    |  17: 73.95    |  18: 76.73    |  19: 82.41   
[Batch: 1562/2400] mIoU: 52.63  |  FB-IoU: 86.42 |  0: 88.53    |  1: 87.24    |  2: 91.34    |  3: 90.86    |  4: 43.35    |  5: 83.62    |  6: 26.14    |  7: 57.73    |  8: 49.25    |  9: 92.84    |  10: 89.52    |  11: 44.88    |  12: 67.07    |  13: 83.96    |  14: 94.84    |  15: 85.21    |  16: 95.81    |  17: 73.95    |  18: 76.73    |  19: 82.41   
[Batch: 1563/2400] mIoU: 52.66  |  FB-IoU: 86.42 |  0: 88.53    |  1: 87.24    |  2: 91.34    |  3: 90.86    |  4: 43.35    |  5: 83.62    |  6: 26.14    |  7: 57.73    |  8: 49.25    |  9: 92.84    |  10: 89.52    |  11: 44.88    |  12: 67.07    |  13: 83.96    |  14: 94.84    |  15: 85.21    |  16: 95.81    |  17: 73.95    |  18: 76.73    |  19: 82.41   
[Batch: 1564/2400] mIoU: 52.71  |  FB-IoU: 86.43 |  0: 88.53    |  1: 87.24    |  2: 91.34    |  3: 90.86    |  4: 43.35    |  5: 83.62    |  6: 26.14    |  7: 57.73    |  8: 49.25    |  9: 92.84    |  10: 89.52    |  11: 44.88    |  12: 67.07    |  13: 83.96    |  14: 94.84    |  15: 85.21    |  16: 95.81    |  17: 73.95    |  18: 76.73    |  19: 82.41   
[Batch: 1565/2400] mIoU: 52.74  |  FB-IoU: 86.43 |  0: 88.53    |  1: 87.24    |  2: 91.34    |  3: 90.86    |  4: 43.35    |  5: 83.62    |  6: 26.14    |  7: 57.73    |  8: 49.25    |  9: 92.84    |  10: 89.52    |  11: 44.88    |  12: 67.07    |  13: 83.96    |  14: 94.84    |  15: 85.21    |  16: 95.81    |  17: 73.95    |  18: 76.73    |  19: 82.41   
[Batch: 1566/2400] mIoU: 52.76  |  FB-IoU: 86.44 |  0: 88.53    |  1: 87.24    |  2: 91.34    |  3: 90.86    |  4: 43.35    |  5: 83.62    |  6: 26.14    |  7: 57.73    |  8: 49.25    |  9: 92.84    |  10: 89.52    |  11: 44.88    |  12: 67.07    |  13: 83.96    |  14: 94.84    |  15: 85.21    |  16: 95.81    |  17: 73.95    |  18: 76.73    |  19: 82.41   
[Batch: 1567/2400] mIoU: 52.77  |  FB-IoU: 86.44 |  0: 88.53    |  1: 87.24    |  2: 91.34    |  3: 90.86    |  4: 43.35    |  5: 83.62    |  6: 26.14    |  7: 57.73    |  8: 49.25    |  9: 92.84    |  10: 89.52    |  11: 44.88    |  12: 67.07    |  13: 83.96    |  14: 94.84    |  15: 85.21    |  16: 95.81    |  17: 73.95    |  18: 76.73    |  19: 82.41   
[Batch: 1568/2400] mIoU: 52.79  |  FB-IoU: 86.44 |  0: 88.53    |  1: 87.24    |  2: 91.34    |  3: 90.86    |  4: 43.35    |  5: 83.62    |  6: 26.14    |  7: 57.73    |  8: 49.25    |  9: 92.84    |  10: 89.52    |  11: 44.88    |  12: 67.07    |  13: 83.96    |  14: 94.84    |  15: 85.21    |  16: 95.81    |  17: 73.95    |  18: 76.73    |  19: 82.41   
[Batch: 1569/2400] mIoU: 52.78  |  FB-IoU: 86.43 |  0: 88.53    |  1: 87.24    |  2: 91.34    |  3: 90.86    |  4: 43.35    |  5: 83.62    |  6: 26.14    |  7: 57.73    |  8: 49.25    |  9: 92.84    |  10: 89.52    |  11: 44.88    |  12: 67.07    |  13: 83.96    |  14: 94.84    |  15: 85.21    |  16: 95.81    |  17: 73.95    |  18: 76.73    |  19: 82.41   
[Batch: 1570/2400] mIoU: 52.80  |  FB-IoU: 86.44 |  0: 88.53    |  1: 87.24    |  2: 91.34    |  3: 90.86    |  4: 43.35    |  5: 83.62    |  6: 26.14    |  7: 57.73    |  8: 49.25    |  9: 92.84    |  10: 89.52    |  11: 44.88    |  12: 67.07    |  13: 83.96    |  14: 94.84    |  15: 85.21    |  16: 95.81    |  17: 73.95    |  18: 76.73    |  19: 82.41   
[Batch: 1571/2400] mIoU: 53.19  |  FB-IoU: 86.44 |  0: 88.53    |  1: 87.24    |  2: 91.34    |  3: 90.86    |  4: 43.35    |  5: 83.62    |  6: 26.14    |  7: 57.73    |  8: 49.25    |  9: 92.84    |  10: 89.52    |  11: 44.88    |  12: 67.07    |  13: 83.96    |  14: 94.84    |  15: 85.21    |  16: 95.81    |  17: 73.95    |  18: 76.73    |  19: 82.41   
[Batch: 1572/2400] mIoU: 53.19  |  FB-IoU: 86.45 |  0: 88.53    |  1: 87.24    |  2: 91.34    |  3: 90.86    |  4: 43.35    |  5: 83.62    |  6: 26.14    |  7: 57.73    |  8: 49.25    |  9: 92.84    |  10: 89.52    |  11: 44.88    |  12: 67.07    |  13: 83.96    |  14: 94.84    |  15: 85.21    |  16: 95.81    |  17: 73.95    |  18: 76.73    |  19: 82.41   
[Batch: 1573/2400] mIoU: 53.15  |  FB-IoU: 86.45 |  0: 88.53    |  1: 87.24    |  2: 91.34    |  3: 90.86    |  4: 43.35    |  5: 83.62    |  6: 26.14    |  7: 57.73    |  8: 49.25    |  9: 92.84    |  10: 89.52    |  11: 44.88    |  12: 67.07    |  13: 83.96    |  14: 94.84    |  15: 85.21    |  16: 95.81    |  17: 73.95    |  18: 76.73    |  19: 82.41   
[Batch: 1574/2400] mIoU: 53.16  |  FB-IoU: 86.45 |  0: 88.53    |  1: 87.24    |  2: 91.34    |  3: 90.86    |  4: 43.35    |  5: 83.62    |  6: 26.14    |  7: 57.73    |  8: 49.25    |  9: 92.84    |  10: 89.52    |  11: 44.88    |  12: 67.07    |  13: 83.96    |  14: 94.84    |  15: 85.21    |  16: 95.81    |  17: 73.95    |  18: 76.73    |  19: 82.41   
[Batch: 1575/2400] mIoU: 53.02  |  FB-IoU: 86.37 |  0: 88.53    |  1: 87.24    |  2: 91.34    |  3: 90.86    |  4: 43.35    |  5: 83.62    |  6: 26.14    |  7: 57.73    |  8: 49.25    |  9: 92.84    |  10: 89.52    |  11: 44.88    |  12: 67.07    |  13: 83.96    |  14: 94.84    |  15: 85.21    |  16: 95.81    |  17: 73.95    |  18: 76.73    |  19: 82.41   
[Batch: 1576/2400] mIoU: 53.02  |  FB-IoU: 86.36 |  0: 88.53    |  1: 87.24    |  2: 91.34    |  3: 90.86    |  4: 43.35    |  5: 83.62    |  6: 26.14    |  7: 57.73    |  8: 49.25    |  9: 92.84    |  10: 89.52    |  11: 44.88    |  12: 67.07    |  13: 83.96    |  14: 94.84    |  15: 85.21    |  16: 95.81    |  17: 73.95    |  18: 76.73    |  19: 82.41   
[Batch: 1577/2400] mIoU: 53.03  |  FB-IoU: 86.36 |  0: 88.53    |  1: 87.24    |  2: 91.34    |  3: 90.86    |  4: 43.35    |  5: 83.62    |  6: 26.14    |  7: 57.73    |  8: 49.25    |  9: 92.84    |  10: 89.52    |  11: 44.88    |  12: 67.07    |  13: 83.96    |  14: 94.84    |  15: 85.21    |  16: 95.81    |  17: 73.95    |  18: 76.73    |  19: 82.41   
[Batch: 1578/2400] mIoU: 53.04  |  FB-IoU: 86.36 |  0: 88.53    |  1: 87.24    |  2: 91.34    |  3: 90.86    |  4: 43.35    |  5: 83.62    |  6: 26.14    |  7: 57.73    |  8: 49.25    |  9: 92.84    |  10: 89.52    |  11: 44.88    |  12: 67.07    |  13: 83.96    |  14: 94.84    |  15: 85.21    |  16: 95.81    |  17: 73.95    |  18: 76.73    |  19: 82.41   
[Batch: 1579/2400] mIoU: 52.99  |  FB-IoU: 86.29 |  0: 88.53    |  1: 87.24    |  2: 91.34    |  3: 90.86    |  4: 43.35    |  5: 83.62    |  6: 26.14    |  7: 57.73    |  8: 49.25    |  9: 92.84    |  10: 89.52    |  11: 44.88    |  12: 67.07    |  13: 83.96    |  14: 94.84    |  15: 85.21    |  16: 95.81    |  17: 73.95    |  18: 76.73    |  19: 82.41   
[Batch: 1580/2400] mIoU: 53.00  |  FB-IoU: 86.29 |  0: 88.53    |  1: 87.24    |  2: 91.34    |  3: 90.86    |  4: 43.35    |  5: 83.62    |  6: 26.14    |  7: 57.73    |  8: 49.25    |  9: 92.84    |  10: 89.52    |  11: 44.88    |  12: 67.07    |  13: 83.96    |  14: 94.84    |  15: 85.21    |  16: 95.81    |  17: 73.95    |  18: 76.73    |  19: 82.41   
[Batch: 1581/2400] mIoU: 53.37  |  FB-IoU: 86.30 |  0: 88.53    |  1: 87.24    |  2: 91.34    |  3: 90.86    |  4: 43.35    |  5: 83.62    |  6: 26.14    |  7: 57.73    |  8: 49.25    |  9: 92.84    |  10: 89.52    |  11: 44.88    |  12: 67.07    |  13: 83.96    |  14: 94.84    |  15: 85.21    |  16: 95.81    |  17: 73.95    |  18: 76.73    |  19: 82.41   
[Batch: 1582/2400] mIoU: 53.37  |  FB-IoU: 86.30 |  0: 88.53    |  1: 87.24    |  2: 91.34    |  3: 90.86    |  4: 43.35    |  5: 83.62    |  6: 26.14    |  7: 57.73    |  8: 49.25    |  9: 92.84    |  10: 89.52    |  11: 44.88    |  12: 67.07    |  13: 83.96    |  14: 94.84    |  15: 85.21    |  16: 95.81    |  17: 73.95    |  18: 76.73    |  19: 82.41   
[Batch: 1583/2400] mIoU: 53.37  |  FB-IoU: 86.30 |  0: 88.53    |  1: 87.24    |  2: 91.34    |  3: 90.86    |  4: 43.35    |  5: 83.62    |  6: 26.14    |  7: 57.73    |  8: 49.25    |  9: 92.84    |  10: 89.52    |  11: 44.88    |  12: 67.07    |  13: 83.96    |  14: 94.84    |  15: 85.21    |  16: 95.81    |  17: 73.95    |  18: 76.73    |  19: 82.41   
[Batch: 1584/2400] mIoU: 53.37  |  FB-IoU: 86.31 |  0: 88.53    |  1: 87.24    |  2: 91.34    |  3: 90.86    |  4: 43.35    |  5: 83.62    |  6: 26.14    |  7: 57.73    |  8: 49.25    |  9: 92.84    |  10: 89.52    |  11: 44.88    |  12: 67.07    |  13: 83.96    |  14: 94.84    |  15: 85.21    |  16: 95.81    |  17: 73.95    |  18: 76.73    |  19: 82.41   
[Batch: 1585/2400] mIoU: 53.37  |  FB-IoU: 86.31 |  0: 88.53    |  1: 87.24    |  2: 91.34    |  3: 90.86    |  4: 43.35    |  5: 83.62    |  6: 26.14    |  7: 57.73    |  8: 49.25    |  9: 92.84    |  10: 89.52    |  11: 44.88    |  12: 67.07    |  13: 83.96    |  14: 94.84    |  15: 85.21    |  16: 95.81    |  17: 73.95    |  18: 76.73    |  19: 82.41   
[Batch: 1586/2400] mIoU: 53.35  |  FB-IoU: 86.31 |  0: 88.53    |  1: 87.24    |  2: 91.34    |  3: 90.86    |  4: 43.35    |  5: 83.62    |  6: 26.14    |  7: 57.73    |  8: 49.25    |  9: 92.84    |  10: 89.52    |  11: 44.88    |  12: 67.07    |  13: 83.96    |  14: 94.84    |  15: 85.21    |  16: 95.81    |  17: 73.95    |  18: 76.73    |  19: 82.41   
[Batch: 1587/2400] mIoU: 53.35  |  FB-IoU: 86.31 |  0: 88.53    |  1: 87.24    |  2: 91.34    |  3: 90.86    |  4: 43.35    |  5: 83.62    |  6: 26.14    |  7: 57.73    |  8: 49.25    |  9: 92.84    |  10: 89.52    |  11: 44.88    |  12: 67.07    |  13: 83.96    |  14: 94.84    |  15: 85.21    |  16: 95.81    |  17: 73.95    |  18: 76.73    |  19: 82.41   
[Batch: 1588/2400] mIoU: 53.34  |  FB-IoU: 86.31 |  0: 88.53    |  1: 87.24    |  2: 91.34    |  3: 90.86    |  4: 43.35    |  5: 83.62    |  6: 26.14    |  7: 57.73    |  8: 49.25    |  9: 92.84    |  10: 89.52    |  11: 44.88    |  12: 67.07    |  13: 83.96    |  14: 94.84    |  15: 85.21    |  16: 95.81    |  17: 73.95    |  18: 76.73    |  19: 82.41   
[Batch: 1589/2400] mIoU: 53.35  |  FB-IoU: 86.31 |  0: 88.53    |  1: 87.24    |  2: 91.34    |  3: 90.86    |  4: 43.35    |  5: 83.62    |  6: 26.14    |  7: 57.73    |  8: 49.25    |  9: 92.84    |  10: 89.52    |  11: 44.88    |  12: 67.07    |  13: 83.96    |  14: 94.84    |  15: 85.21    |  16: 95.81    |  17: 73.95    |  18: 76.73    |  19: 82.41   
[Batch: 1590/2400] mIoU: 53.35  |  FB-IoU: 86.31 |  0: 88.53    |  1: 87.24    |  2: 91.34    |  3: 90.86    |  4: 43.35    |  5: 83.62    |  6: 26.14    |  7: 57.73    |  8: 49.25    |  9: 92.84    |  10: 89.52    |  11: 44.88    |  12: 67.07    |  13: 83.96    |  14: 94.84    |  15: 85.21    |  16: 95.81    |  17: 73.95    |  18: 76.73    |  19: 82.41   
[Batch: 1591/2400] mIoU: 53.75  |  FB-IoU: 86.32 |  0: 88.53    |  1: 87.24    |  2: 91.34    |  3: 90.86    |  4: 43.35    |  5: 83.62    |  6: 26.14    |  7: 57.73    |  8: 49.25    |  9: 92.84    |  10: 89.52    |  11: 44.88    |  12: 67.07    |  13: 83.96    |  14: 94.84    |  15: 85.21    |  16: 95.81    |  17: 73.95    |  18: 76.73    |  19: 82.41   
[Batch: 1592/2400] mIoU: 53.75  |  FB-IoU: 86.33 |  0: 88.53    |  1: 87.24    |  2: 91.34    |  3: 90.86    |  4: 43.35    |  5: 83.62    |  6: 26.14    |  7: 57.73    |  8: 49.25    |  9: 92.84    |  10: 89.52    |  11: 44.88    |  12: 67.07    |  13: 83.96    |  14: 94.84    |  15: 85.21    |  16: 95.81    |  17: 73.95    |  18: 76.73    |  19: 82.41   
[Batch: 1593/2400] mIoU: 53.74  |  FB-IoU: 86.33 |  0: 88.53    |  1: 87.24    |  2: 91.34    |  3: 90.86    |  4: 43.35    |  5: 83.62    |  6: 26.14    |  7: 57.73    |  8: 49.25    |  9: 92.84    |  10: 89.52    |  11: 44.88    |  12: 67.07    |  13: 83.96    |  14: 94.84    |  15: 85.21    |  16: 95.81    |  17: 73.95    |  18: 76.73    |  19: 82.41   
[Batch: 1594/2400] mIoU: 53.75  |  FB-IoU: 86.34 |  0: 88.53    |  1: 87.24    |  2: 91.34    |  3: 90.86    |  4: 43.35    |  5: 83.62    |  6: 26.14    |  7: 57.73    |  8: 49.25    |  9: 92.84    |  10: 89.52    |  11: 44.88    |  12: 67.07    |  13: 83.96    |  14: 94.84    |  15: 85.21    |  16: 95.81    |  17: 73.95    |  18: 76.73    |  19: 82.41   
[Batch: 1595/2400] mIoU: 53.75  |  FB-IoU: 86.34 |  0: 88.53    |  1: 87.24    |  2: 91.34    |  3: 90.86    |  4: 43.35    |  5: 83.62    |  6: 26.14    |  7: 57.73    |  8: 49.25    |  9: 92.84    |  10: 89.52    |  11: 44.88    |  12: 67.07    |  13: 83.96    |  14: 94.84    |  15: 85.21    |  16: 95.81    |  17: 73.95    |  18: 76.73    |  19: 82.41   
[Batch: 1596/2400] mIoU: 53.75  |  FB-IoU: 86.35 |  0: 88.53    |  1: 87.24    |  2: 91.34    |  3: 90.86    |  4: 43.35    |  5: 83.62    |  6: 26.14    |  7: 57.73    |  8: 49.25    |  9: 92.84    |  10: 89.52    |  11: 44.88    |  12: 67.07    |  13: 83.96    |  14: 94.84    |  15: 85.21    |  16: 95.81    |  17: 73.95    |  18: 76.73    |  19: 82.41   
[Batch: 1597/2400] mIoU: 53.75  |  FB-IoU: 86.36 |  0: 88.53    |  1: 87.24    |  2: 91.34    |  3: 90.86    |  4: 43.35    |  5: 83.62    |  6: 26.14    |  7: 57.73    |  8: 49.25    |  9: 92.84    |  10: 89.52    |  11: 44.88    |  12: 67.07    |  13: 83.96    |  14: 94.84    |  15: 85.21    |  16: 95.81    |  17: 73.95    |  18: 76.73    |  19: 82.41   
[Batch: 1598/2400] mIoU: 53.74  |  FB-IoU: 86.36 |  0: 88.53    |  1: 87.24    |  2: 91.34    |  3: 90.86    |  4: 43.35    |  5: 83.62    |  6: 26.14    |  7: 57.73    |  8: 49.25    |  9: 92.84    |  10: 89.52    |  11: 44.88    |  12: 67.07    |  13: 83.96    |  14: 94.84    |  15: 85.21    |  16: 95.81    |  17: 73.95    |  18: 76.73    |  19: 82.41   
[Batch: 1599/2400] mIoU: 53.74  |  FB-IoU: 86.37 |  0: 88.53    |  1: 87.24    |  2: 91.34    |  3: 90.86    |  4: 43.35    |  5: 83.62    |  6: 26.14    |  7: 57.73    |  8: 49.25    |  9: 92.84    |  10: 89.52    |  11: 44.88    |  12: 67.07    |  13: 83.96    |  14: 94.84    |  15: 85.21    |  16: 95.81    |  17: 73.95    |  18: 76.73    |  19: 82.41   
[Batch: 1600/2400] mIoU: 53.74  |  FB-IoU: 86.37 |  0: 88.53    |  1: 87.24    |  2: 91.34    |  3: 90.86    |  4: 43.35    |  5: 83.62    |  6: 26.14    |  7: 57.73    |  8: 49.25    |  9: 92.84    |  10: 89.52    |  11: 44.88    |  12: 67.07    |  13: 83.96    |  14: 94.84    |  15: 85.21    |  16: 95.81    |  17: 73.95    |  18: 76.73    |  19: 82.41   
[Batch: 1601/2400] mIoU: 54.15  |  FB-IoU: 86.38 |  0: 88.53    |  1: 87.24    |  2: 91.34    |  3: 90.86    |  4: 43.35    |  5: 83.62    |  6: 26.14    |  7: 57.73    |  8: 49.25    |  9: 92.84    |  10: 89.52    |  11: 44.88    |  12: 67.07    |  13: 83.96    |  14: 94.84    |  15: 85.21    |  16: 95.81    |  17: 73.95    |  18: 76.73    |  19: 82.41   
[Batch: 1602/2400] mIoU: 54.15  |  FB-IoU: 86.40 |  0: 88.53    |  1: 87.24    |  2: 91.34    |  3: 90.86    |  4: 43.35    |  5: 83.62    |  6: 26.14    |  7: 57.73    |  8: 49.25    |  9: 92.84    |  10: 89.52    |  11: 44.88    |  12: 67.07    |  13: 83.96    |  14: 94.84    |  15: 85.21    |  16: 95.81    |  17: 73.95    |  18: 76.73    |  19: 82.41   
[Batch: 1603/2400] mIoU: 54.15  |  FB-IoU: 86.41 |  0: 88.53    |  1: 87.24    |  2: 91.34    |  3: 90.86    |  4: 43.35    |  5: 83.62    |  6: 26.14    |  7: 57.73    |  8: 49.25    |  9: 92.84    |  10: 89.52    |  11: 44.88    |  12: 67.07    |  13: 83.96    |  14: 94.84    |  15: 85.21    |  16: 95.81    |  17: 73.95    |  18: 76.73    |  19: 82.41   
[Batch: 1604/2400] mIoU: 54.12  |  FB-IoU: 86.39 |  0: 88.53    |  1: 87.24    |  2: 91.34    |  3: 90.86    |  4: 43.35    |  5: 83.62    |  6: 26.14    |  7: 57.73    |  8: 49.25    |  9: 92.84    |  10: 89.52    |  11: 44.88    |  12: 67.07    |  13: 83.96    |  14: 94.84    |  15: 85.21    |  16: 95.81    |  17: 73.95    |  18: 76.73    |  19: 82.41   
[Batch: 1605/2400] mIoU: 54.12  |  FB-IoU: 86.40 |  0: 88.53    |  1: 87.24    |  2: 91.34    |  3: 90.86    |  4: 43.35    |  5: 83.62    |  6: 26.14    |  7: 57.73    |  8: 49.25    |  9: 92.84    |  10: 89.52    |  11: 44.88    |  12: 67.07    |  13: 83.96    |  14: 94.84    |  15: 85.21    |  16: 95.81    |  17: 73.95    |  18: 76.73    |  19: 82.41   
[Batch: 1606/2400] mIoU: 54.13  |  FB-IoU: 86.42 |  0: 88.53    |  1: 87.24    |  2: 91.34    |  3: 90.86    |  4: 43.35    |  5: 83.62    |  6: 26.14    |  7: 57.73    |  8: 49.25    |  9: 92.84    |  10: 89.52    |  11: 44.88    |  12: 67.07    |  13: 83.96    |  14: 94.84    |  15: 85.21    |  16: 95.81    |  17: 73.95    |  18: 76.73    |  19: 82.41   
[Batch: 1607/2400] mIoU: 54.13  |  FB-IoU: 86.43 |  0: 88.53    |  1: 87.24    |  2: 91.34    |  3: 90.86    |  4: 43.35    |  5: 83.62    |  6: 26.14    |  7: 57.73    |  8: 49.25    |  9: 92.84    |  10: 89.52    |  11: 44.88    |  12: 67.07    |  13: 83.96    |  14: 94.84    |  15: 85.21    |  16: 95.81    |  17: 73.95    |  18: 76.73    |  19: 82.41   
[Batch: 1608/2400] mIoU: 54.13  |  FB-IoU: 86.45 |  0: 88.53    |  1: 87.24    |  2: 91.34    |  3: 90.86    |  4: 43.35    |  5: 83.62    |  6: 26.14    |  7: 57.73    |  8: 49.25    |  9: 92.84    |  10: 89.52    |  11: 44.88    |  12: 67.07    |  13: 83.96    |  14: 94.84    |  15: 85.21    |  16: 95.81    |  17: 73.95    |  18: 76.73    |  19: 82.41   
[Batch: 1609/2400] mIoU: 54.14  |  FB-IoU: 86.45 |  0: 88.53    |  1: 87.24    |  2: 91.34    |  3: 90.86    |  4: 43.35    |  5: 83.62    |  6: 26.14    |  7: 57.73    |  8: 49.25    |  9: 92.84    |  10: 89.52    |  11: 44.88    |  12: 67.07    |  13: 83.96    |  14: 94.84    |  15: 85.21    |  16: 95.81    |  17: 73.95    |  18: 76.73    |  19: 82.41   
[Batch: 1610/2400] mIoU: 54.13  |  FB-IoU: 86.45 |  0: 88.53    |  1: 87.24    |  2: 91.34    |  3: 90.86    |  4: 43.35    |  5: 83.62    |  6: 26.14    |  7: 57.73    |  8: 49.25    |  9: 92.84    |  10: 89.52    |  11: 44.88    |  12: 67.07    |  13: 83.96    |  14: 94.84    |  15: 85.21    |  16: 95.81    |  17: 73.95    |  18: 76.73    |  19: 82.41   
[Batch: 1611/2400] mIoU: 54.41  |  FB-IoU: 86.44 |  0: 88.53    |  1: 87.24    |  2: 91.34    |  3: 90.86    |  4: 43.35    |  5: 83.62    |  6: 26.14    |  7: 57.73    |  8: 49.25    |  9: 92.84    |  10: 89.52    |  11: 44.88    |  12: 67.07    |  13: 83.96    |  14: 94.84    |  15: 85.21    |  16: 95.81    |  17: 73.95    |  18: 76.73    |  19: 82.41   
[Batch: 1612/2400] mIoU: 54.34  |  FB-IoU: 86.42 |  0: 88.53    |  1: 87.24    |  2: 91.34    |  3: 90.86    |  4: 43.35    |  5: 83.62    |  6: 26.14    |  7: 57.73    |  8: 49.25    |  9: 92.84    |  10: 89.52    |  11: 44.88    |  12: 67.07    |  13: 83.96    |  14: 94.84    |  15: 85.21    |  16: 95.81    |  17: 73.95    |  18: 76.73    |  19: 82.41   
[Batch: 1613/2400] mIoU: 54.40  |  FB-IoU: 86.42 |  0: 88.53    |  1: 87.24    |  2: 91.34    |  3: 90.86    |  4: 43.35    |  5: 83.62    |  6: 26.14    |  7: 57.73    |  8: 49.25    |  9: 92.84    |  10: 89.52    |  11: 44.88    |  12: 67.07    |  13: 83.96    |  14: 94.84    |  15: 85.21    |  16: 95.81    |  17: 73.95    |  18: 76.73    |  19: 82.41   
[Batch: 1614/2400] mIoU: 54.44  |  FB-IoU: 86.43 |  0: 88.53    |  1: 87.24    |  2: 91.34    |  3: 90.86    |  4: 43.35    |  5: 83.62    |  6: 26.14    |  7: 57.73    |  8: 49.25    |  9: 92.84    |  10: 89.52    |  11: 44.88    |  12: 67.07    |  13: 83.96    |  14: 94.84    |  15: 85.21    |  16: 95.81    |  17: 73.95    |  18: 76.73    |  19: 82.41   
[Batch: 1615/2400] mIoU: 54.45  |  FB-IoU: 86.43 |  0: 88.53    |  1: 87.24    |  2: 91.34    |  3: 90.86    |  4: 43.35    |  5: 83.62    |  6: 26.14    |  7: 57.73    |  8: 49.25    |  9: 92.84    |  10: 89.52    |  11: 44.88    |  12: 67.07    |  13: 83.96    |  14: 94.84    |  15: 85.21    |  16: 95.81    |  17: 73.95    |  18: 76.73    |  19: 82.41   
[Batch: 1616/2400] mIoU: 54.46  |  FB-IoU: 86.44 |  0: 88.53    |  1: 87.24    |  2: 91.34    |  3: 90.86    |  4: 43.35    |  5: 83.62    |  6: 26.14    |  7: 57.73    |  8: 49.25    |  9: 92.84    |  10: 89.52    |  11: 44.88    |  12: 67.07    |  13: 83.96    |  14: 94.84    |  15: 85.21    |  16: 95.81    |  17: 73.95    |  18: 76.73    |  19: 82.41   
[Batch: 1617/2400] mIoU: 54.45  |  FB-IoU: 86.42 |  0: 88.53    |  1: 87.24    |  2: 91.34    |  3: 90.86    |  4: 43.35    |  5: 83.62    |  6: 26.14    |  7: 57.73    |  8: 49.25    |  9: 92.84    |  10: 89.52    |  11: 44.88    |  12: 67.07    |  13: 83.96    |  14: 94.84    |  15: 85.21    |  16: 95.81    |  17: 73.95    |  18: 76.73    |  19: 82.41   
[Batch: 1618/2400] mIoU: 54.45  |  FB-IoU: 86.43 |  0: 88.53    |  1: 87.24    |  2: 91.34    |  3: 90.86    |  4: 43.35    |  5: 83.62    |  6: 26.14    |  7: 57.73    |  8: 49.25    |  9: 92.84    |  10: 89.52    |  11: 44.88    |  12: 67.07    |  13: 83.96    |  14: 94.84    |  15: 85.21    |  16: 95.81    |  17: 73.95    |  18: 76.73    |  19: 82.41   
[Batch: 1619/2400] mIoU: 54.44  |  FB-IoU: 86.41 |  0: 88.53    |  1: 87.24    |  2: 91.34    |  3: 90.86    |  4: 43.35    |  5: 83.62    |  6: 26.14    |  7: 57.73    |  8: 49.25    |  9: 92.84    |  10: 89.52    |  11: 44.88    |  12: 67.07    |  13: 83.96    |  14: 94.84    |  15: 85.21    |  16: 95.81    |  17: 73.95    |  18: 76.73    |  19: 82.41   
[Batch: 1620/2400] mIoU: 54.45  |  FB-IoU: 86.42 |  0: 88.53    |  1: 87.24    |  2: 91.34    |  3: 90.86    |  4: 43.35    |  5: 83.62    |  6: 26.14    |  7: 57.73    |  8: 49.25    |  9: 92.84    |  10: 89.52    |  11: 44.88    |  12: 67.07    |  13: 83.96    |  14: 94.84    |  15: 85.21    |  16: 95.81    |  17: 73.95    |  18: 76.73    |  19: 82.41   
[Batch: 1621/2400] mIoU: 54.86  |  FB-IoU: 86.43 |  0: 88.53    |  1: 87.24    |  2: 91.34    |  3: 90.86    |  4: 43.35    |  5: 83.62    |  6: 26.14    |  7: 57.73    |  8: 49.25    |  9: 92.84    |  10: 89.52    |  11: 44.88    |  12: 67.07    |  13: 83.96    |  14: 94.84    |  15: 85.21    |  16: 95.81    |  17: 73.95    |  18: 76.73    |  19: 82.41   
[Batch: 1622/2400] mIoU: 54.85  |  FB-IoU: 86.44 |  0: 88.53    |  1: 87.24    |  2: 91.34    |  3: 90.86    |  4: 43.35    |  5: 83.62    |  6: 26.14    |  7: 57.73    |  8: 49.25    |  9: 92.84    |  10: 89.52    |  11: 44.88    |  12: 67.07    |  13: 83.96    |  14: 94.84    |  15: 85.21    |  16: 95.81    |  17: 73.95    |  18: 76.73    |  19: 82.41   
[Batch: 1623/2400] mIoU: 54.82  |  FB-IoU: 86.43 |  0: 88.53    |  1: 87.24    |  2: 91.34    |  3: 90.86    |  4: 43.35    |  5: 83.62    |  6: 26.14    |  7: 57.73    |  8: 49.25    |  9: 92.84    |  10: 89.52    |  11: 44.88    |  12: 67.07    |  13: 83.96    |  14: 94.84    |  15: 85.21    |  16: 95.81    |  17: 73.95    |  18: 76.73    |  19: 82.41   
[Batch: 1624/2400] mIoU: 54.83  |  FB-IoU: 86.44 |  0: 88.53    |  1: 87.24    |  2: 91.34    |  3: 90.86    |  4: 43.35    |  5: 83.62    |  6: 26.14    |  7: 57.73    |  8: 49.25    |  9: 92.84    |  10: 89.52    |  11: 44.88    |  12: 67.07    |  13: 83.96    |  14: 94.84    |  15: 85.21    |  16: 95.81    |  17: 73.95    |  18: 76.73    |  19: 82.41   
[Batch: 1625/2400] mIoU: 54.84  |  FB-IoU: 86.45 |  0: 88.53    |  1: 87.24    |  2: 91.34    |  3: 90.86    |  4: 43.35    |  5: 83.62    |  6: 26.14    |  7: 57.73    |  8: 49.25    |  9: 92.84    |  10: 89.52    |  11: 44.88    |  12: 67.07    |  13: 83.96    |  14: 94.84    |  15: 85.21    |  16: 95.81    |  17: 73.95    |  18: 76.73    |  19: 82.41   
[Batch: 1626/2400] mIoU: 54.84  |  FB-IoU: 86.46 |  0: 88.53    |  1: 87.24    |  2: 91.34    |  3: 90.86    |  4: 43.35    |  5: 83.62    |  6: 26.14    |  7: 57.73    |  8: 49.25    |  9: 92.84    |  10: 89.52    |  11: 44.88    |  12: 67.07    |  13: 83.96    |  14: 94.84    |  15: 85.21    |  16: 95.81    |  17: 73.95    |  18: 76.73    |  19: 82.41   
[Batch: 1627/2400] mIoU: 54.84  |  FB-IoU: 86.47 |  0: 88.53    |  1: 87.24    |  2: 91.34    |  3: 90.86    |  4: 43.35    |  5: 83.62    |  6: 26.14    |  7: 57.73    |  8: 49.25    |  9: 92.84    |  10: 89.52    |  11: 44.88    |  12: 67.07    |  13: 83.96    |  14: 94.84    |  15: 85.21    |  16: 95.81    |  17: 73.95    |  18: 76.73    |  19: 82.41   
[Batch: 1628/2400] mIoU: 54.84  |  FB-IoU: 86.48 |  0: 88.53    |  1: 87.24    |  2: 91.34    |  3: 90.86    |  4: 43.35    |  5: 83.62    |  6: 26.14    |  7: 57.73    |  8: 49.25    |  9: 92.84    |  10: 89.52    |  11: 44.88    |  12: 67.07    |  13: 83.96    |  14: 94.84    |  15: 85.21    |  16: 95.81    |  17: 73.95    |  18: 76.73    |  19: 82.41   
[Batch: 1629/2400] mIoU: 54.84  |  FB-IoU: 86.49 |  0: 88.53    |  1: 87.24    |  2: 91.34    |  3: 90.86    |  4: 43.35    |  5: 83.62    |  6: 26.14    |  7: 57.73    |  8: 49.25    |  9: 92.84    |  10: 89.52    |  11: 44.88    |  12: 67.07    |  13: 83.96    |  14: 94.84    |  15: 85.21    |  16: 95.81    |  17: 73.95    |  18: 76.73    |  19: 82.41   
[Batch: 1630/2400] mIoU: 54.84  |  FB-IoU: 86.50 |  0: 88.53    |  1: 87.24    |  2: 91.34    |  3: 90.86    |  4: 43.35    |  5: 83.62    |  6: 26.14    |  7: 57.73    |  8: 49.25    |  9: 92.84    |  10: 89.52    |  11: 44.88    |  12: 67.07    |  13: 83.96    |  14: 94.84    |  15: 85.21    |  16: 95.81    |  17: 73.95    |  18: 76.73    |  19: 82.41   
[Batch: 1631/2400] mIoU: 55.25  |  FB-IoU: 86.50 |  0: 88.53    |  1: 87.24    |  2: 91.34    |  3: 90.86    |  4: 43.35    |  5: 83.62    |  6: 26.14    |  7: 57.73    |  8: 49.25    |  9: 92.84    |  10: 89.52    |  11: 44.88    |  12: 67.07    |  13: 83.96    |  14: 94.84    |  15: 85.21    |  16: 95.81    |  17: 73.95    |  18: 76.73    |  19: 82.41   
[Batch: 1632/2400] mIoU: 55.25  |  FB-IoU: 86.52 |  0: 88.53    |  1: 87.24    |  2: 91.34    |  3: 90.86    |  4: 43.35    |  5: 83.62    |  6: 26.14    |  7: 57.73    |  8: 49.25    |  9: 92.84    |  10: 89.52    |  11: 44.88    |  12: 67.07    |  13: 83.96    |  14: 94.84    |  15: 85.21    |  16: 95.81    |  17: 73.95    |  18: 76.73    |  19: 82.41   
[Batch: 1633/2400] mIoU: 55.25  |  FB-IoU: 86.53 |  0: 88.53    |  1: 87.24    |  2: 91.34    |  3: 90.86    |  4: 43.35    |  5: 83.62    |  6: 26.14    |  7: 57.73    |  8: 49.25    |  9: 92.84    |  10: 89.52    |  11: 44.88    |  12: 67.07    |  13: 83.96    |  14: 94.84    |  15: 85.21    |  16: 95.81    |  17: 73.95    |  18: 76.73    |  19: 82.41   
[Batch: 1634/2400] mIoU: 55.25  |  FB-IoU: 86.54 |  0: 88.53    |  1: 87.24    |  2: 91.34    |  3: 90.86    |  4: 43.35    |  5: 83.62    |  6: 26.14    |  7: 57.73    |  8: 49.25    |  9: 92.84    |  10: 89.52    |  11: 44.88    |  12: 67.07    |  13: 83.96    |  14: 94.84    |  15: 85.21    |  16: 95.81    |  17: 73.95    |  18: 76.73    |  19: 82.41   
[Batch: 1635/2400] mIoU: 55.25  |  FB-IoU: 86.55 |  0: 88.53    |  1: 87.24    |  2: 91.34    |  3: 90.86    |  4: 43.35    |  5: 83.62    |  6: 26.14    |  7: 57.73    |  8: 49.25    |  9: 92.84    |  10: 89.52    |  11: 44.88    |  12: 67.07    |  13: 83.96    |  14: 94.84    |  15: 85.21    |  16: 95.81    |  17: 73.95    |  18: 76.73    |  19: 82.41   
[Batch: 1636/2400] mIoU: 55.25  |  FB-IoU: 86.56 |  0: 88.53    |  1: 87.24    |  2: 91.34    |  3: 90.86    |  4: 43.35    |  5: 83.62    |  6: 26.14    |  7: 57.73    |  8: 49.25    |  9: 92.84    |  10: 89.52    |  11: 44.88    |  12: 67.07    |  13: 83.96    |  14: 94.84    |  15: 85.21    |  16: 95.81    |  17: 73.95    |  18: 76.73    |  19: 82.41   
[Batch: 1637/2400] mIoU: 55.25  |  FB-IoU: 86.57 |  0: 88.53    |  1: 87.24    |  2: 91.34    |  3: 90.86    |  4: 43.35    |  5: 83.62    |  6: 26.14    |  7: 57.73    |  8: 49.25    |  9: 92.84    |  10: 89.52    |  11: 44.88    |  12: 67.07    |  13: 83.96    |  14: 94.84    |  15: 85.21    |  16: 95.81    |  17: 73.95    |  18: 76.73    |  19: 82.41   
[Batch: 1638/2400] mIoU: 55.25  |  FB-IoU: 86.58 |  0: 88.53    |  1: 87.24    |  2: 91.34    |  3: 90.86    |  4: 43.35    |  5: 83.62    |  6: 26.14    |  7: 57.73    |  8: 49.25    |  9: 92.84    |  10: 89.52    |  11: 44.88    |  12: 67.07    |  13: 83.96    |  14: 94.84    |  15: 85.21    |  16: 95.81    |  17: 73.95    |  18: 76.73    |  19: 82.41   
[Batch: 1639/2400] mIoU: 55.25  |  FB-IoU: 86.59 |  0: 88.53    |  1: 87.24    |  2: 91.34    |  3: 90.86    |  4: 43.35    |  5: 83.62    |  6: 26.14    |  7: 57.73    |  8: 49.25    |  9: 92.84    |  10: 89.52    |  11: 44.88    |  12: 67.07    |  13: 83.96    |  14: 94.84    |  15: 85.21    |  16: 95.81    |  17: 73.95    |  18: 76.73    |  19: 82.41   
[Batch: 1640/2400] mIoU: 55.25  |  FB-IoU: 86.59 |  0: 88.53    |  1: 87.24    |  2: 91.34    |  3: 90.86    |  4: 43.35    |  5: 83.62    |  6: 26.14    |  7: 57.73    |  8: 49.25    |  9: 92.84    |  10: 89.52    |  11: 44.88    |  12: 67.07    |  13: 83.96    |  14: 94.84    |  15: 85.21    |  16: 95.81    |  17: 73.95    |  18: 76.73    |  19: 82.41   
[Batch: 1641/2400] mIoU: 55.66  |  FB-IoU: 86.60 |  0: 88.53    |  1: 87.24    |  2: 91.34    |  3: 90.86    |  4: 43.35    |  5: 83.62    |  6: 26.14    |  7: 57.73    |  8: 49.25    |  9: 92.84    |  10: 89.52    |  11: 44.88    |  12: 67.07    |  13: 83.96    |  14: 94.84    |  15: 85.21    |  16: 95.81    |  17: 73.95    |  18: 76.73    |  19: 82.41   
[Batch: 1642/2400] mIoU: 55.66  |  FB-IoU: 86.61 |  0: 88.53    |  1: 87.24    |  2: 91.34    |  3: 90.86    |  4: 43.35    |  5: 83.62    |  6: 26.14    |  7: 57.73    |  8: 49.25    |  9: 92.84    |  10: 89.52    |  11: 44.88    |  12: 67.07    |  13: 83.96    |  14: 94.84    |  15: 85.21    |  16: 95.81    |  17: 73.95    |  18: 76.73    |  19: 82.41   
[Batch: 1643/2400] mIoU: 55.55  |  FB-IoU: 86.58 |  0: 88.53    |  1: 87.24    |  2: 91.34    |  3: 90.86    |  4: 43.35    |  5: 83.62    |  6: 26.14    |  7: 57.73    |  8: 49.25    |  9: 92.84    |  10: 89.52    |  11: 44.88    |  12: 67.07    |  13: 83.96    |  14: 94.84    |  15: 85.21    |  16: 95.81    |  17: 73.95    |  18: 76.73    |  19: 82.41   
[Batch: 1644/2400] mIoU: 55.58  |  FB-IoU: 86.59 |  0: 88.53    |  1: 87.24    |  2: 91.34    |  3: 90.86    |  4: 43.35    |  5: 83.62    |  6: 26.14    |  7: 57.73    |  8: 49.25    |  9: 92.84    |  10: 89.52    |  11: 44.88    |  12: 67.07    |  13: 83.96    |  14: 94.84    |  15: 85.21    |  16: 95.81    |  17: 73.95    |  18: 76.73    |  19: 82.41   
[Batch: 1645/2400] mIoU: 55.59  |  FB-IoU: 86.59 |  0: 88.53    |  1: 87.24    |  2: 91.34    |  3: 90.86    |  4: 43.35    |  5: 83.62    |  6: 26.14    |  7: 57.73    |  8: 49.25    |  9: 92.84    |  10: 89.52    |  11: 44.88    |  12: 67.07    |  13: 83.96    |  14: 94.84    |  15: 85.21    |  16: 95.81    |  17: 73.95    |  18: 76.73    |  19: 82.41   
[Batch: 1646/2400] mIoU: 55.60  |  FB-IoU: 86.60 |  0: 88.53    |  1: 87.24    |  2: 91.34    |  3: 90.86    |  4: 43.35    |  5: 83.62    |  6: 26.14    |  7: 57.73    |  8: 49.25    |  9: 92.84    |  10: 89.52    |  11: 44.88    |  12: 67.07    |  13: 83.96    |  14: 94.84    |  15: 85.21    |  16: 95.81    |  17: 73.95    |  18: 76.73    |  19: 82.41   
[Batch: 1647/2400] mIoU: 55.60  |  FB-IoU: 86.60 |  0: 88.53    |  1: 87.24    |  2: 91.34    |  3: 90.86    |  4: 43.35    |  5: 83.62    |  6: 26.14    |  7: 57.73    |  8: 49.25    |  9: 92.84    |  10: 89.52    |  11: 44.88    |  12: 67.07    |  13: 83.96    |  14: 94.84    |  15: 85.21    |  16: 95.81    |  17: 73.95    |  18: 76.73    |  19: 82.41   
[Batch: 1648/2400] mIoU: 55.61  |  FB-IoU: 86.61 |  0: 88.53    |  1: 87.24    |  2: 91.34    |  3: 90.86    |  4: 43.35    |  5: 83.62    |  6: 26.14    |  7: 57.73    |  8: 49.25    |  9: 92.84    |  10: 89.52    |  11: 44.88    |  12: 67.07    |  13: 83.96    |  14: 94.84    |  15: 85.21    |  16: 95.81    |  17: 73.95    |  18: 76.73    |  19: 82.41   
[Batch: 1649/2400] mIoU: 55.61  |  FB-IoU: 86.61 |  0: 88.53    |  1: 87.24    |  2: 91.34    |  3: 90.86    |  4: 43.35    |  5: 83.62    |  6: 26.14    |  7: 57.73    |  8: 49.25    |  9: 92.84    |  10: 89.52    |  11: 44.88    |  12: 67.07    |  13: 83.96    |  14: 94.84    |  15: 85.21    |  16: 95.81    |  17: 73.95    |  18: 76.73    |  19: 82.41   
[Batch: 1650/2400] mIoU: 55.61  |  FB-IoU: 86.62 |  0: 88.53    |  1: 87.24    |  2: 91.34    |  3: 90.86    |  4: 43.35    |  5: 83.62    |  6: 26.14    |  7: 57.73    |  8: 49.25    |  9: 92.84    |  10: 89.52    |  11: 44.88    |  12: 67.07    |  13: 83.96    |  14: 94.84    |  15: 85.21    |  16: 95.81    |  17: 73.95    |  18: 76.73    |  19: 82.41   
[Batch: 1651/2400] mIoU: 56.02  |  FB-IoU: 86.63 |  0: 88.53    |  1: 87.24    |  2: 91.34    |  3: 90.86    |  4: 43.35    |  5: 83.62    |  6: 26.14    |  7: 57.73    |  8: 49.25    |  9: 92.84    |  10: 89.52    |  11: 44.88    |  12: 67.07    |  13: 83.96    |  14: 94.84    |  15: 85.21    |  16: 95.81    |  17: 73.95    |  18: 76.73    |  19: 82.41   
[Batch: 1652/2400] mIoU: 56.02  |  FB-IoU: 86.63 |  0: 88.53    |  1: 87.24    |  2: 91.34    |  3: 90.86    |  4: 43.35    |  5: 83.62    |  6: 26.14    |  7: 57.73    |  8: 49.25    |  9: 92.84    |  10: 89.52    |  11: 44.88    |  12: 67.07    |  13: 83.96    |  14: 94.84    |  15: 85.21    |  16: 95.81    |  17: 73.95    |  18: 76.73    |  19: 82.41   
[Batch: 1653/2400] mIoU: 56.02  |  FB-IoU: 86.64 |  0: 88.53    |  1: 87.24    |  2: 91.34    |  3: 90.86    |  4: 43.35    |  5: 83.62    |  6: 26.14    |  7: 57.73    |  8: 49.25    |  9: 92.84    |  10: 89.52    |  11: 44.88    |  12: 67.07    |  13: 83.96    |  14: 94.84    |  15: 85.21    |  16: 95.81    |  17: 73.95    |  18: 76.73    |  19: 82.41   
[Batch: 1654/2400] mIoU: 56.02  |  FB-IoU: 86.64 |  0: 88.53    |  1: 87.24    |  2: 91.34    |  3: 90.86    |  4: 43.35    |  5: 83.62    |  6: 26.14    |  7: 57.73    |  8: 49.25    |  9: 92.84    |  10: 89.52    |  11: 44.88    |  12: 67.07    |  13: 83.96    |  14: 94.84    |  15: 85.21    |  16: 95.81    |  17: 73.95    |  18: 76.73    |  19: 82.41   
[Batch: 1655/2400] mIoU: 56.02  |  FB-IoU: 86.65 |  0: 88.53    |  1: 87.24    |  2: 91.34    |  3: 90.86    |  4: 43.35    |  5: 83.62    |  6: 26.14    |  7: 57.73    |  8: 49.25    |  9: 92.84    |  10: 89.52    |  11: 44.88    |  12: 67.07    |  13: 83.96    |  14: 94.84    |  15: 85.21    |  16: 95.81    |  17: 73.95    |  18: 76.73    |  19: 82.41   
[Batch: 1656/2400] mIoU: 56.02  |  FB-IoU: 86.66 |  0: 88.53    |  1: 87.24    |  2: 91.34    |  3: 90.86    |  4: 43.35    |  5: 83.62    |  6: 26.14    |  7: 57.73    |  8: 49.25    |  9: 92.84    |  10: 89.52    |  11: 44.88    |  12: 67.07    |  13: 83.96    |  14: 94.84    |  15: 85.21    |  16: 95.81    |  17: 73.95    |  18: 76.73    |  19: 82.41   
[Batch: 1657/2400] mIoU: 56.02  |  FB-IoU: 86.66 |  0: 88.53    |  1: 87.24    |  2: 91.34    |  3: 90.86    |  4: 43.35    |  5: 83.62    |  6: 26.14    |  7: 57.73    |  8: 49.25    |  9: 92.84    |  10: 89.52    |  11: 44.88    |  12: 67.07    |  13: 83.96    |  14: 94.84    |  15: 85.21    |  16: 95.81    |  17: 73.95    |  18: 76.73    |  19: 82.41   
[Batch: 1658/2400] mIoU: 56.02  |  FB-IoU: 86.67 |  0: 88.53    |  1: 87.24    |  2: 91.34    |  3: 90.86    |  4: 43.35    |  5: 83.62    |  6: 26.14    |  7: 57.73    |  8: 49.25    |  9: 92.84    |  10: 89.52    |  11: 44.88    |  12: 67.07    |  13: 83.96    |  14: 94.84    |  15: 85.21    |  16: 95.81    |  17: 73.95    |  18: 76.73    |  19: 82.41   
[Batch: 1659/2400] mIoU: 56.01  |  FB-IoU: 86.67 |  0: 88.53    |  1: 87.24    |  2: 91.34    |  3: 90.86    |  4: 43.35    |  5: 83.62    |  6: 26.14    |  7: 57.73    |  8: 49.25    |  9: 92.84    |  10: 89.52    |  11: 44.88    |  12: 67.07    |  13: 83.96    |  14: 94.84    |  15: 85.21    |  16: 95.81    |  17: 73.95    |  18: 76.73    |  19: 82.41   
[Batch: 1660/2400] mIoU: 56.01  |  FB-IoU: 86.68 |  0: 88.53    |  1: 87.24    |  2: 91.34    |  3: 90.86    |  4: 43.35    |  5: 83.62    |  6: 26.14    |  7: 57.73    |  8: 49.25    |  9: 92.84    |  10: 89.52    |  11: 44.88    |  12: 67.07    |  13: 83.96    |  14: 94.84    |  15: 85.21    |  16: 95.81    |  17: 73.95    |  18: 76.73    |  19: 82.41   
[Batch: 1661/2400] mIoU: 56.39  |  FB-IoU: 86.68 |  0: 88.53    |  1: 87.24    |  2: 91.34    |  3: 90.86    |  4: 43.35    |  5: 83.62    |  6: 26.14    |  7: 57.73    |  8: 49.25    |  9: 92.84    |  10: 89.52    |  11: 44.88    |  12: 67.07    |  13: 83.96    |  14: 94.84    |  15: 85.21    |  16: 95.81    |  17: 73.95    |  18: 76.73    |  19: 82.41   
[Batch: 1662/2400] mIoU: 56.39  |  FB-IoU: 86.68 |  0: 88.53    |  1: 87.24    |  2: 91.34    |  3: 90.86    |  4: 43.35    |  5: 83.62    |  6: 26.14    |  7: 57.73    |  8: 49.25    |  9: 92.84    |  10: 89.52    |  11: 44.88    |  12: 67.07    |  13: 83.96    |  14: 94.84    |  15: 85.21    |  16: 95.81    |  17: 73.95    |  18: 76.73    |  19: 82.41   
[Batch: 1663/2400] mIoU: 56.40  |  FB-IoU: 86.69 |  0: 88.53    |  1: 87.24    |  2: 91.34    |  3: 90.86    |  4: 43.35    |  5: 83.62    |  6: 26.14    |  7: 57.73    |  8: 49.25    |  9: 92.84    |  10: 89.52    |  11: 44.88    |  12: 67.07    |  13: 83.96    |  14: 94.84    |  15: 85.21    |  16: 95.81    |  17: 73.95    |  18: 76.73    |  19: 82.41   
[Batch: 1664/2400] mIoU: 56.40  |  FB-IoU: 86.70 |  0: 88.53    |  1: 87.24    |  2: 91.34    |  3: 90.86    |  4: 43.35    |  5: 83.62    |  6: 26.14    |  7: 57.73    |  8: 49.25    |  9: 92.84    |  10: 89.52    |  11: 44.88    |  12: 67.07    |  13: 83.96    |  14: 94.84    |  15: 85.21    |  16: 95.81    |  17: 73.95    |  18: 76.73    |  19: 82.41   
[Batch: 1665/2400] mIoU: 56.40  |  FB-IoU: 86.70 |  0: 88.53    |  1: 87.24    |  2: 91.34    |  3: 90.86    |  4: 43.35    |  5: 83.62    |  6: 26.14    |  7: 57.73    |  8: 49.25    |  9: 92.84    |  10: 89.52    |  11: 44.88    |  12: 67.07    |  13: 83.96    |  14: 94.84    |  15: 85.21    |  16: 95.81    |  17: 73.95    |  18: 76.73    |  19: 82.41   
[Batch: 1666/2400] mIoU: 56.40  |  FB-IoU: 86.71 |  0: 88.53    |  1: 87.24    |  2: 91.34    |  3: 90.86    |  4: 43.35    |  5: 83.62    |  6: 26.14    |  7: 57.73    |  8: 49.25    |  9: 92.84    |  10: 89.52    |  11: 44.88    |  12: 67.07    |  13: 83.96    |  14: 94.84    |  15: 85.21    |  16: 95.81    |  17: 73.95    |  18: 76.73    |  19: 82.41   
[Batch: 1667/2400] mIoU: 56.39  |  FB-IoU: 86.71 |  0: 88.53    |  1: 87.24    |  2: 91.34    |  3: 90.86    |  4: 43.35    |  5: 83.62    |  6: 26.14    |  7: 57.73    |  8: 49.25    |  9: 92.84    |  10: 89.52    |  11: 44.88    |  12: 67.07    |  13: 83.96    |  14: 94.84    |  15: 85.21    |  16: 95.81    |  17: 73.95    |  18: 76.73    |  19: 82.41   
[Batch: 1668/2400] mIoU: 56.39  |  FB-IoU: 86.71 |  0: 88.53    |  1: 87.24    |  2: 91.34    |  3: 90.86    |  4: 43.35    |  5: 83.62    |  6: 26.14    |  7: 57.73    |  8: 49.25    |  9: 92.84    |  10: 89.52    |  11: 44.88    |  12: 67.07    |  13: 83.96    |  14: 94.84    |  15: 85.21    |  16: 95.81    |  17: 73.95    |  18: 76.73    |  19: 82.41   
[Batch: 1669/2400] mIoU: 56.39  |  FB-IoU: 86.71 |  0: 88.53    |  1: 87.24    |  2: 91.34    |  3: 90.86    |  4: 43.35    |  5: 83.62    |  6: 26.14    |  7: 57.73    |  8: 49.25    |  9: 92.84    |  10: 89.52    |  11: 44.88    |  12: 67.07    |  13: 83.96    |  14: 94.84    |  15: 85.21    |  16: 95.81    |  17: 73.95    |  18: 76.73    |  19: 82.41   
[Batch: 1670/2400] mIoU: 56.38  |  FB-IoU: 86.71 |  0: 88.53    |  1: 87.24    |  2: 91.34    |  3: 90.86    |  4: 43.35    |  5: 83.62    |  6: 26.14    |  7: 57.73    |  8: 49.25    |  9: 92.84    |  10: 89.52    |  11: 44.88    |  12: 67.07    |  13: 83.96    |  14: 94.84    |  15: 85.21    |  16: 95.81    |  17: 73.95    |  18: 76.73    |  19: 82.41   
[Batch: 1671/2400] mIoU: 56.77  |  FB-IoU: 86.72 |  0: 88.53    |  1: 87.24    |  2: 91.34    |  3: 90.86    |  4: 43.35    |  5: 83.62    |  6: 26.14    |  7: 57.73    |  8: 49.25    |  9: 92.84    |  10: 89.52    |  11: 44.88    |  12: 67.07    |  13: 83.96    |  14: 94.84    |  15: 85.21    |  16: 95.81    |  17: 73.95    |  18: 76.73    |  19: 82.41   
[Batch: 1672/2400] mIoU: 56.78  |  FB-IoU: 86.73 |  0: 88.53    |  1: 87.24    |  2: 91.34    |  3: 90.86    |  4: 43.35    |  5: 83.62    |  6: 26.14    |  7: 57.73    |  8: 49.25    |  9: 92.84    |  10: 89.52    |  11: 44.88    |  12: 67.07    |  13: 83.96    |  14: 94.84    |  15: 85.21    |  16: 95.81    |  17: 73.95    |  18: 76.73    |  19: 82.41   
[Batch: 1673/2400] mIoU: 56.78  |  FB-IoU: 86.73 |  0: 88.53    |  1: 87.24    |  2: 91.34    |  3: 90.86    |  4: 43.35    |  5: 83.62    |  6: 26.14    |  7: 57.73    |  8: 49.25    |  9: 92.84    |  10: 89.52    |  11: 44.88    |  12: 67.07    |  13: 83.96    |  14: 94.84    |  15: 85.21    |  16: 95.81    |  17: 73.95    |  18: 76.73    |  19: 82.41   
[Batch: 1674/2400] mIoU: 56.78  |  FB-IoU: 86.74 |  0: 88.53    |  1: 87.24    |  2: 91.34    |  3: 90.86    |  4: 43.35    |  5: 83.62    |  6: 26.14    |  7: 57.73    |  8: 49.25    |  9: 92.84    |  10: 89.52    |  11: 44.88    |  12: 67.07    |  13: 83.96    |  14: 94.84    |  15: 85.21    |  16: 95.81    |  17: 73.95    |  18: 76.73    |  19: 82.41   
[Batch: 1675/2400] mIoU: 56.62  |  FB-IoU: 86.64 |  0: 88.53    |  1: 87.24    |  2: 91.34    |  3: 90.86    |  4: 43.35    |  5: 83.62    |  6: 26.14    |  7: 57.73    |  8: 49.25    |  9: 92.84    |  10: 89.52    |  11: 44.88    |  12: 67.07    |  13: 83.96    |  14: 94.84    |  15: 85.21    |  16: 95.81    |  17: 73.95    |  18: 76.73    |  19: 82.41   
[Batch: 1676/2400] mIoU: 56.62  |  FB-IoU: 86.62 |  0: 88.53    |  1: 87.24    |  2: 91.34    |  3: 90.86    |  4: 43.35    |  5: 83.62    |  6: 26.14    |  7: 57.73    |  8: 49.25    |  9: 92.84    |  10: 89.52    |  11: 44.88    |  12: 67.07    |  13: 83.96    |  14: 94.84    |  15: 85.21    |  16: 95.81    |  17: 73.95    |  18: 76.73    |  19: 82.41   
[Batch: 1677/2400] mIoU: 56.64  |  FB-IoU: 86.63 |  0: 88.53    |  1: 87.24    |  2: 91.34    |  3: 90.86    |  4: 43.35    |  5: 83.62    |  6: 26.14    |  7: 57.73    |  8: 49.25    |  9: 92.84    |  10: 89.52    |  11: 44.88    |  12: 67.07    |  13: 83.96    |  14: 94.84    |  15: 85.21    |  16: 95.81    |  17: 73.95    |  18: 76.73    |  19: 82.41   
[Batch: 1678/2400] mIoU: 56.65  |  FB-IoU: 86.63 |  0: 88.53    |  1: 87.24    |  2: 91.34    |  3: 90.86    |  4: 43.35    |  5: 83.62    |  6: 26.14    |  7: 57.73    |  8: 49.25    |  9: 92.84    |  10: 89.52    |  11: 44.88    |  12: 67.07    |  13: 83.96    |  14: 94.84    |  15: 85.21    |  16: 95.81    |  17: 73.95    |  18: 76.73    |  19: 82.41   
[Batch: 1679/2400] mIoU: 56.66  |  FB-IoU: 86.64 |  0: 88.53    |  1: 87.24    |  2: 91.34    |  3: 90.86    |  4: 43.35    |  5: 83.62    |  6: 26.14    |  7: 57.73    |  8: 49.25    |  9: 92.84    |  10: 89.52    |  11: 44.88    |  12: 67.07    |  13: 83.96    |  14: 94.84    |  15: 85.21    |  16: 95.81    |  17: 73.95    |  18: 76.73    |  19: 82.41   
[Batch: 1680/2400] mIoU: 56.67  |  FB-IoU: 86.65 |  0: 88.53    |  1: 87.24    |  2: 91.34    |  3: 90.86    |  4: 43.35    |  5: 83.62    |  6: 26.14    |  7: 57.73    |  8: 49.25    |  9: 92.84    |  10: 89.52    |  11: 44.88    |  12: 67.07    |  13: 83.96    |  14: 94.84    |  15: 85.21    |  16: 95.81    |  17: 73.95    |  18: 76.73    |  19: 82.41   
[Batch: 1681/2400] mIoU: 57.08  |  FB-IoU: 86.66 |  0: 88.53    |  1: 87.24    |  2: 91.34    |  3: 90.86    |  4: 43.35    |  5: 83.62    |  6: 26.14    |  7: 57.73    |  8: 49.25    |  9: 92.84    |  10: 89.52    |  11: 44.88    |  12: 67.07    |  13: 83.96    |  14: 94.84    |  15: 85.21    |  16: 95.81    |  17: 73.95    |  18: 76.73    |  19: 82.41   
[Batch: 1682/2400] mIoU: 57.07  |  FB-IoU: 86.67 |  0: 88.53    |  1: 87.24    |  2: 91.34    |  3: 90.86    |  4: 43.35    |  5: 83.62    |  6: 26.14    |  7: 57.73    |  8: 49.25    |  9: 92.84    |  10: 89.52    |  11: 44.88    |  12: 67.07    |  13: 83.96    |  14: 94.84    |  15: 85.21    |  16: 95.81    |  17: 73.95    |  18: 76.73    |  19: 82.41   
[Batch: 1683/2400] mIoU: 57.07  |  FB-IoU: 86.67 |  0: 88.53    |  1: 87.24    |  2: 91.34    |  3: 90.86    |  4: 43.35    |  5: 83.62    |  6: 26.14    |  7: 57.73    |  8: 49.25    |  9: 92.84    |  10: 89.52    |  11: 44.88    |  12: 67.07    |  13: 83.96    |  14: 94.84    |  15: 85.21    |  16: 95.81    |  17: 73.95    |  18: 76.73    |  19: 82.41   
[Batch: 1684/2400] mIoU: 57.07  |  FB-IoU: 86.69 |  0: 88.53    |  1: 87.24    |  2: 91.34    |  3: 90.86    |  4: 43.35    |  5: 83.62    |  6: 26.14    |  7: 57.73    |  8: 49.25    |  9: 92.84    |  10: 89.52    |  11: 44.88    |  12: 67.07    |  13: 83.96    |  14: 94.84    |  15: 85.21    |  16: 95.81    |  17: 73.95    |  18: 76.73    |  19: 82.41   
[Batch: 1685/2400] mIoU: 57.07  |  FB-IoU: 86.70 |  0: 88.53    |  1: 87.24    |  2: 91.34    |  3: 90.86    |  4: 43.35    |  5: 83.62    |  6: 26.14    |  7: 57.73    |  8: 49.25    |  9: 92.84    |  10: 89.52    |  11: 44.88    |  12: 67.07    |  13: 83.96    |  14: 94.84    |  15: 85.21    |  16: 95.81    |  17: 73.95    |  18: 76.73    |  19: 82.41   
[Batch: 1686/2400] mIoU: 57.08  |  FB-IoU: 86.71 |  0: 88.53    |  1: 87.24    |  2: 91.34    |  3: 90.86    |  4: 43.35    |  5: 83.62    |  6: 26.14    |  7: 57.73    |  8: 49.25    |  9: 92.84    |  10: 89.52    |  11: 44.88    |  12: 67.07    |  13: 83.96    |  14: 94.84    |  15: 85.21    |  16: 95.81    |  17: 73.95    |  18: 76.73    |  19: 82.41   
[Batch: 1687/2400] mIoU: 57.08  |  FB-IoU: 86.72 |  0: 88.53    |  1: 87.24    |  2: 91.34    |  3: 90.86    |  4: 43.35    |  5: 83.62    |  6: 26.14    |  7: 57.73    |  8: 49.25    |  9: 92.84    |  10: 89.52    |  11: 44.88    |  12: 67.07    |  13: 83.96    |  14: 94.84    |  15: 85.21    |  16: 95.81    |  17: 73.95    |  18: 76.73    |  19: 82.41   
[Batch: 1688/2400] mIoU: 57.08  |  FB-IoU: 86.74 |  0: 88.53    |  1: 87.24    |  2: 91.34    |  3: 90.86    |  4: 43.35    |  5: 83.62    |  6: 26.14    |  7: 57.73    |  8: 49.25    |  9: 92.84    |  10: 89.52    |  11: 44.88    |  12: 67.07    |  13: 83.96    |  14: 94.84    |  15: 85.21    |  16: 95.81    |  17: 73.95    |  18: 76.73    |  19: 82.41   
[Batch: 1689/2400] mIoU: 57.08  |  FB-IoU: 86.75 |  0: 88.53    |  1: 87.24    |  2: 91.34    |  3: 90.86    |  4: 43.35    |  5: 83.62    |  6: 26.14    |  7: 57.73    |  8: 49.25    |  9: 92.84    |  10: 89.52    |  11: 44.88    |  12: 67.07    |  13: 83.96    |  14: 94.84    |  15: 85.21    |  16: 95.81    |  17: 73.95    |  18: 76.73    |  19: 82.41   
[Batch: 1690/2400] mIoU: 57.08  |  FB-IoU: 86.76 |  0: 88.53    |  1: 87.24    |  2: 91.34    |  3: 90.86    |  4: 43.35    |  5: 83.62    |  6: 26.14    |  7: 57.73    |  8: 49.25    |  9: 92.84    |  10: 89.52    |  11: 44.88    |  12: 67.07    |  13: 83.96    |  14: 94.84    |  15: 85.21    |  16: 95.81    |  17: 73.95    |  18: 76.73    |  19: 82.41   
[Batch: 1691/2400] mIoU: 57.49  |  FB-IoU: 86.77 |  0: 88.53    |  1: 87.24    |  2: 91.34    |  3: 90.86    |  4: 43.35    |  5: 83.62    |  6: 26.14    |  7: 57.73    |  8: 49.25    |  9: 92.84    |  10: 89.52    |  11: 44.88    |  12: 67.07    |  13: 83.96    |  14: 94.84    |  15: 85.21    |  16: 95.81    |  17: 73.95    |  18: 76.73    |  19: 82.41   
[Batch: 1692/2400] mIoU: 57.48  |  FB-IoU: 86.77 |  0: 88.53    |  1: 87.24    |  2: 91.34    |  3: 90.86    |  4: 43.35    |  5: 83.62    |  6: 26.14    |  7: 57.73    |  8: 49.25    |  9: 92.84    |  10: 89.52    |  11: 44.88    |  12: 67.07    |  13: 83.96    |  14: 94.84    |  15: 85.21    |  16: 95.81    |  17: 73.95    |  18: 76.73    |  19: 82.41   
[Batch: 1693/2400] mIoU: 57.48  |  FB-IoU: 86.78 |  0: 88.53    |  1: 87.24    |  2: 91.34    |  3: 90.86    |  4: 43.35    |  5: 83.62    |  6: 26.14    |  7: 57.73    |  8: 49.25    |  9: 92.84    |  10: 89.52    |  11: 44.88    |  12: 67.07    |  13: 83.96    |  14: 94.84    |  15: 85.21    |  16: 95.81    |  17: 73.95    |  18: 76.73    |  19: 82.41   
[Batch: 1694/2400] mIoU: 57.47  |  FB-IoU: 86.78 |  0: 88.53    |  1: 87.24    |  2: 91.34    |  3: 90.86    |  4: 43.35    |  5: 83.62    |  6: 26.14    |  7: 57.73    |  8: 49.25    |  9: 92.84    |  10: 89.52    |  11: 44.88    |  12: 67.07    |  13: 83.96    |  14: 94.84    |  15: 85.21    |  16: 95.81    |  17: 73.95    |  18: 76.73    |  19: 82.41   
[Batch: 1695/2400] mIoU: 57.47  |  FB-IoU: 86.79 |  0: 88.53    |  1: 87.24    |  2: 91.34    |  3: 90.86    |  4: 43.35    |  5: 83.62    |  6: 26.14    |  7: 57.73    |  8: 49.25    |  9: 92.84    |  10: 89.52    |  11: 44.88    |  12: 67.07    |  13: 83.96    |  14: 94.84    |  15: 85.21    |  16: 95.81    |  17: 73.95    |  18: 76.73    |  19: 82.41   
[Batch: 1696/2400] mIoU: 57.48  |  FB-IoU: 86.79 |  0: 88.53    |  1: 87.24    |  2: 91.34    |  3: 90.86    |  4: 43.35    |  5: 83.62    |  6: 26.14    |  7: 57.73    |  8: 49.25    |  9: 92.84    |  10: 89.52    |  11: 44.88    |  12: 67.07    |  13: 83.96    |  14: 94.84    |  15: 85.21    |  16: 95.81    |  17: 73.95    |  18: 76.73    |  19: 82.41   
[Batch: 1697/2400] mIoU: 57.44  |  FB-IoU: 86.78 |  0: 88.53    |  1: 87.24    |  2: 91.34    |  3: 90.86    |  4: 43.35    |  5: 83.62    |  6: 26.14    |  7: 57.73    |  8: 49.25    |  9: 92.84    |  10: 89.52    |  11: 44.88    |  12: 67.07    |  13: 83.96    |  14: 94.84    |  15: 85.21    |  16: 95.81    |  17: 73.95    |  18: 76.73    |  19: 82.41   
[Batch: 1698/2400] mIoU: 57.45  |  FB-IoU: 86.79 |  0: 88.53    |  1: 87.24    |  2: 91.34    |  3: 90.86    |  4: 43.35    |  5: 83.62    |  6: 26.14    |  7: 57.73    |  8: 49.25    |  9: 92.84    |  10: 89.52    |  11: 44.88    |  12: 67.07    |  13: 83.96    |  14: 94.84    |  15: 85.21    |  16: 95.81    |  17: 73.95    |  18: 76.73    |  19: 82.41   
[Batch: 1699/2400] mIoU: 57.45  |  FB-IoU: 86.79 |  0: 88.53    |  1: 87.24    |  2: 91.34    |  3: 90.86    |  4: 43.35    |  5: 83.62    |  6: 26.14    |  7: 57.73    |  8: 49.25    |  9: 92.84    |  10: 89.52    |  11: 44.88    |  12: 67.07    |  13: 83.96    |  14: 94.84    |  15: 85.21    |  16: 95.81    |  17: 73.95    |  18: 76.73    |  19: 82.41   
[Batch: 1700/2400] mIoU: 57.42  |  FB-IoU: 86.77 |  0: 88.53    |  1: 87.24    |  2: 91.34    |  3: 90.86    |  4: 43.35    |  5: 83.62    |  6: 26.14    |  7: 57.73    |  8: 49.25    |  9: 92.84    |  10: 89.52    |  11: 44.88    |  12: 67.07    |  13: 83.96    |  14: 94.84    |  15: 85.21    |  16: 95.81    |  17: 73.95    |  18: 76.73    |  19: 82.41   
[Batch: 1701/2400] mIoU: 57.77  |  FB-IoU: 86.77 |  0: 88.53    |  1: 87.24    |  2: 91.34    |  3: 90.86    |  4: 43.35    |  5: 83.62    |  6: 26.14    |  7: 57.73    |  8: 49.25    |  9: 92.84    |  10: 89.52    |  11: 44.88    |  12: 67.07    |  13: 83.96    |  14: 94.84    |  15: 85.21    |  16: 95.81    |  17: 73.95    |  18: 76.73    |  19: 82.41   
[Batch: 1702/2400] mIoU: 57.80  |  FB-IoU: 86.78 |  0: 88.53    |  1: 87.24    |  2: 91.34    |  3: 90.86    |  4: 43.35    |  5: 83.62    |  6: 26.14    |  7: 57.73    |  8: 49.25    |  9: 92.84    |  10: 89.52    |  11: 44.88    |  12: 67.07    |  13: 83.96    |  14: 94.84    |  15: 85.21    |  16: 95.81    |  17: 73.95    |  18: 76.73    |  19: 82.41   
[Batch: 1703/2400] mIoU: 57.81  |  FB-IoU: 86.79 |  0: 88.53    |  1: 87.24    |  2: 91.34    |  3: 90.86    |  4: 43.35    |  5: 83.62    |  6: 26.14    |  7: 57.73    |  8: 49.25    |  9: 92.84    |  10: 89.52    |  11: 44.88    |  12: 67.07    |  13: 83.96    |  14: 94.84    |  15: 85.21    |  16: 95.81    |  17: 73.95    |  18: 76.73    |  19: 82.41   
[Batch: 1704/2400] mIoU: 57.81  |  FB-IoU: 86.80 |  0: 88.53    |  1: 87.24    |  2: 91.34    |  3: 90.86    |  4: 43.35    |  5: 83.62    |  6: 26.14    |  7: 57.73    |  8: 49.25    |  9: 92.84    |  10: 89.52    |  11: 44.88    |  12: 67.07    |  13: 83.96    |  14: 94.84    |  15: 85.21    |  16: 95.81    |  17: 73.95    |  18: 76.73    |  19: 82.41   
[Batch: 1705/2400] mIoU: 57.81  |  FB-IoU: 86.81 |  0: 88.53    |  1: 87.24    |  2: 91.34    |  3: 90.86    |  4: 43.35    |  5: 83.62    |  6: 26.14    |  7: 57.73    |  8: 49.25    |  9: 92.84    |  10: 89.52    |  11: 44.88    |  12: 67.07    |  13: 83.96    |  14: 94.84    |  15: 85.21    |  16: 95.81    |  17: 73.95    |  18: 76.73    |  19: 82.41   
[Batch: 1706/2400] mIoU: 57.82  |  FB-IoU: 86.81 |  0: 88.53    |  1: 87.24    |  2: 91.34    |  3: 90.86    |  4: 43.35    |  5: 83.62    |  6: 26.14    |  7: 57.73    |  8: 49.25    |  9: 92.84    |  10: 89.52    |  11: 44.88    |  12: 67.07    |  13: 83.96    |  14: 94.84    |  15: 85.21    |  16: 95.81    |  17: 73.95    |  18: 76.73    |  19: 82.41   
[Batch: 1707/2400] mIoU: 57.82  |  FB-IoU: 86.82 |  0: 88.53    |  1: 87.24    |  2: 91.34    |  3: 90.86    |  4: 43.35    |  5: 83.62    |  6: 26.14    |  7: 57.73    |  8: 49.25    |  9: 92.84    |  10: 89.52    |  11: 44.88    |  12: 67.07    |  13: 83.96    |  14: 94.84    |  15: 85.21    |  16: 95.81    |  17: 73.95    |  18: 76.73    |  19: 82.41   
[Batch: 1708/2400] mIoU: 57.80  |  FB-IoU: 86.81 |  0: 88.53    |  1: 87.24    |  2: 91.34    |  3: 90.86    |  4: 43.35    |  5: 83.62    |  6: 26.14    |  7: 57.73    |  8: 49.25    |  9: 92.84    |  10: 89.52    |  11: 44.88    |  12: 67.07    |  13: 83.96    |  14: 94.84    |  15: 85.21    |  16: 95.81    |  17: 73.95    |  18: 76.73    |  19: 82.41   
[Batch: 1709/2400] mIoU: 57.80  |  FB-IoU: 86.81 |  0: 88.53    |  1: 87.24    |  2: 91.34    |  3: 90.86    |  4: 43.35    |  5: 83.62    |  6: 26.14    |  7: 57.73    |  8: 49.25    |  9: 92.84    |  10: 89.52    |  11: 44.88    |  12: 67.07    |  13: 83.96    |  14: 94.84    |  15: 85.21    |  16: 95.81    |  17: 73.95    |  18: 76.73    |  19: 82.41   
[Batch: 1710/2400] mIoU: 57.80  |  FB-IoU: 86.82 |  0: 88.53    |  1: 87.24    |  2: 91.34    |  3: 90.86    |  4: 43.35    |  5: 83.62    |  6: 26.14    |  7: 57.73    |  8: 49.25    |  9: 92.84    |  10: 89.52    |  11: 44.88    |  12: 67.07    |  13: 83.96    |  14: 94.84    |  15: 85.21    |  16: 95.81    |  17: 73.95    |  18: 76.73    |  19: 82.41   
[Batch: 1711/2400] mIoU: 58.21  |  FB-IoU: 86.82 |  0: 88.53    |  1: 87.24    |  2: 91.34    |  3: 90.86    |  4: 43.35    |  5: 83.62    |  6: 26.14    |  7: 57.73    |  8: 49.25    |  9: 92.84    |  10: 89.52    |  11: 44.88    |  12: 67.07    |  13: 83.96    |  14: 94.84    |  15: 85.21    |  16: 95.81    |  17: 73.95    |  18: 76.73    |  19: 82.41   
[Batch: 1712/2400] mIoU: 58.20  |  FB-IoU: 86.83 |  0: 88.53    |  1: 87.24    |  2: 91.34    |  3: 90.86    |  4: 43.35    |  5: 83.62    |  6: 26.14    |  7: 57.73    |  8: 49.25    |  9: 92.84    |  10: 89.52    |  11: 44.88    |  12: 67.07    |  13: 83.96    |  14: 94.84    |  15: 85.21    |  16: 95.81    |  17: 73.95    |  18: 76.73    |  19: 82.41   
[Batch: 1713/2400] mIoU: 58.20  |  FB-IoU: 86.83 |  0: 88.53    |  1: 87.24    |  2: 91.34    |  3: 90.86    |  4: 43.35    |  5: 83.62    |  6: 26.14    |  7: 57.73    |  8: 49.25    |  9: 92.84    |  10: 89.52    |  11: 44.88    |  12: 67.07    |  13: 83.96    |  14: 94.84    |  15: 85.21    |  16: 95.81    |  17: 73.95    |  18: 76.73    |  19: 82.41   
[Batch: 1714/2400] mIoU: 58.20  |  FB-IoU: 86.84 |  0: 88.53    |  1: 87.24    |  2: 91.34    |  3: 90.86    |  4: 43.35    |  5: 83.62    |  6: 26.14    |  7: 57.73    |  8: 49.25    |  9: 92.84    |  10: 89.52    |  11: 44.88    |  12: 67.07    |  13: 83.96    |  14: 94.84    |  15: 85.21    |  16: 95.81    |  17: 73.95    |  18: 76.73    |  19: 82.41   
[Batch: 1715/2400] mIoU: 58.20  |  FB-IoU: 86.84 |  0: 88.53    |  1: 87.24    |  2: 91.34    |  3: 90.86    |  4: 43.35    |  5: 83.62    |  6: 26.14    |  7: 57.73    |  8: 49.25    |  9: 92.84    |  10: 89.52    |  11: 44.88    |  12: 67.07    |  13: 83.96    |  14: 94.84    |  15: 85.21    |  16: 95.81    |  17: 73.95    |  18: 76.73    |  19: 82.41   
[Batch: 1716/2400] mIoU: 58.20  |  FB-IoU: 86.85 |  0: 88.53    |  1: 87.24    |  2: 91.34    |  3: 90.86    |  4: 43.35    |  5: 83.62    |  6: 26.14    |  7: 57.73    |  8: 49.25    |  9: 92.84    |  10: 89.52    |  11: 44.88    |  12: 67.07    |  13: 83.96    |  14: 94.84    |  15: 85.21    |  16: 95.81    |  17: 73.95    |  18: 76.73    |  19: 82.41   
[Batch: 1717/2400] mIoU: 58.20  |  FB-IoU: 86.85 |  0: 88.53    |  1: 87.24    |  2: 91.34    |  3: 90.86    |  4: 43.35    |  5: 83.62    |  6: 26.14    |  7: 57.73    |  8: 49.25    |  9: 92.84    |  10: 89.52    |  11: 44.88    |  12: 67.07    |  13: 83.96    |  14: 94.84    |  15: 85.21    |  16: 95.81    |  17: 73.95    |  18: 76.73    |  19: 82.41   
[Batch: 1718/2400] mIoU: 58.20  |  FB-IoU: 86.86 |  0: 88.53    |  1: 87.24    |  2: 91.34    |  3: 90.86    |  4: 43.35    |  5: 83.62    |  6: 26.14    |  7: 57.73    |  8: 49.25    |  9: 92.84    |  10: 89.52    |  11: 44.88    |  12: 67.07    |  13: 83.96    |  14: 94.84    |  15: 85.21    |  16: 95.81    |  17: 73.95    |  18: 76.73    |  19: 82.41   
[Batch: 1719/2400] mIoU: 58.16  |  FB-IoU: 86.84 |  0: 88.53    |  1: 87.24    |  2: 91.34    |  3: 90.86    |  4: 43.35    |  5: 83.62    |  6: 26.14    |  7: 57.73    |  8: 49.25    |  9: 92.84    |  10: 89.52    |  11: 44.88    |  12: 67.07    |  13: 83.96    |  14: 94.84    |  15: 85.21    |  16: 95.81    |  17: 73.95    |  18: 76.73    |  19: 82.41   
[Batch: 1720/2400] mIoU: 58.16  |  FB-IoU: 86.84 |  0: 88.53    |  1: 87.24    |  2: 91.34    |  3: 90.86    |  4: 43.35    |  5: 83.62    |  6: 26.14    |  7: 57.73    |  8: 49.25    |  9: 92.84    |  10: 89.52    |  11: 44.88    |  12: 67.07    |  13: 83.96    |  14: 94.84    |  15: 85.21    |  16: 95.81    |  17: 73.95    |  18: 76.73    |  19: 82.41   
[Batch: 1721/2400] mIoU: 58.56  |  FB-IoU: 86.85 |  0: 88.53    |  1: 87.24    |  2: 91.34    |  3: 90.86    |  4: 43.35    |  5: 83.62    |  6: 26.14    |  7: 57.73    |  8: 49.25    |  9: 92.84    |  10: 89.52    |  11: 44.88    |  12: 67.07    |  13: 83.96    |  14: 94.84    |  15: 85.21    |  16: 95.81    |  17: 73.95    |  18: 76.73    |  19: 82.41   
[Batch: 1722/2400] mIoU: 58.57  |  FB-IoU: 86.85 |  0: 88.53    |  1: 87.24    |  2: 91.34    |  3: 90.86    |  4: 43.35    |  5: 83.62    |  6: 26.14    |  7: 57.73    |  8: 49.25    |  9: 92.84    |  10: 89.52    |  11: 44.88    |  12: 67.07    |  13: 83.96    |  14: 94.84    |  15: 85.21    |  16: 95.81    |  17: 73.95    |  18: 76.73    |  19: 82.41   
[Batch: 1723/2400] mIoU: 58.57  |  FB-IoU: 86.86 |  0: 88.53    |  1: 87.24    |  2: 91.34    |  3: 90.86    |  4: 43.35    |  5: 83.62    |  6: 26.14    |  7: 57.73    |  8: 49.25    |  9: 92.84    |  10: 89.52    |  11: 44.88    |  12: 67.07    |  13: 83.96    |  14: 94.84    |  15: 85.21    |  16: 95.81    |  17: 73.95    |  18: 76.73    |  19: 82.41   
[Batch: 1724/2400] mIoU: 58.57  |  FB-IoU: 86.87 |  0: 88.53    |  1: 87.24    |  2: 91.34    |  3: 90.86    |  4: 43.35    |  5: 83.62    |  6: 26.14    |  7: 57.73    |  8: 49.25    |  9: 92.84    |  10: 89.52    |  11: 44.88    |  12: 67.07    |  13: 83.96    |  14: 94.84    |  15: 85.21    |  16: 95.81    |  17: 73.95    |  18: 76.73    |  19: 82.41   
[Batch: 1725/2400] mIoU: 58.57  |  FB-IoU: 86.87 |  0: 88.53    |  1: 87.24    |  2: 91.34    |  3: 90.86    |  4: 43.35    |  5: 83.62    |  6: 26.14    |  7: 57.73    |  8: 49.25    |  9: 92.84    |  10: 89.52    |  11: 44.88    |  12: 67.07    |  13: 83.96    |  14: 94.84    |  15: 85.21    |  16: 95.81    |  17: 73.95    |  18: 76.73    |  19: 82.41   
[Batch: 1726/2400] mIoU: 58.57  |  FB-IoU: 86.88 |  0: 88.53    |  1: 87.24    |  2: 91.34    |  3: 90.86    |  4: 43.35    |  5: 83.62    |  6: 26.14    |  7: 57.73    |  8: 49.25    |  9: 92.84    |  10: 89.52    |  11: 44.88    |  12: 67.07    |  13: 83.96    |  14: 94.84    |  15: 85.21    |  16: 95.81    |  17: 73.95    |  18: 76.73    |  19: 82.41   
[Batch: 1727/2400] mIoU: 58.47  |  FB-IoU: 86.82 |  0: 88.53    |  1: 87.24    |  2: 91.34    |  3: 90.86    |  4: 43.35    |  5: 83.62    |  6: 26.14    |  7: 57.73    |  8: 49.25    |  9: 92.84    |  10: 89.52    |  11: 44.88    |  12: 67.07    |  13: 83.96    |  14: 94.84    |  15: 85.21    |  16: 95.81    |  17: 73.95    |  18: 76.73    |  19: 82.41   
[Batch: 1728/2400] mIoU: 58.48  |  FB-IoU: 86.82 |  0: 88.53    |  1: 87.24    |  2: 91.34    |  3: 90.86    |  4: 43.35    |  5: 83.62    |  6: 26.14    |  7: 57.73    |  8: 49.25    |  9: 92.84    |  10: 89.52    |  11: 44.88    |  12: 67.07    |  13: 83.96    |  14: 94.84    |  15: 85.21    |  16: 95.81    |  17: 73.95    |  18: 76.73    |  19: 82.41   
[Batch: 1729/2400] mIoU: 58.49  |  FB-IoU: 86.83 |  0: 88.53    |  1: 87.24    |  2: 91.34    |  3: 90.86    |  4: 43.35    |  5: 83.62    |  6: 26.14    |  7: 57.73    |  8: 49.25    |  9: 92.84    |  10: 89.52    |  11: 44.88    |  12: 67.07    |  13: 83.96    |  14: 94.84    |  15: 85.21    |  16: 95.81    |  17: 73.95    |  18: 76.73    |  19: 82.41   
[Batch: 1730/2400] mIoU: 58.49  |  FB-IoU: 86.83 |  0: 88.53    |  1: 87.24    |  2: 91.34    |  3: 90.86    |  4: 43.35    |  5: 83.62    |  6: 26.14    |  7: 57.73    |  8: 49.25    |  9: 92.84    |  10: 89.52    |  11: 44.88    |  12: 67.07    |  13: 83.96    |  14: 94.84    |  15: 85.21    |  16: 95.81    |  17: 73.95    |  18: 76.73    |  19: 82.41   
[Batch: 1731/2400] mIoU: 58.90  |  FB-IoU: 86.84 |  0: 88.53    |  1: 87.24    |  2: 91.34    |  3: 90.86    |  4: 43.35    |  5: 83.62    |  6: 26.14    |  7: 57.73    |  8: 49.25    |  9: 92.84    |  10: 89.52    |  11: 44.88    |  12: 67.07    |  13: 83.96    |  14: 94.84    |  15: 85.21    |  16: 95.81    |  17: 73.95    |  18: 76.73    |  19: 82.41   
[Batch: 1732/2400] mIoU: 58.90  |  FB-IoU: 86.84 |  0: 88.53    |  1: 87.24    |  2: 91.34    |  3: 90.86    |  4: 43.35    |  5: 83.62    |  6: 26.14    |  7: 57.73    |  8: 49.25    |  9: 92.84    |  10: 89.52    |  11: 44.88    |  12: 67.07    |  13: 83.96    |  14: 94.84    |  15: 85.21    |  16: 95.81    |  17: 73.95    |  18: 76.73    |  19: 82.41   
[Batch: 1733/2400] mIoU: 58.89  |  FB-IoU: 86.85 |  0: 88.53    |  1: 87.24    |  2: 91.34    |  3: 90.86    |  4: 43.35    |  5: 83.62    |  6: 26.14    |  7: 57.73    |  8: 49.25    |  9: 92.84    |  10: 89.52    |  11: 44.88    |  12: 67.07    |  13: 83.96    |  14: 94.84    |  15: 85.21    |  16: 95.81    |  17: 73.95    |  18: 76.73    |  19: 82.41   
[Batch: 1734/2400] mIoU: 58.89  |  FB-IoU: 86.85 |  0: 88.53    |  1: 87.24    |  2: 91.34    |  3: 90.86    |  4: 43.35    |  5: 83.62    |  6: 26.14    |  7: 57.73    |  8: 49.25    |  9: 92.84    |  10: 89.52    |  11: 44.88    |  12: 67.07    |  13: 83.96    |  14: 94.84    |  15: 85.21    |  16: 95.81    |  17: 73.95    |  18: 76.73    |  19: 82.41   
[Batch: 1735/2400] mIoU: 58.89  |  FB-IoU: 86.86 |  0: 88.53    |  1: 87.24    |  2: 91.34    |  3: 90.86    |  4: 43.35    |  5: 83.62    |  6: 26.14    |  7: 57.73    |  8: 49.25    |  9: 92.84    |  10: 89.52    |  11: 44.88    |  12: 67.07    |  13: 83.96    |  14: 94.84    |  15: 85.21    |  16: 95.81    |  17: 73.95    |  18: 76.73    |  19: 82.41   
[Batch: 1736/2400] mIoU: 58.89  |  FB-IoU: 86.87 |  0: 88.53    |  1: 87.24    |  2: 91.34    |  3: 90.86    |  4: 43.35    |  5: 83.62    |  6: 26.14    |  7: 57.73    |  8: 49.25    |  9: 92.84    |  10: 89.52    |  11: 44.88    |  12: 67.07    |  13: 83.96    |  14: 94.84    |  15: 85.21    |  16: 95.81    |  17: 73.95    |  18: 76.73    |  19: 82.41   
[Batch: 1737/2400] mIoU: 58.89  |  FB-IoU: 86.87 |  0: 88.53    |  1: 87.24    |  2: 91.34    |  3: 90.86    |  4: 43.35    |  5: 83.62    |  6: 26.14    |  7: 57.73    |  8: 49.25    |  9: 92.84    |  10: 89.52    |  11: 44.88    |  12: 67.07    |  13: 83.96    |  14: 94.84    |  15: 85.21    |  16: 95.81    |  17: 73.95    |  18: 76.73    |  19: 82.41   
[Batch: 1738/2400] mIoU: 58.86  |  FB-IoU: 86.86 |  0: 88.53    |  1: 87.24    |  2: 91.34    |  3: 90.86    |  4: 43.35    |  5: 83.62    |  6: 26.14    |  7: 57.73    |  8: 49.25    |  9: 92.84    |  10: 89.52    |  11: 44.88    |  12: 67.07    |  13: 83.96    |  14: 94.84    |  15: 85.21    |  16: 95.81    |  17: 73.95    |  18: 76.73    |  19: 82.41   
[Batch: 1739/2400] mIoU: 58.79  |  FB-IoU: 86.79 |  0: 88.53    |  1: 87.24    |  2: 91.34    |  3: 90.86    |  4: 43.35    |  5: 83.62    |  6: 26.14    |  7: 57.73    |  8: 49.25    |  9: 92.84    |  10: 89.52    |  11: 44.88    |  12: 67.07    |  13: 83.96    |  14: 94.84    |  15: 85.21    |  16: 95.81    |  17: 73.95    |  18: 76.73    |  19: 82.41   
[Batch: 1740/2400] mIoU: 58.80  |  FB-IoU: 86.79 |  0: 88.53    |  1: 87.24    |  2: 91.34    |  3: 90.86    |  4: 43.35    |  5: 83.62    |  6: 26.14    |  7: 57.73    |  8: 49.25    |  9: 92.84    |  10: 89.52    |  11: 44.88    |  12: 67.07    |  13: 83.96    |  14: 94.84    |  15: 85.21    |  16: 95.81    |  17: 73.95    |  18: 76.73    |  19: 82.41   
[Batch: 1741/2400] mIoU: 59.19  |  FB-IoU: 86.80 |  0: 88.53    |  1: 87.24    |  2: 91.34    |  3: 90.86    |  4: 43.35    |  5: 83.62    |  6: 26.14    |  7: 57.73    |  8: 49.25    |  9: 92.84    |  10: 89.52    |  11: 44.88    |  12: 67.07    |  13: 83.96    |  14: 94.84    |  15: 85.21    |  16: 95.81    |  17: 73.95    |  18: 76.73    |  19: 82.41   
[Batch: 1742/2400] mIoU: 59.19  |  FB-IoU: 86.80 |  0: 88.53    |  1: 87.24    |  2: 91.34    |  3: 90.86    |  4: 43.35    |  5: 83.62    |  6: 26.14    |  7: 57.73    |  8: 49.25    |  9: 92.84    |  10: 89.52    |  11: 44.88    |  12: 67.07    |  13: 83.96    |  14: 94.84    |  15: 85.21    |  16: 95.81    |  17: 73.95    |  18: 76.73    |  19: 82.41   
[Batch: 1743/2400] mIoU: 59.19  |  FB-IoU: 86.81 |  0: 88.53    |  1: 87.24    |  2: 91.34    |  3: 90.86    |  4: 43.35    |  5: 83.62    |  6: 26.14    |  7: 57.73    |  8: 49.25    |  9: 92.84    |  10: 89.52    |  11: 44.88    |  12: 67.07    |  13: 83.96    |  14: 94.84    |  15: 85.21    |  16: 95.81    |  17: 73.95    |  18: 76.73    |  19: 82.41   
[Batch: 1744/2400] mIoU: 59.13  |  FB-IoU: 86.80 |  0: 88.53    |  1: 87.24    |  2: 91.34    |  3: 90.86    |  4: 43.35    |  5: 83.62    |  6: 26.14    |  7: 57.73    |  8: 49.25    |  9: 92.84    |  10: 89.52    |  11: 44.88    |  12: 67.07    |  13: 83.96    |  14: 94.84    |  15: 85.21    |  16: 95.81    |  17: 73.95    |  18: 76.73    |  19: 82.41   
[Batch: 1745/2400] mIoU: 59.14  |  FB-IoU: 86.80 |  0: 88.53    |  1: 87.24    |  2: 91.34    |  3: 90.86    |  4: 43.35    |  5: 83.62    |  6: 26.14    |  7: 57.73    |  8: 49.25    |  9: 92.84    |  10: 89.52    |  11: 44.88    |  12: 67.07    |  13: 83.96    |  14: 94.84    |  15: 85.21    |  16: 95.81    |  17: 73.95    |  18: 76.73    |  19: 82.41   
[Batch: 1746/2400] mIoU: 59.15  |  FB-IoU: 86.80 |  0: 88.53    |  1: 87.24    |  2: 91.34    |  3: 90.86    |  4: 43.35    |  5: 83.62    |  6: 26.14    |  7: 57.73    |  8: 49.25    |  9: 92.84    |  10: 89.52    |  11: 44.88    |  12: 67.07    |  13: 83.96    |  14: 94.84    |  15: 85.21    |  16: 95.81    |  17: 73.95    |  18: 76.73    |  19: 82.41   
[Batch: 1747/2400] mIoU: 59.15  |  FB-IoU: 86.81 |  0: 88.53    |  1: 87.24    |  2: 91.34    |  3: 90.86    |  4: 43.35    |  5: 83.62    |  6: 26.14    |  7: 57.73    |  8: 49.25    |  9: 92.84    |  10: 89.52    |  11: 44.88    |  12: 67.07    |  13: 83.96    |  14: 94.84    |  15: 85.21    |  16: 95.81    |  17: 73.95    |  18: 76.73    |  19: 82.41   
[Batch: 1748/2400] mIoU: 59.14  |  FB-IoU: 86.80 |  0: 88.53    |  1: 87.24    |  2: 91.34    |  3: 90.86    |  4: 43.35    |  5: 83.62    |  6: 26.14    |  7: 57.73    |  8: 49.25    |  9: 92.84    |  10: 89.52    |  11: 44.88    |  12: 67.07    |  13: 83.96    |  14: 94.84    |  15: 85.21    |  16: 95.81    |  17: 73.95    |  18: 76.73    |  19: 82.41   
[Batch: 1749/2400] mIoU: 59.14  |  FB-IoU: 86.81 |  0: 88.53    |  1: 87.24    |  2: 91.34    |  3: 90.86    |  4: 43.35    |  5: 83.62    |  6: 26.14    |  7: 57.73    |  8: 49.25    |  9: 92.84    |  10: 89.52    |  11: 44.88    |  12: 67.07    |  13: 83.96    |  14: 94.84    |  15: 85.21    |  16: 95.81    |  17: 73.95    |  18: 76.73    |  19: 82.41   
[Batch: 1750/2400] mIoU: 59.14  |  FB-IoU: 86.81 |  0: 88.53    |  1: 87.24    |  2: 91.34    |  3: 90.86    |  4: 43.35    |  5: 83.62    |  6: 26.14    |  7: 57.73    |  8: 49.25    |  9: 92.84    |  10: 89.52    |  11: 44.88    |  12: 67.07    |  13: 83.96    |  14: 94.84    |  15: 85.21    |  16: 95.81    |  17: 73.95    |  18: 76.73    |  19: 82.41   
[Batch: 1751/2400] mIoU: 59.16  |  FB-IoU: 86.70 |  0: 88.53    |  1: 87.24    |  2: 91.34    |  3: 90.86    |  4: 43.35    |  5: 83.62    |  6: 26.14    |  7: 57.73    |  8: 49.25    |  9: 92.84    |  10: 89.52    |  11: 44.88    |  12: 67.07    |  13: 83.96    |  14: 94.84    |  15: 85.21    |  16: 95.81    |  17: 73.95    |  18: 76.73    |  19: 82.41   
[Batch: 1752/2400] mIoU: 59.21  |  FB-IoU: 86.70 |  0: 88.53    |  1: 87.24    |  2: 91.34    |  3: 90.86    |  4: 43.35    |  5: 83.62    |  6: 26.14    |  7: 57.73    |  8: 49.25    |  9: 92.84    |  10: 89.52    |  11: 44.88    |  12: 67.07    |  13: 83.96    |  14: 94.84    |  15: 85.21    |  16: 95.81    |  17: 73.95    |  18: 76.73    |  19: 82.41   
[Batch: 1753/2400] mIoU: 59.23  |  FB-IoU: 86.71 |  0: 88.53    |  1: 87.24    |  2: 91.34    |  3: 90.86    |  4: 43.35    |  5: 83.62    |  6: 26.14    |  7: 57.73    |  8: 49.25    |  9: 92.84    |  10: 89.52    |  11: 44.88    |  12: 67.07    |  13: 83.96    |  14: 94.84    |  15: 85.21    |  16: 95.81    |  17: 73.95    |  18: 76.73    |  19: 82.41   
[Batch: 1754/2400] mIoU: 59.26  |  FB-IoU: 86.71 |  0: 88.53    |  1: 87.24    |  2: 91.34    |  3: 90.86    |  4: 43.35    |  5: 83.62    |  6: 26.14    |  7: 57.73    |  8: 49.25    |  9: 92.84    |  10: 89.52    |  11: 44.88    |  12: 67.07    |  13: 83.96    |  14: 94.84    |  15: 85.21    |  16: 95.81    |  17: 73.95    |  18: 76.73    |  19: 82.41   
[Batch: 1755/2400] mIoU: 59.28  |  FB-IoU: 86.71 |  0: 88.53    |  1: 87.24    |  2: 91.34    |  3: 90.86    |  4: 43.35    |  5: 83.62    |  6: 26.14    |  7: 57.73    |  8: 49.25    |  9: 92.84    |  10: 89.52    |  11: 44.88    |  12: 67.07    |  13: 83.96    |  14: 94.84    |  15: 85.21    |  16: 95.81    |  17: 73.95    |  18: 76.73    |  19: 82.41   
[Batch: 1756/2400] mIoU: 59.31  |  FB-IoU: 86.72 |  0: 88.53    |  1: 87.24    |  2: 91.34    |  3: 90.86    |  4: 43.35    |  5: 83.62    |  6: 26.14    |  7: 57.73    |  8: 49.25    |  9: 92.84    |  10: 89.52    |  11: 44.88    |  12: 67.07    |  13: 83.96    |  14: 94.84    |  15: 85.21    |  16: 95.81    |  17: 73.95    |  18: 76.73    |  19: 82.41   
[Batch: 1757/2400] mIoU: 59.35  |  FB-IoU: 86.73 |  0: 88.53    |  1: 87.24    |  2: 91.34    |  3: 90.86    |  4: 43.35    |  5: 83.62    |  6: 26.14    |  7: 57.73    |  8: 49.25    |  9: 92.84    |  10: 89.52    |  11: 44.88    |  12: 67.07    |  13: 83.96    |  14: 94.84    |  15: 85.21    |  16: 95.81    |  17: 73.95    |  18: 76.73    |  19: 82.41   
[Batch: 1758/2400] mIoU: 59.36  |  FB-IoU: 86.72 |  0: 88.53    |  1: 87.24    |  2: 91.34    |  3: 90.86    |  4: 43.35    |  5: 83.62    |  6: 26.14    |  7: 57.73    |  8: 49.25    |  9: 92.84    |  10: 89.52    |  11: 44.88    |  12: 67.07    |  13: 83.96    |  14: 94.84    |  15: 85.21    |  16: 95.81    |  17: 73.95    |  18: 76.73    |  19: 82.41   
[Batch: 1759/2400] mIoU: 59.37  |  FB-IoU: 86.72 |  0: 88.53    |  1: 87.24    |  2: 91.34    |  3: 90.86    |  4: 43.35    |  5: 83.62    |  6: 26.14    |  7: 57.73    |  8: 49.25    |  9: 92.84    |  10: 89.52    |  11: 44.88    |  12: 67.07    |  13: 83.96    |  14: 94.84    |  15: 85.21    |  16: 95.81    |  17: 73.95    |  18: 76.73    |  19: 82.41   
[Batch: 1760/2400] mIoU: 59.37  |  FB-IoU: 86.71 |  0: 88.53    |  1: 87.24    |  2: 91.34    |  3: 90.86    |  4: 43.35    |  5: 83.62    |  6: 26.14    |  7: 57.73    |  8: 49.25    |  9: 92.84    |  10: 89.52    |  11: 44.88    |  12: 67.07    |  13: 83.96    |  14: 94.84    |  15: 85.21    |  16: 95.81    |  17: 73.95    |  18: 76.73    |  19: 82.41   
[Batch: 1761/2400] mIoU: 59.74  |  FB-IoU: 86.71 |  0: 88.53    |  1: 87.24    |  2: 91.34    |  3: 90.86    |  4: 43.35    |  5: 83.62    |  6: 26.14    |  7: 57.73    |  8: 49.25    |  9: 92.84    |  10: 89.52    |  11: 44.88    |  12: 67.07    |  13: 83.96    |  14: 94.84    |  15: 85.21    |  16: 95.81    |  17: 73.95    |  18: 76.73    |  19: 82.41   
[Batch: 1762/2400] mIoU: 59.76  |  FB-IoU: 86.72 |  0: 88.53    |  1: 87.24    |  2: 91.34    |  3: 90.86    |  4: 43.35    |  5: 83.62    |  6: 26.14    |  7: 57.73    |  8: 49.25    |  9: 92.84    |  10: 89.52    |  11: 44.88    |  12: 67.07    |  13: 83.96    |  14: 94.84    |  15: 85.21    |  16: 95.81    |  17: 73.95    |  18: 76.73    |  19: 82.41   
[Batch: 1763/2400] mIoU: 59.76  |  FB-IoU: 86.73 |  0: 88.53    |  1: 87.24    |  2: 91.34    |  3: 90.86    |  4: 43.35    |  5: 83.62    |  6: 26.14    |  7: 57.73    |  8: 49.25    |  9: 92.84    |  10: 89.52    |  11: 44.88    |  12: 67.07    |  13: 83.96    |  14: 94.84    |  15: 85.21    |  16: 95.81    |  17: 73.95    |  18: 76.73    |  19: 82.41   
[Batch: 1764/2400] mIoU: 59.77  |  FB-IoU: 86.73 |  0: 88.53    |  1: 87.24    |  2: 91.34    |  3: 90.86    |  4: 43.35    |  5: 83.62    |  6: 26.14    |  7: 57.73    |  8: 49.25    |  9: 92.84    |  10: 89.52    |  11: 44.88    |  12: 67.07    |  13: 83.96    |  14: 94.84    |  15: 85.21    |  16: 95.81    |  17: 73.95    |  18: 76.73    |  19: 82.41   
[Batch: 1765/2400] mIoU: 59.77  |  FB-IoU: 86.74 |  0: 88.53    |  1: 87.24    |  2: 91.34    |  3: 90.86    |  4: 43.35    |  5: 83.62    |  6: 26.14    |  7: 57.73    |  8: 49.25    |  9: 92.84    |  10: 89.52    |  11: 44.88    |  12: 67.07    |  13: 83.96    |  14: 94.84    |  15: 85.21    |  16: 95.81    |  17: 73.95    |  18: 76.73    |  19: 82.41   
[Batch: 1766/2400] mIoU: 59.76  |  FB-IoU: 86.74 |  0: 88.53    |  1: 87.24    |  2: 91.34    |  3: 90.86    |  4: 43.35    |  5: 83.62    |  6: 26.14    |  7: 57.73    |  8: 49.25    |  9: 92.84    |  10: 89.52    |  11: 44.88    |  12: 67.07    |  13: 83.96    |  14: 94.84    |  15: 85.21    |  16: 95.81    |  17: 73.95    |  18: 76.73    |  19: 82.41   
[Batch: 1767/2400] mIoU: 59.77  |  FB-IoU: 86.75 |  0: 88.53    |  1: 87.24    |  2: 91.34    |  3: 90.86    |  4: 43.35    |  5: 83.62    |  6: 26.14    |  7: 57.73    |  8: 49.25    |  9: 92.84    |  10: 89.52    |  11: 44.88    |  12: 67.07    |  13: 83.96    |  14: 94.84    |  15: 85.21    |  16: 95.81    |  17: 73.95    |  18: 76.73    |  19: 82.41   
[Batch: 1768/2400] mIoU: 59.77  |  FB-IoU: 86.75 |  0: 88.53    |  1: 87.24    |  2: 91.34    |  3: 90.86    |  4: 43.35    |  5: 83.62    |  6: 26.14    |  7: 57.73    |  8: 49.25    |  9: 92.84    |  10: 89.52    |  11: 44.88    |  12: 67.07    |  13: 83.96    |  14: 94.84    |  15: 85.21    |  16: 95.81    |  17: 73.95    |  18: 76.73    |  19: 82.41   
[Batch: 1769/2400] mIoU: 59.76  |  FB-IoU: 86.75 |  0: 88.53    |  1: 87.24    |  2: 91.34    |  3: 90.86    |  4: 43.35    |  5: 83.62    |  6: 26.14    |  7: 57.73    |  8: 49.25    |  9: 92.84    |  10: 89.52    |  11: 44.88    |  12: 67.07    |  13: 83.96    |  14: 94.84    |  15: 85.21    |  16: 95.81    |  17: 73.95    |  18: 76.73    |  19: 82.41   
[Batch: 1770/2400] mIoU: 59.76  |  FB-IoU: 86.76 |  0: 88.53    |  1: 87.24    |  2: 91.34    |  3: 90.86    |  4: 43.35    |  5: 83.62    |  6: 26.14    |  7: 57.73    |  8: 49.25    |  9: 92.84    |  10: 89.52    |  11: 44.88    |  12: 67.07    |  13: 83.96    |  14: 94.84    |  15: 85.21    |  16: 95.81    |  17: 73.95    |  18: 76.73    |  19: 82.41   
[Batch: 1771/2400] mIoU: 60.16  |  FB-IoU: 86.76 |  0: 88.53    |  1: 87.24    |  2: 91.34    |  3: 90.86    |  4: 43.35    |  5: 83.62    |  6: 26.14    |  7: 57.73    |  8: 49.25    |  9: 92.84    |  10: 89.52    |  11: 44.88    |  12: 67.07    |  13: 83.96    |  14: 94.84    |  15: 85.21    |  16: 95.81    |  17: 73.95    |  18: 76.73    |  19: 82.41   
[Batch: 1772/2400] mIoU: 60.16  |  FB-IoU: 86.77 |  0: 88.53    |  1: 87.24    |  2: 91.34    |  3: 90.86    |  4: 43.35    |  5: 83.62    |  6: 26.14    |  7: 57.73    |  8: 49.25    |  9: 92.84    |  10: 89.52    |  11: 44.88    |  12: 67.07    |  13: 83.96    |  14: 94.84    |  15: 85.21    |  16: 95.81    |  17: 73.95    |  18: 76.73    |  19: 82.41   
[Batch: 1773/2400] mIoU: 60.16  |  FB-IoU: 86.78 |  0: 88.53    |  1: 87.24    |  2: 91.34    |  3: 90.86    |  4: 43.35    |  5: 83.62    |  6: 26.14    |  7: 57.73    |  8: 49.25    |  9: 92.84    |  10: 89.52    |  11: 44.88    |  12: 67.07    |  13: 83.96    |  14: 94.84    |  15: 85.21    |  16: 95.81    |  17: 73.95    |  18: 76.73    |  19: 82.41   
[Batch: 1774/2400] mIoU: 60.14  |  FB-IoU: 86.78 |  0: 88.53    |  1: 87.24    |  2: 91.34    |  3: 90.86    |  4: 43.35    |  5: 83.62    |  6: 26.14    |  7: 57.73    |  8: 49.25    |  9: 92.84    |  10: 89.52    |  11: 44.88    |  12: 67.07    |  13: 83.96    |  14: 94.84    |  15: 85.21    |  16: 95.81    |  17: 73.95    |  18: 76.73    |  19: 82.41   
[Batch: 1775/2400] mIoU: 60.14  |  FB-IoU: 86.78 |  0: 88.53    |  1: 87.24    |  2: 91.34    |  3: 90.86    |  4: 43.35    |  5: 83.62    |  6: 26.14    |  7: 57.73    |  8: 49.25    |  9: 92.84    |  10: 89.52    |  11: 44.88    |  12: 67.07    |  13: 83.96    |  14: 94.84    |  15: 85.21    |  16: 95.81    |  17: 73.95    |  18: 76.73    |  19: 82.41   
[Batch: 1776/2400] mIoU: 60.14  |  FB-IoU: 86.79 |  0: 88.53    |  1: 87.24    |  2: 91.34    |  3: 90.86    |  4: 43.35    |  5: 83.62    |  6: 26.14    |  7: 57.73    |  8: 49.25    |  9: 92.84    |  10: 89.52    |  11: 44.88    |  12: 67.07    |  13: 83.96    |  14: 94.84    |  15: 85.21    |  16: 95.81    |  17: 73.95    |  18: 76.73    |  19: 82.41   
[Batch: 1777/2400] mIoU: 60.14  |  FB-IoU: 86.79 |  0: 88.53    |  1: 87.24    |  2: 91.34    |  3: 90.86    |  4: 43.35    |  5: 83.62    |  6: 26.14    |  7: 57.73    |  8: 49.25    |  9: 92.84    |  10: 89.52    |  11: 44.88    |  12: 67.07    |  13: 83.96    |  14: 94.84    |  15: 85.21    |  16: 95.81    |  17: 73.95    |  18: 76.73    |  19: 82.41   
[Batch: 1778/2400] mIoU: 60.09  |  FB-IoU: 86.73 |  0: 88.53    |  1: 87.24    |  2: 91.34    |  3: 90.86    |  4: 43.35    |  5: 83.62    |  6: 26.14    |  7: 57.73    |  8: 49.25    |  9: 92.84    |  10: 89.52    |  11: 44.88    |  12: 67.07    |  13: 83.96    |  14: 94.84    |  15: 85.21    |  16: 95.81    |  17: 73.95    |  18: 76.73    |  19: 82.41   
[Batch: 1779/2400] mIoU: 60.10  |  FB-IoU: 86.74 |  0: 88.53    |  1: 87.24    |  2: 91.34    |  3: 90.86    |  4: 43.35    |  5: 83.62    |  6: 26.14    |  7: 57.73    |  8: 49.25    |  9: 92.84    |  10: 89.52    |  11: 44.88    |  12: 67.07    |  13: 83.96    |  14: 94.84    |  15: 85.21    |  16: 95.81    |  17: 73.95    |  18: 76.73    |  19: 82.41   
[Batch: 1780/2400] mIoU: 60.07  |  FB-IoU: 86.69 |  0: 88.53    |  1: 87.24    |  2: 91.34    |  3: 90.86    |  4: 43.35    |  5: 83.62    |  6: 26.14    |  7: 57.73    |  8: 49.25    |  9: 92.84    |  10: 89.52    |  11: 44.88    |  12: 67.07    |  13: 83.96    |  14: 94.84    |  15: 85.21    |  16: 95.81    |  17: 73.95    |  18: 76.73    |  19: 82.41   
[Batch: 1781/2400] mIoU: 60.47  |  FB-IoU: 86.70 |  0: 88.53    |  1: 87.24    |  2: 91.34    |  3: 90.86    |  4: 43.35    |  5: 83.62    |  6: 26.14    |  7: 57.73    |  8: 49.25    |  9: 92.84    |  10: 89.52    |  11: 44.88    |  12: 67.07    |  13: 83.96    |  14: 94.84    |  15: 85.21    |  16: 95.81    |  17: 73.95    |  18: 76.73    |  19: 82.41   
[Batch: 1782/2400] mIoU: 60.42  |  FB-IoU: 86.70 |  0: 88.53    |  1: 87.24    |  2: 91.34    |  3: 90.86    |  4: 43.35    |  5: 83.62    |  6: 26.14    |  7: 57.73    |  8: 49.25    |  9: 92.84    |  10: 89.52    |  11: 44.88    |  12: 67.07    |  13: 83.96    |  14: 94.84    |  15: 85.21    |  16: 95.81    |  17: 73.95    |  18: 76.73    |  19: 82.41   
[Batch: 1783/2400] mIoU: 60.42  |  FB-IoU: 86.70 |  0: 88.53    |  1: 87.24    |  2: 91.34    |  3: 90.86    |  4: 43.35    |  5: 83.62    |  6: 26.14    |  7: 57.73    |  8: 49.25    |  9: 92.84    |  10: 89.52    |  11: 44.88    |  12: 67.07    |  13: 83.96    |  14: 94.84    |  15: 85.21    |  16: 95.81    |  17: 73.95    |  18: 76.73    |  19: 82.41   
[Batch: 1784/2400] mIoU: 60.43  |  FB-IoU: 86.70 |  0: 88.53    |  1: 87.24    |  2: 91.34    |  3: 90.86    |  4: 43.35    |  5: 83.62    |  6: 26.14    |  7: 57.73    |  8: 49.25    |  9: 92.84    |  10: 89.52    |  11: 44.88    |  12: 67.07    |  13: 83.96    |  14: 94.84    |  15: 85.21    |  16: 95.81    |  17: 73.95    |  18: 76.73    |  19: 82.41   
[Batch: 1785/2400] mIoU: 60.41  |  FB-IoU: 86.69 |  0: 88.53    |  1: 87.24    |  2: 91.34    |  3: 90.86    |  4: 43.35    |  5: 83.62    |  6: 26.14    |  7: 57.73    |  8: 49.25    |  9: 92.84    |  10: 89.52    |  11: 44.88    |  12: 67.07    |  13: 83.96    |  14: 94.84    |  15: 85.21    |  16: 95.81    |  17: 73.95    |  18: 76.73    |  19: 82.41   
[Batch: 1786/2400] mIoU: 60.39  |  FB-IoU: 86.68 |  0: 88.53    |  1: 87.24    |  2: 91.34    |  3: 90.86    |  4: 43.35    |  5: 83.62    |  6: 26.14    |  7: 57.73    |  8: 49.25    |  9: 92.84    |  10: 89.52    |  11: 44.88    |  12: 67.07    |  13: 83.96    |  14: 94.84    |  15: 85.21    |  16: 95.81    |  17: 73.95    |  18: 76.73    |  19: 82.41   
[Batch: 1787/2400] mIoU: 60.40  |  FB-IoU: 86.69 |  0: 88.53    |  1: 87.24    |  2: 91.34    |  3: 90.86    |  4: 43.35    |  5: 83.62    |  6: 26.14    |  7: 57.73    |  8: 49.25    |  9: 92.84    |  10: 89.52    |  11: 44.88    |  12: 67.07    |  13: 83.96    |  14: 94.84    |  15: 85.21    |  16: 95.81    |  17: 73.95    |  18: 76.73    |  19: 82.41   
[Batch: 1788/2400] mIoU: 60.41  |  FB-IoU: 86.69 |  0: 88.53    |  1: 87.24    |  2: 91.34    |  3: 90.86    |  4: 43.35    |  5: 83.62    |  6: 26.14    |  7: 57.73    |  8: 49.25    |  9: 92.84    |  10: 89.52    |  11: 44.88    |  12: 67.07    |  13: 83.96    |  14: 94.84    |  15: 85.21    |  16: 95.81    |  17: 73.95    |  18: 76.73    |  19: 82.41   
[Batch: 1789/2400] mIoU: 60.41  |  FB-IoU: 86.70 |  0: 88.53    |  1: 87.24    |  2: 91.34    |  3: 90.86    |  4: 43.35    |  5: 83.62    |  6: 26.14    |  7: 57.73    |  8: 49.25    |  9: 92.84    |  10: 89.52    |  11: 44.88    |  12: 67.07    |  13: 83.96    |  14: 94.84    |  15: 85.21    |  16: 95.81    |  17: 73.95    |  18: 76.73    |  19: 82.41   
[Batch: 1790/2400] mIoU: 60.42  |  FB-IoU: 86.70 |  0: 88.53    |  1: 87.24    |  2: 91.34    |  3: 90.86    |  4: 43.35    |  5: 83.62    |  6: 26.14    |  7: 57.73    |  8: 49.25    |  9: 92.84    |  10: 89.52    |  11: 44.88    |  12: 67.07    |  13: 83.96    |  14: 94.84    |  15: 85.21    |  16: 95.81    |  17: 73.95    |  18: 76.73    |  19: 82.41   
[Batch: 1791/2400] mIoU: 60.81  |  FB-IoU: 86.71 |  0: 88.53    |  1: 87.24    |  2: 91.34    |  3: 90.86    |  4: 43.35    |  5: 83.62    |  6: 26.14    |  7: 57.73    |  8: 49.25    |  9: 92.84    |  10: 89.52    |  11: 44.88    |  12: 67.07    |  13: 83.96    |  14: 94.84    |  15: 85.21    |  16: 95.81    |  17: 73.95    |  18: 76.73    |  19: 82.41   
[Batch: 1792/2400] mIoU: 60.81  |  FB-IoU: 86.71 |  0: 88.53    |  1: 87.24    |  2: 91.34    |  3: 90.86    |  4: 43.35    |  5: 83.62    |  6: 26.14    |  7: 57.73    |  8: 49.25    |  9: 92.84    |  10: 89.52    |  11: 44.88    |  12: 67.07    |  13: 83.96    |  14: 94.84    |  15: 85.21    |  16: 95.81    |  17: 73.95    |  18: 76.73    |  19: 82.41   
[Batch: 1793/2400] mIoU: 60.82  |  FB-IoU: 86.72 |  0: 88.53    |  1: 87.24    |  2: 91.34    |  3: 90.86    |  4: 43.35    |  5: 83.62    |  6: 26.14    |  7: 57.73    |  8: 49.25    |  9: 92.84    |  10: 89.52    |  11: 44.88    |  12: 67.07    |  13: 83.96    |  14: 94.84    |  15: 85.21    |  16: 95.81    |  17: 73.95    |  18: 76.73    |  19: 82.41   
[Batch: 1794/2400] mIoU: 60.82  |  FB-IoU: 86.73 |  0: 88.53    |  1: 87.24    |  2: 91.34    |  3: 90.86    |  4: 43.35    |  5: 83.62    |  6: 26.14    |  7: 57.73    |  8: 49.25    |  9: 92.84    |  10: 89.52    |  11: 44.88    |  12: 67.07    |  13: 83.96    |  14: 94.84    |  15: 85.21    |  16: 95.81    |  17: 73.95    |  18: 76.73    |  19: 82.41   
[Batch: 1795/2400] mIoU: 60.82  |  FB-IoU: 86.74 |  0: 88.53    |  1: 87.24    |  2: 91.34    |  3: 90.86    |  4: 43.35    |  5: 83.62    |  6: 26.14    |  7: 57.73    |  8: 49.25    |  9: 92.84    |  10: 89.52    |  11: 44.88    |  12: 67.07    |  13: 83.96    |  14: 94.84    |  15: 85.21    |  16: 95.81    |  17: 73.95    |  18: 76.73    |  19: 82.41   
[Batch: 1796/2400] mIoU: 60.82  |  FB-IoU: 86.75 |  0: 88.53    |  1: 87.24    |  2: 91.34    |  3: 90.86    |  4: 43.35    |  5: 83.62    |  6: 26.14    |  7: 57.73    |  8: 49.25    |  9: 92.84    |  10: 89.52    |  11: 44.88    |  12: 67.07    |  13: 83.96    |  14: 94.84    |  15: 85.21    |  16: 95.81    |  17: 73.95    |  18: 76.73    |  19: 82.41   
[Batch: 1797/2400] mIoU: 60.82  |  FB-IoU: 86.75 |  0: 88.53    |  1: 87.24    |  2: 91.34    |  3: 90.86    |  4: 43.35    |  5: 83.62    |  6: 26.14    |  7: 57.73    |  8: 49.25    |  9: 92.84    |  10: 89.52    |  11: 44.88    |  12: 67.07    |  13: 83.96    |  14: 94.84    |  15: 85.21    |  16: 95.81    |  17: 73.95    |  18: 76.73    |  19: 82.41   
[Batch: 1798/2400] mIoU: 60.82  |  FB-IoU: 86.76 |  0: 88.53    |  1: 87.24    |  2: 91.34    |  3: 90.86    |  4: 43.35    |  5: 83.62    |  6: 26.14    |  7: 57.73    |  8: 49.25    |  9: 92.84    |  10: 89.52    |  11: 44.88    |  12: 67.07    |  13: 83.96    |  14: 94.84    |  15: 85.21    |  16: 95.81    |  17: 73.95    |  18: 76.73    |  19: 82.41   
[Batch: 1799/2400] mIoU: 60.82  |  FB-IoU: 86.76 |  0: 88.53    |  1: 87.24    |  2: 91.34    |  3: 90.86    |  4: 43.35    |  5: 83.62    |  6: 26.14    |  7: 57.73    |  8: 49.25    |  9: 92.84    |  10: 89.52    |  11: 44.88    |  12: 67.07    |  13: 83.96    |  14: 94.84    |  15: 85.21    |  16: 95.81    |  17: 73.95    |  18: 76.73    |  19: 82.41   
[Batch: 1800/2400] mIoU: 60.79  |  FB-IoU: 86.74 |  0: 88.53    |  1: 87.24    |  2: 91.34    |  3: 90.86    |  4: 43.35    |  5: 83.62    |  6: 26.14    |  7: 57.73    |  8: 49.25    |  9: 92.84    |  10: 89.52    |  11: 44.88    |  12: 67.07    |  13: 83.96    |  14: 94.84    |  15: 85.21    |  16: 95.81    |  17: 73.95    |  18: 76.73    |  19: 82.41   
[Batch: 1801/2400] mIoU: 61.13  |  FB-IoU: 86.73 |  0: 88.53    |  1: 87.24    |  2: 91.34    |  3: 90.86    |  4: 43.35    |  5: 83.62    |  6: 26.14    |  7: 57.73    |  8: 49.25    |  9: 92.84    |  10: 89.52    |  11: 44.88    |  12: 67.07    |  13: 83.96    |  14: 94.84    |  15: 85.21    |  16: 95.81    |  17: 73.95    |  18: 76.73    |  19: 82.41   
[Batch: 1802/2400] mIoU: 61.14  |  FB-IoU: 86.74 |  0: 88.53    |  1: 87.24    |  2: 91.34    |  3: 90.86    |  4: 43.35    |  5: 83.62    |  6: 26.14    |  7: 57.73    |  8: 49.25    |  9: 92.84    |  10: 89.52    |  11: 44.88    |  12: 67.07    |  13: 83.96    |  14: 94.84    |  15: 85.21    |  16: 95.81    |  17: 73.95    |  18: 76.73    |  19: 82.41   
[Batch: 1803/2400] mIoU: 61.15  |  FB-IoU: 86.74 |  0: 88.53    |  1: 87.24    |  2: 91.34    |  3: 90.86    |  4: 43.35    |  5: 83.62    |  6: 26.14    |  7: 57.73    |  8: 49.25    |  9: 92.84    |  10: 89.52    |  11: 44.88    |  12: 67.07    |  13: 83.96    |  14: 94.84    |  15: 85.21    |  16: 95.81    |  17: 73.95    |  18: 76.73    |  19: 82.41   
[Batch: 1804/2400] mIoU: 61.09  |  FB-IoU: 86.71 |  0: 88.53    |  1: 87.24    |  2: 91.34    |  3: 90.86    |  4: 43.35    |  5: 83.62    |  6: 26.14    |  7: 57.73    |  8: 49.25    |  9: 92.84    |  10: 89.52    |  11: 44.88    |  12: 67.07    |  13: 83.96    |  14: 94.84    |  15: 85.21    |  16: 95.81    |  17: 73.95    |  18: 76.73    |  19: 82.41   
[Batch: 1805/2400] mIoU: 61.10  |  FB-IoU: 86.72 |  0: 88.53    |  1: 87.24    |  2: 91.34    |  3: 90.86    |  4: 43.35    |  5: 83.62    |  6: 26.14    |  7: 57.73    |  8: 49.25    |  9: 92.84    |  10: 89.52    |  11: 44.88    |  12: 67.07    |  13: 83.96    |  14: 94.84    |  15: 85.21    |  16: 95.81    |  17: 73.95    |  18: 76.73    |  19: 82.41   
[Batch: 1806/2400] mIoU: 61.10  |  FB-IoU: 86.71 |  0: 88.53    |  1: 87.24    |  2: 91.34    |  3: 90.86    |  4: 43.35    |  5: 83.62    |  6: 26.14    |  7: 57.73    |  8: 49.25    |  9: 92.84    |  10: 89.52    |  11: 44.88    |  12: 67.07    |  13: 83.96    |  14: 94.84    |  15: 85.21    |  16: 95.81    |  17: 73.95    |  18: 76.73    |  19: 82.41   
[Batch: 1807/2400] mIoU: 61.10  |  FB-IoU: 86.72 |  0: 88.53    |  1: 87.24    |  2: 91.34    |  3: 90.86    |  4: 43.35    |  5: 83.62    |  6: 26.14    |  7: 57.73    |  8: 49.25    |  9: 92.84    |  10: 89.52    |  11: 44.88    |  12: 67.07    |  13: 83.96    |  14: 94.84    |  15: 85.21    |  16: 95.81    |  17: 73.95    |  18: 76.73    |  19: 82.41   
[Batch: 1808/2400] mIoU: 61.10  |  FB-IoU: 86.71 |  0: 88.53    |  1: 87.24    |  2: 91.34    |  3: 90.86    |  4: 43.35    |  5: 83.62    |  6: 26.14    |  7: 57.73    |  8: 49.25    |  9: 92.84    |  10: 89.52    |  11: 44.88    |  12: 67.07    |  13: 83.96    |  14: 94.84    |  15: 85.21    |  16: 95.81    |  17: 73.95    |  18: 76.73    |  19: 82.41   
[Batch: 1809/2400] mIoU: 61.11  |  FB-IoU: 86.72 |  0: 88.53    |  1: 87.24    |  2: 91.34    |  3: 90.86    |  4: 43.35    |  5: 83.62    |  6: 26.14    |  7: 57.73    |  8: 49.25    |  9: 92.84    |  10: 89.52    |  11: 44.88    |  12: 67.07    |  13: 83.96    |  14: 94.84    |  15: 85.21    |  16: 95.81    |  17: 73.95    |  18: 76.73    |  19: 82.41   
[Batch: 1810/2400] mIoU: 61.12  |  FB-IoU: 86.73 |  0: 88.53    |  1: 87.24    |  2: 91.34    |  3: 90.86    |  4: 43.35    |  5: 83.62    |  6: 26.14    |  7: 57.73    |  8: 49.25    |  9: 92.84    |  10: 89.52    |  11: 44.88    |  12: 67.07    |  13: 83.96    |  14: 94.84    |  15: 85.21    |  16: 95.81    |  17: 73.95    |  18: 76.73    |  19: 82.41   
[Batch: 1811/2400] mIoU: 61.22  |  FB-IoU: 86.70 |  0: 88.53    |  1: 87.24    |  2: 91.34    |  3: 90.86    |  4: 43.35    |  5: 83.62    |  6: 26.14    |  7: 57.73    |  8: 49.25    |  9: 92.84    |  10: 89.52    |  11: 44.88    |  12: 67.07    |  13: 83.96    |  14: 94.84    |  15: 85.21    |  16: 95.81    |  17: 73.95    |  18: 76.73    |  19: 82.41   
[Batch: 1812/2400] mIoU: 61.19  |  FB-IoU: 86.64 |  0: 88.53    |  1: 87.24    |  2: 91.34    |  3: 90.86    |  4: 43.35    |  5: 83.62    |  6: 26.14    |  7: 57.73    |  8: 49.25    |  9: 92.84    |  10: 89.52    |  11: 44.88    |  12: 67.07    |  13: 83.96    |  14: 94.84    |  15: 85.21    |  16: 95.81    |  17: 73.95    |  18: 76.73    |  19: 82.41   
[Batch: 1813/2400] mIoU: 61.27  |  FB-IoU: 86.65 |  0: 88.53    |  1: 87.24    |  2: 91.34    |  3: 90.86    |  4: 43.35    |  5: 83.62    |  6: 26.14    |  7: 57.73    |  8: 49.25    |  9: 92.84    |  10: 89.52    |  11: 44.88    |  12: 67.07    |  13: 83.96    |  14: 94.84    |  15: 85.21    |  16: 95.81    |  17: 73.95    |  18: 76.73    |  19: 82.41   
[Batch: 1814/2400] mIoU: 61.31  |  FB-IoU: 86.66 |  0: 88.53    |  1: 87.24    |  2: 91.34    |  3: 90.86    |  4: 43.35    |  5: 83.62    |  6: 26.14    |  7: 57.73    |  8: 49.25    |  9: 92.84    |  10: 89.52    |  11: 44.88    |  12: 67.07    |  13: 83.96    |  14: 94.84    |  15: 85.21    |  16: 95.81    |  17: 73.95    |  18: 76.73    |  19: 82.41   
[Batch: 1815/2400] mIoU: 61.27  |  FB-IoU: 86.58 |  0: 88.53    |  1: 87.24    |  2: 91.34    |  3: 90.86    |  4: 43.35    |  5: 83.62    |  6: 26.14    |  7: 57.73    |  8: 49.25    |  9: 92.84    |  10: 89.52    |  11: 44.88    |  12: 67.07    |  13: 83.96    |  14: 94.84    |  15: 85.21    |  16: 95.81    |  17: 73.95    |  18: 76.73    |  19: 82.41   
[Batch: 1816/2400] mIoU: 61.29  |  FB-IoU: 86.58 |  0: 88.53    |  1: 87.24    |  2: 91.34    |  3: 90.86    |  4: 43.35    |  5: 83.62    |  6: 26.14    |  7: 57.73    |  8: 49.25    |  9: 92.84    |  10: 89.52    |  11: 44.88    |  12: 67.07    |  13: 83.96    |  14: 94.84    |  15: 85.21    |  16: 95.81    |  17: 73.95    |  18: 76.73    |  19: 82.41   
[Batch: 1817/2400] mIoU: 61.31  |  FB-IoU: 86.59 |  0: 88.53    |  1: 87.24    |  2: 91.34    |  3: 90.86    |  4: 43.35    |  5: 83.62    |  6: 26.14    |  7: 57.73    |  8: 49.25    |  9: 92.84    |  10: 89.52    |  11: 44.88    |  12: 67.07    |  13: 83.96    |  14: 94.84    |  15: 85.21    |  16: 95.81    |  17: 73.95    |  18: 76.73    |  19: 82.41   
[Batch: 1818/2400] mIoU: 61.30  |  FB-IoU: 86.55 |  0: 88.53    |  1: 87.24    |  2: 91.34    |  3: 90.86    |  4: 43.35    |  5: 83.62    |  6: 26.14    |  7: 57.73    |  8: 49.25    |  9: 92.84    |  10: 89.52    |  11: 44.88    |  12: 67.07    |  13: 83.96    |  14: 94.84    |  15: 85.21    |  16: 95.81    |  17: 73.95    |  18: 76.73    |  19: 82.41   
[Batch: 1819/2400] mIoU: 61.28  |  FB-IoU: 86.46 |  0: 88.53    |  1: 87.24    |  2: 91.34    |  3: 90.86    |  4: 43.35    |  5: 83.62    |  6: 26.14    |  7: 57.73    |  8: 49.25    |  9: 92.84    |  10: 89.52    |  11: 44.88    |  12: 67.07    |  13: 83.96    |  14: 94.84    |  15: 85.21    |  16: 95.81    |  17: 73.95    |  18: 76.73    |  19: 82.41   
[Batch: 1820/2400] mIoU: 61.28  |  FB-IoU: 86.46 |  0: 88.53    |  1: 87.24    |  2: 91.34    |  3: 90.86    |  4: 43.35    |  5: 83.62    |  6: 26.14    |  7: 57.73    |  8: 49.25    |  9: 92.84    |  10: 89.52    |  11: 44.88    |  12: 67.07    |  13: 83.96    |  14: 94.84    |  15: 85.21    |  16: 95.81    |  17: 73.95    |  18: 76.73    |  19: 82.41   
[Batch: 1821/2400] mIoU: 61.67  |  FB-IoU: 86.47 |  0: 88.53    |  1: 87.24    |  2: 91.34    |  3: 90.86    |  4: 43.35    |  5: 83.62    |  6: 26.14    |  7: 57.73    |  8: 49.25    |  9: 92.84    |  10: 89.52    |  11: 44.88    |  12: 67.07    |  13: 83.96    |  14: 94.84    |  15: 85.21    |  16: 95.81    |  17: 73.95    |  18: 76.73    |  19: 82.41   
[Batch: 1822/2400] mIoU: 61.67  |  FB-IoU: 86.47 |  0: 88.53    |  1: 87.24    |  2: 91.34    |  3: 90.86    |  4: 43.35    |  5: 83.62    |  6: 26.14    |  7: 57.73    |  8: 49.25    |  9: 92.84    |  10: 89.52    |  11: 44.88    |  12: 67.07    |  13: 83.96    |  14: 94.84    |  15: 85.21    |  16: 95.81    |  17: 73.95    |  18: 76.73    |  19: 82.41   
[Batch: 1823/2400] mIoU: 61.68  |  FB-IoU: 86.48 |  0: 88.53    |  1: 87.24    |  2: 91.34    |  3: 90.86    |  4: 43.35    |  5: 83.62    |  6: 26.14    |  7: 57.73    |  8: 49.25    |  9: 92.84    |  10: 89.52    |  11: 44.88    |  12: 67.07    |  13: 83.96    |  14: 94.84    |  15: 85.21    |  16: 95.81    |  17: 73.95    |  18: 76.73    |  19: 82.41   
[Batch: 1824/2400] mIoU: 61.68  |  FB-IoU: 86.48 |  0: 88.53    |  1: 87.24    |  2: 91.34    |  3: 90.86    |  4: 43.35    |  5: 83.62    |  6: 26.14    |  7: 57.73    |  8: 49.25    |  9: 92.84    |  10: 89.52    |  11: 44.88    |  12: 67.07    |  13: 83.96    |  14: 94.84    |  15: 85.21    |  16: 95.81    |  17: 73.95    |  18: 76.73    |  19: 82.41   
[Batch: 1825/2400] mIoU: 61.68  |  FB-IoU: 86.49 |  0: 88.53    |  1: 87.24    |  2: 91.34    |  3: 90.86    |  4: 43.35    |  5: 83.62    |  6: 26.14    |  7: 57.73    |  8: 49.25    |  9: 92.84    |  10: 89.52    |  11: 44.88    |  12: 67.07    |  13: 83.96    |  14: 94.84    |  15: 85.21    |  16: 95.81    |  17: 73.95    |  18: 76.73    |  19: 82.41   
[Batch: 1826/2400] mIoU: 61.68  |  FB-IoU: 86.49 |  0: 88.53    |  1: 87.24    |  2: 91.34    |  3: 90.86    |  4: 43.35    |  5: 83.62    |  6: 26.14    |  7: 57.73    |  8: 49.25    |  9: 92.84    |  10: 89.52    |  11: 44.88    |  12: 67.07    |  13: 83.96    |  14: 94.84    |  15: 85.21    |  16: 95.81    |  17: 73.95    |  18: 76.73    |  19: 82.41   
[Batch: 1827/2400] mIoU: 61.68  |  FB-IoU: 86.50 |  0: 88.53    |  1: 87.24    |  2: 91.34    |  3: 90.86    |  4: 43.35    |  5: 83.62    |  6: 26.14    |  7: 57.73    |  8: 49.25    |  9: 92.84    |  10: 89.52    |  11: 44.88    |  12: 67.07    |  13: 83.96    |  14: 94.84    |  15: 85.21    |  16: 95.81    |  17: 73.95    |  18: 76.73    |  19: 82.41   
[Batch: 1828/2400] mIoU: 61.68  |  FB-IoU: 86.50 |  0: 88.53    |  1: 87.24    |  2: 91.34    |  3: 90.86    |  4: 43.35    |  5: 83.62    |  6: 26.14    |  7: 57.73    |  8: 49.25    |  9: 92.84    |  10: 89.52    |  11: 44.88    |  12: 67.07    |  13: 83.96    |  14: 94.84    |  15: 85.21    |  16: 95.81    |  17: 73.95    |  18: 76.73    |  19: 82.41   
[Batch: 1829/2400] mIoU: 61.68  |  FB-IoU: 86.51 |  0: 88.53    |  1: 87.24    |  2: 91.34    |  3: 90.86    |  4: 43.35    |  5: 83.62    |  6: 26.14    |  7: 57.73    |  8: 49.25    |  9: 92.84    |  10: 89.52    |  11: 44.88    |  12: 67.07    |  13: 83.96    |  14: 94.84    |  15: 85.21    |  16: 95.81    |  17: 73.95    |  18: 76.73    |  19: 82.41   
[Batch: 1830/2400] mIoU: 61.68  |  FB-IoU: 86.51 |  0: 88.53    |  1: 87.24    |  2: 91.34    |  3: 90.86    |  4: 43.35    |  5: 83.62    |  6: 26.14    |  7: 57.73    |  8: 49.25    |  9: 92.84    |  10: 89.52    |  11: 44.88    |  12: 67.07    |  13: 83.96    |  14: 94.84    |  15: 85.21    |  16: 95.81    |  17: 73.95    |  18: 76.73    |  19: 82.41   
[Batch: 1831/2400] mIoU: 61.70  |  FB-IoU: 86.41 |  0: 88.53    |  1: 87.24    |  2: 91.34    |  3: 90.86    |  4: 43.35    |  5: 83.62    |  6: 26.14    |  7: 57.73    |  8: 49.25    |  9: 92.84    |  10: 89.52    |  11: 44.88    |  12: 67.07    |  13: 83.96    |  14: 94.84    |  15: 85.21    |  16: 95.81    |  17: 73.95    |  18: 76.73    |  19: 82.41   
[Batch: 1832/2400] mIoU: 61.73  |  FB-IoU: 86.41 |  0: 88.53    |  1: 87.24    |  2: 91.34    |  3: 90.86    |  4: 43.35    |  5: 83.62    |  6: 26.14    |  7: 57.73    |  8: 49.25    |  9: 92.84    |  10: 89.52    |  11: 44.88    |  12: 67.07    |  13: 83.96    |  14: 94.84    |  15: 85.21    |  16: 95.81    |  17: 73.95    |  18: 76.73    |  19: 82.41   
[Batch: 1833/2400] mIoU: 61.76  |  FB-IoU: 86.42 |  0: 88.53    |  1: 87.24    |  2: 91.34    |  3: 90.86    |  4: 43.35    |  5: 83.62    |  6: 26.14    |  7: 57.73    |  8: 49.25    |  9: 92.84    |  10: 89.52    |  11: 44.88    |  12: 67.07    |  13: 83.96    |  14: 94.84    |  15: 85.21    |  16: 95.81    |  17: 73.95    |  18: 76.73    |  19: 82.41   
[Batch: 1834/2400] mIoU: 61.77  |  FB-IoU: 86.42 |  0: 88.53    |  1: 87.24    |  2: 91.34    |  3: 90.86    |  4: 43.35    |  5: 83.62    |  6: 26.14    |  7: 57.73    |  8: 49.25    |  9: 92.84    |  10: 89.52    |  11: 44.88    |  12: 67.07    |  13: 83.96    |  14: 94.84    |  15: 85.21    |  16: 95.81    |  17: 73.95    |  18: 76.73    |  19: 82.41   
[Batch: 1835/2400] mIoU: 61.81  |  FB-IoU: 86.43 |  0: 88.53    |  1: 87.24    |  2: 91.34    |  3: 90.86    |  4: 43.35    |  5: 83.62    |  6: 26.14    |  7: 57.73    |  8: 49.25    |  9: 92.84    |  10: 89.52    |  11: 44.88    |  12: 67.07    |  13: 83.96    |  14: 94.84    |  15: 85.21    |  16: 95.81    |  17: 73.95    |  18: 76.73    |  19: 82.41   
[Batch: 1836/2400] mIoU: 61.80  |  FB-IoU: 86.38 |  0: 88.53    |  1: 87.24    |  2: 91.34    |  3: 90.86    |  4: 43.35    |  5: 83.62    |  6: 26.14    |  7: 57.73    |  8: 49.25    |  9: 92.84    |  10: 89.52    |  11: 44.88    |  12: 67.07    |  13: 83.96    |  14: 94.84    |  15: 85.21    |  16: 95.81    |  17: 73.95    |  18: 76.73    |  19: 82.41   
[Batch: 1837/2400] mIoU: 61.76  |  FB-IoU: 86.28 |  0: 88.53    |  1: 87.24    |  2: 91.34    |  3: 90.86    |  4: 43.35    |  5: 83.62    |  6: 26.14    |  7: 57.73    |  8: 49.25    |  9: 92.84    |  10: 89.52    |  11: 44.88    |  12: 67.07    |  13: 83.96    |  14: 94.84    |  15: 85.21    |  16: 95.81    |  17: 73.95    |  18: 76.73    |  19: 82.41   
[Batch: 1838/2400] mIoU: 61.78  |  FB-IoU: 86.29 |  0: 88.53    |  1: 87.24    |  2: 91.34    |  3: 90.86    |  4: 43.35    |  5: 83.62    |  6: 26.14    |  7: 57.73    |  8: 49.25    |  9: 92.84    |  10: 89.52    |  11: 44.88    |  12: 67.07    |  13: 83.96    |  14: 94.84    |  15: 85.21    |  16: 95.81    |  17: 73.95    |  18: 76.73    |  19: 82.41   
[Batch: 1839/2400] mIoU: 61.81  |  FB-IoU: 86.29 |  0: 88.53    |  1: 87.24    |  2: 91.34    |  3: 90.86    |  4: 43.35    |  5: 83.62    |  6: 26.14    |  7: 57.73    |  8: 49.25    |  9: 92.84    |  10: 89.52    |  11: 44.88    |  12: 67.07    |  13: 83.96    |  14: 94.84    |  15: 85.21    |  16: 95.81    |  17: 73.95    |  18: 76.73    |  19: 82.41   
[Batch: 1840/2400] mIoU: 61.84  |  FB-IoU: 86.30 |  0: 88.53    |  1: 87.24    |  2: 91.34    |  3: 90.86    |  4: 43.35    |  5: 83.62    |  6: 26.14    |  7: 57.73    |  8: 49.25    |  9: 92.84    |  10: 89.52    |  11: 44.88    |  12: 67.07    |  13: 83.96    |  14: 94.84    |  15: 85.21    |  16: 95.81    |  17: 73.95    |  18: 76.73    |  19: 82.41   
[Batch: 1841/2400] mIoU: 62.24  |  FB-IoU: 86.31 |  0: 88.53    |  1: 87.24    |  2: 91.34    |  3: 90.86    |  4: 43.35    |  5: 83.62    |  6: 26.14    |  7: 57.73    |  8: 49.25    |  9: 92.84    |  10: 89.52    |  11: 44.88    |  12: 67.07    |  13: 83.96    |  14: 94.84    |  15: 85.21    |  16: 95.81    |  17: 73.95    |  18: 76.73    |  19: 82.41   
[Batch: 1842/2400] mIoU: 62.24  |  FB-IoU: 86.31 |  0: 88.53    |  1: 87.24    |  2: 91.34    |  3: 90.86    |  4: 43.35    |  5: 83.62    |  6: 26.14    |  7: 57.73    |  8: 49.25    |  9: 92.84    |  10: 89.52    |  11: 44.88    |  12: 67.07    |  13: 83.96    |  14: 94.84    |  15: 85.21    |  16: 95.81    |  17: 73.95    |  18: 76.73    |  19: 82.41   
[Batch: 1843/2400] mIoU: 62.21  |  FB-IoU: 86.31 |  0: 88.53    |  1: 87.24    |  2: 91.34    |  3: 90.86    |  4: 43.35    |  5: 83.62    |  6: 26.14    |  7: 57.73    |  8: 49.25    |  9: 92.84    |  10: 89.52    |  11: 44.88    |  12: 67.07    |  13: 83.96    |  14: 94.84    |  15: 85.21    |  16: 95.81    |  17: 73.95    |  18: 76.73    |  19: 82.41   
[Batch: 1844/2400] mIoU: 62.15  |  FB-IoU: 86.29 |  0: 88.53    |  1: 87.24    |  2: 91.34    |  3: 90.86    |  4: 43.35    |  5: 83.62    |  6: 26.14    |  7: 57.73    |  8: 49.25    |  9: 92.84    |  10: 89.52    |  11: 44.88    |  12: 67.07    |  13: 83.96    |  14: 94.84    |  15: 85.21    |  16: 95.81    |  17: 73.95    |  18: 76.73    |  19: 82.41   
[Batch: 1845/2400] mIoU: 62.18  |  FB-IoU: 86.30 |  0: 88.53    |  1: 87.24    |  2: 91.34    |  3: 90.86    |  4: 43.35    |  5: 83.62    |  6: 26.14    |  7: 57.73    |  8: 49.25    |  9: 92.84    |  10: 89.52    |  11: 44.88    |  12: 67.07    |  13: 83.96    |  14: 94.84    |  15: 85.21    |  16: 95.81    |  17: 73.95    |  18: 76.73    |  19: 82.41   
[Batch: 1846/2400] mIoU: 62.18  |  FB-IoU: 86.31 |  0: 88.53    |  1: 87.24    |  2: 91.34    |  3: 90.86    |  4: 43.35    |  5: 83.62    |  6: 26.14    |  7: 57.73    |  8: 49.25    |  9: 92.84    |  10: 89.52    |  11: 44.88    |  12: 67.07    |  13: 83.96    |  14: 94.84    |  15: 85.21    |  16: 95.81    |  17: 73.95    |  18: 76.73    |  19: 82.41   
[Batch: 1847/2400] mIoU: 62.19  |  FB-IoU: 86.32 |  0: 88.53    |  1: 87.24    |  2: 91.34    |  3: 90.86    |  4: 43.35    |  5: 83.62    |  6: 26.14    |  7: 57.73    |  8: 49.25    |  9: 92.84    |  10: 89.52    |  11: 44.88    |  12: 67.07    |  13: 83.96    |  14: 94.84    |  15: 85.21    |  16: 95.81    |  17: 73.95    |  18: 76.73    |  19: 82.41   
[Batch: 1848/2400] mIoU: 62.20  |  FB-IoU: 86.32 |  0: 88.53    |  1: 87.24    |  2: 91.34    |  3: 90.86    |  4: 43.35    |  5: 83.62    |  6: 26.14    |  7: 57.73    |  8: 49.25    |  9: 92.84    |  10: 89.52    |  11: 44.88    |  12: 67.07    |  13: 83.96    |  14: 94.84    |  15: 85.21    |  16: 95.81    |  17: 73.95    |  18: 76.73    |  19: 82.41   
[Batch: 1849/2400] mIoU: 62.20  |  FB-IoU: 86.33 |  0: 88.53    |  1: 87.24    |  2: 91.34    |  3: 90.86    |  4: 43.35    |  5: 83.62    |  6: 26.14    |  7: 57.73    |  8: 49.25    |  9: 92.84    |  10: 89.52    |  11: 44.88    |  12: 67.07    |  13: 83.96    |  14: 94.84    |  15: 85.21    |  16: 95.81    |  17: 73.95    |  18: 76.73    |  19: 82.41   
[Batch: 1850/2400] mIoU: 62.20  |  FB-IoU: 86.33 |  0: 88.53    |  1: 87.24    |  2: 91.34    |  3: 90.86    |  4: 43.35    |  5: 83.62    |  6: 26.14    |  7: 57.73    |  8: 49.25    |  9: 92.84    |  10: 89.52    |  11: 44.88    |  12: 67.07    |  13: 83.96    |  14: 94.84    |  15: 85.21    |  16: 95.81    |  17: 73.95    |  18: 76.73    |  19: 82.41   
[Batch: 1851/2400] mIoU: 62.61  |  FB-IoU: 86.34 |  0: 88.53    |  1: 87.24    |  2: 91.34    |  3: 90.86    |  4: 43.35    |  5: 83.62    |  6: 26.14    |  7: 57.73    |  8: 49.25    |  9: 92.84    |  10: 89.52    |  11: 44.88    |  12: 67.07    |  13: 83.96    |  14: 94.84    |  15: 85.21    |  16: 95.81    |  17: 73.95    |  18: 76.73    |  19: 82.41   
[Batch: 1852/2400] mIoU: 62.60  |  FB-IoU: 86.34 |  0: 88.53    |  1: 87.24    |  2: 91.34    |  3: 90.86    |  4: 43.35    |  5: 83.62    |  6: 26.14    |  7: 57.73    |  8: 49.25    |  9: 92.84    |  10: 89.52    |  11: 44.88    |  12: 67.07    |  13: 83.96    |  14: 94.84    |  15: 85.21    |  16: 95.81    |  17: 73.95    |  18: 76.73    |  19: 82.41   
[Batch: 1853/2400] mIoU: 62.60  |  FB-IoU: 86.34 |  0: 88.53    |  1: 87.24    |  2: 91.34    |  3: 90.86    |  4: 43.35    |  5: 83.62    |  6: 26.14    |  7: 57.73    |  8: 49.25    |  9: 92.84    |  10: 89.52    |  11: 44.88    |  12: 67.07    |  13: 83.96    |  14: 94.84    |  15: 85.21    |  16: 95.81    |  17: 73.95    |  18: 76.73    |  19: 82.41   
[Batch: 1854/2400] mIoU: 62.60  |  FB-IoU: 86.35 |  0: 88.53    |  1: 87.24    |  2: 91.34    |  3: 90.86    |  4: 43.35    |  5: 83.62    |  6: 26.14    |  7: 57.73    |  8: 49.25    |  9: 92.84    |  10: 89.52    |  11: 44.88    |  12: 67.07    |  13: 83.96    |  14: 94.84    |  15: 85.21    |  16: 95.81    |  17: 73.95    |  18: 76.73    |  19: 82.41   
[Batch: 1855/2400] mIoU: 62.60  |  FB-IoU: 86.35 |  0: 88.53    |  1: 87.24    |  2: 91.34    |  3: 90.86    |  4: 43.35    |  5: 83.62    |  6: 26.14    |  7: 57.73    |  8: 49.25    |  9: 92.84    |  10: 89.52    |  11: 44.88    |  12: 67.07    |  13: 83.96    |  14: 94.84    |  15: 85.21    |  16: 95.81    |  17: 73.95    |  18: 76.73    |  19: 82.41   
[Batch: 1856/2400] mIoU: 62.57  |  FB-IoU: 86.35 |  0: 88.53    |  1: 87.24    |  2: 91.34    |  3: 90.86    |  4: 43.35    |  5: 83.62    |  6: 26.14    |  7: 57.73    |  8: 49.25    |  9: 92.84    |  10: 89.52    |  11: 44.88    |  12: 67.07    |  13: 83.96    |  14: 94.84    |  15: 85.21    |  16: 95.81    |  17: 73.95    |  18: 76.73    |  19: 82.41   
[Batch: 1857/2400] mIoU: 62.58  |  FB-IoU: 86.35 |  0: 88.53    |  1: 87.24    |  2: 91.34    |  3: 90.86    |  4: 43.35    |  5: 83.62    |  6: 26.14    |  7: 57.73    |  8: 49.25    |  9: 92.84    |  10: 89.52    |  11: 44.88    |  12: 67.07    |  13: 83.96    |  14: 94.84    |  15: 85.21    |  16: 95.81    |  17: 73.95    |  18: 76.73    |  19: 82.41   
[Batch: 1858/2400] mIoU: 62.58  |  FB-IoU: 86.36 |  0: 88.53    |  1: 87.24    |  2: 91.34    |  3: 90.86    |  4: 43.35    |  5: 83.62    |  6: 26.14    |  7: 57.73    |  8: 49.25    |  9: 92.84    |  10: 89.52    |  11: 44.88    |  12: 67.07    |  13: 83.96    |  14: 94.84    |  15: 85.21    |  16: 95.81    |  17: 73.95    |  18: 76.73    |  19: 82.41   
[Batch: 1859/2400] mIoU: 62.58  |  FB-IoU: 86.36 |  0: 88.53    |  1: 87.24    |  2: 91.34    |  3: 90.86    |  4: 43.35    |  5: 83.62    |  6: 26.14    |  7: 57.73    |  8: 49.25    |  9: 92.84    |  10: 89.52    |  11: 44.88    |  12: 67.07    |  13: 83.96    |  14: 94.84    |  15: 85.21    |  16: 95.81    |  17: 73.95    |  18: 76.73    |  19: 82.41   
[Batch: 1860/2400] mIoU: 62.58  |  FB-IoU: 86.36 |  0: 88.53    |  1: 87.24    |  2: 91.34    |  3: 90.86    |  4: 43.35    |  5: 83.62    |  6: 26.14    |  7: 57.73    |  8: 49.25    |  9: 92.84    |  10: 89.52    |  11: 44.88    |  12: 67.07    |  13: 83.96    |  14: 94.84    |  15: 85.21    |  16: 95.81    |  17: 73.95    |  18: 76.73    |  19: 82.41   
[Batch: 1861/2400] mIoU: 62.82  |  FB-IoU: 86.36 |  0: 88.53    |  1: 87.24    |  2: 91.34    |  3: 90.86    |  4: 43.35    |  5: 83.62    |  6: 26.14    |  7: 57.73    |  8: 49.25    |  9: 92.84    |  10: 89.52    |  11: 44.88    |  12: 67.07    |  13: 83.96    |  14: 94.84    |  15: 85.21    |  16: 95.81    |  17: 73.95    |  18: 76.73    |  19: 82.41   
[Batch: 1862/2400] mIoU: 62.94  |  FB-IoU: 86.37 |  0: 88.53    |  1: 87.24    |  2: 91.34    |  3: 90.86    |  4: 43.35    |  5: 83.62    |  6: 26.14    |  7: 57.73    |  8: 49.25    |  9: 92.84    |  10: 89.52    |  11: 44.88    |  12: 67.07    |  13: 83.96    |  14: 94.84    |  15: 85.21    |  16: 95.81    |  17: 73.95    |  18: 76.73    |  19: 82.41   
[Batch: 1863/2400] mIoU: 62.95  |  FB-IoU: 86.37 |  0: 88.53    |  1: 87.24    |  2: 91.34    |  3: 90.86    |  4: 43.35    |  5: 83.62    |  6: 26.14    |  7: 57.73    |  8: 49.25    |  9: 92.84    |  10: 89.52    |  11: 44.88    |  12: 67.07    |  13: 83.96    |  14: 94.84    |  15: 85.21    |  16: 95.81    |  17: 73.95    |  18: 76.73    |  19: 82.41   
[Batch: 1864/2400] mIoU: 62.93  |  FB-IoU: 86.37 |  0: 88.53    |  1: 87.24    |  2: 91.34    |  3: 90.86    |  4: 43.35    |  5: 83.62    |  6: 26.14    |  7: 57.73    |  8: 49.25    |  9: 92.84    |  10: 89.52    |  11: 44.88    |  12: 67.07    |  13: 83.96    |  14: 94.84    |  15: 85.21    |  16: 95.81    |  17: 73.95    |  18: 76.73    |  19: 82.41   
[Batch: 1865/2400] mIoU: 62.93  |  FB-IoU: 86.37 |  0: 88.53    |  1: 87.24    |  2: 91.34    |  3: 90.86    |  4: 43.35    |  5: 83.62    |  6: 26.14    |  7: 57.73    |  8: 49.25    |  9: 92.84    |  10: 89.52    |  11: 44.88    |  12: 67.07    |  13: 83.96    |  14: 94.84    |  15: 85.21    |  16: 95.81    |  17: 73.95    |  18: 76.73    |  19: 82.41   
[Batch: 1866/2400] mIoU: 62.94  |  FB-IoU: 86.38 |  0: 88.53    |  1: 87.24    |  2: 91.34    |  3: 90.86    |  4: 43.35    |  5: 83.62    |  6: 26.14    |  7: 57.73    |  8: 49.25    |  9: 92.84    |  10: 89.52    |  11: 44.88    |  12: 67.07    |  13: 83.96    |  14: 94.84    |  15: 85.21    |  16: 95.81    |  17: 73.95    |  18: 76.73    |  19: 82.41   
[Batch: 1867/2400] mIoU: 62.88  |  FB-IoU: 86.35 |  0: 88.53    |  1: 87.24    |  2: 91.34    |  3: 90.86    |  4: 43.35    |  5: 83.62    |  6: 26.14    |  7: 57.73    |  8: 49.25    |  9: 92.84    |  10: 89.52    |  11: 44.88    |  12: 67.07    |  13: 83.96    |  14: 94.84    |  15: 85.21    |  16: 95.81    |  17: 73.95    |  18: 76.73    |  19: 82.41   
[Batch: 1868/2400] mIoU: 62.88  |  FB-IoU: 86.35 |  0: 88.53    |  1: 87.24    |  2: 91.34    |  3: 90.86    |  4: 43.35    |  5: 83.62    |  6: 26.14    |  7: 57.73    |  8: 49.25    |  9: 92.84    |  10: 89.52    |  11: 44.88    |  12: 67.07    |  13: 83.96    |  14: 94.84    |  15: 85.21    |  16: 95.81    |  17: 73.95    |  18: 76.73    |  19: 82.41   
[Batch: 1869/2400] mIoU: 62.88  |  FB-IoU: 86.35 |  0: 88.53    |  1: 87.24    |  2: 91.34    |  3: 90.86    |  4: 43.35    |  5: 83.62    |  6: 26.14    |  7: 57.73    |  8: 49.25    |  9: 92.84    |  10: 89.52    |  11: 44.88    |  12: 67.07    |  13: 83.96    |  14: 94.84    |  15: 85.21    |  16: 95.81    |  17: 73.95    |  18: 76.73    |  19: 82.41   
[Batch: 1870/2400] mIoU: 62.88  |  FB-IoU: 86.34 |  0: 88.53    |  1: 87.24    |  2: 91.34    |  3: 90.86    |  4: 43.35    |  5: 83.62    |  6: 26.14    |  7: 57.73    |  8: 49.25    |  9: 92.84    |  10: 89.52    |  11: 44.88    |  12: 67.07    |  13: 83.96    |  14: 94.84    |  15: 85.21    |  16: 95.81    |  17: 73.95    |  18: 76.73    |  19: 82.41   
[Batch: 1871/2400] mIoU: 63.28  |  FB-IoU: 86.35 |  0: 88.53    |  1: 87.24    |  2: 91.34    |  3: 90.86    |  4: 43.35    |  5: 83.62    |  6: 26.14    |  7: 57.73    |  8: 49.25    |  9: 92.84    |  10: 89.52    |  11: 44.88    |  12: 67.07    |  13: 83.96    |  14: 94.84    |  15: 85.21    |  16: 95.81    |  17: 73.95    |  18: 76.73    |  19: 82.41   
[Batch: 1872/2400] mIoU: 62.95  |  FB-IoU: 86.25 |  0: 88.53    |  1: 87.24    |  2: 91.34    |  3: 90.86    |  4: 43.35    |  5: 83.62    |  6: 26.14    |  7: 57.73    |  8: 49.25    |  9: 92.84    |  10: 89.52    |  11: 44.88    |  12: 67.07    |  13: 83.96    |  14: 94.84    |  15: 85.21    |  16: 95.81    |  17: 73.95    |  18: 76.73    |  19: 82.41   
[Batch: 1873/2400] mIoU: 62.99  |  FB-IoU: 86.25 |  0: 88.53    |  1: 87.24    |  2: 91.34    |  3: 90.86    |  4: 43.35    |  5: 83.62    |  6: 26.14    |  7: 57.73    |  8: 49.25    |  9: 92.84    |  10: 89.52    |  11: 44.88    |  12: 67.07    |  13: 83.96    |  14: 94.84    |  15: 85.21    |  16: 95.81    |  17: 73.95    |  18: 76.73    |  19: 82.41   
[Batch: 1874/2400] mIoU: 62.99  |  FB-IoU: 86.25 |  0: 88.53    |  1: 87.24    |  2: 91.34    |  3: 90.86    |  4: 43.35    |  5: 83.62    |  6: 26.14    |  7: 57.73    |  8: 49.25    |  9: 92.84    |  10: 89.52    |  11: 44.88    |  12: 67.07    |  13: 83.96    |  14: 94.84    |  15: 85.21    |  16: 95.81    |  17: 73.95    |  18: 76.73    |  19: 82.41   
[Batch: 1875/2400] mIoU: 63.01  |  FB-IoU: 86.25 |  0: 88.53    |  1: 87.24    |  2: 91.34    |  3: 90.86    |  4: 43.35    |  5: 83.62    |  6: 26.14    |  7: 57.73    |  8: 49.25    |  9: 92.84    |  10: 89.52    |  11: 44.88    |  12: 67.07    |  13: 83.96    |  14: 94.84    |  15: 85.21    |  16: 95.81    |  17: 73.95    |  18: 76.73    |  19: 82.41   
[Batch: 1876/2400] mIoU: 63.03  |  FB-IoU: 86.25 |  0: 88.53    |  1: 87.24    |  2: 91.34    |  3: 90.86    |  4: 43.35    |  5: 83.62    |  6: 26.14    |  7: 57.73    |  8: 49.25    |  9: 92.84    |  10: 89.52    |  11: 44.88    |  12: 67.07    |  13: 83.96    |  14: 94.84    |  15: 85.21    |  16: 95.81    |  17: 73.95    |  18: 76.73    |  19: 82.41   
[Batch: 1877/2400] mIoU: 63.03  |  FB-IoU: 86.24 |  0: 88.53    |  1: 87.24    |  2: 91.34    |  3: 90.86    |  4: 43.35    |  5: 83.62    |  6: 26.14    |  7: 57.73    |  8: 49.25    |  9: 92.84    |  10: 89.52    |  11: 44.88    |  12: 67.07    |  13: 83.96    |  14: 94.84    |  15: 85.21    |  16: 95.81    |  17: 73.95    |  18: 76.73    |  19: 82.41   
[Batch: 1878/2400] mIoU: 63.04  |  FB-IoU: 86.24 |  0: 88.53    |  1: 87.24    |  2: 91.34    |  3: 90.86    |  4: 43.35    |  5: 83.62    |  6: 26.14    |  7: 57.73    |  8: 49.25    |  9: 92.84    |  10: 89.52    |  11: 44.88    |  12: 67.07    |  13: 83.96    |  14: 94.84    |  15: 85.21    |  16: 95.81    |  17: 73.95    |  18: 76.73    |  19: 82.41   
[Batch: 1879/2400] mIoU: 63.05  |  FB-IoU: 86.25 |  0: 88.53    |  1: 87.24    |  2: 91.34    |  3: 90.86    |  4: 43.35    |  5: 83.62    |  6: 26.14    |  7: 57.73    |  8: 49.25    |  9: 92.84    |  10: 89.52    |  11: 44.88    |  12: 67.07    |  13: 83.96    |  14: 94.84    |  15: 85.21    |  16: 95.81    |  17: 73.95    |  18: 76.73    |  19: 82.41   
[Batch: 1880/2400] mIoU: 63.07  |  FB-IoU: 86.25 |  0: 88.53    |  1: 87.24    |  2: 91.34    |  3: 90.86    |  4: 43.35    |  5: 83.62    |  6: 26.14    |  7: 57.73    |  8: 49.25    |  9: 92.84    |  10: 89.52    |  11: 44.88    |  12: 67.07    |  13: 83.96    |  14: 94.84    |  15: 85.21    |  16: 95.81    |  17: 73.95    |  18: 76.73    |  19: 82.41   
[Batch: 1881/2400] mIoU: 63.45  |  FB-IoU: 86.25 |  0: 88.53    |  1: 87.24    |  2: 91.34    |  3: 90.86    |  4: 43.35    |  5: 83.62    |  6: 26.14    |  7: 57.73    |  8: 49.25    |  9: 92.84    |  10: 89.52    |  11: 44.88    |  12: 67.07    |  13: 83.96    |  14: 94.84    |  15: 85.21    |  16: 95.81    |  17: 73.95    |  18: 76.73    |  19: 82.41   
[Batch: 1882/2400] mIoU: 63.44  |  FB-IoU: 86.26 |  0: 88.53    |  1: 87.24    |  2: 91.34    |  3: 90.86    |  4: 43.35    |  5: 83.62    |  6: 26.14    |  7: 57.73    |  8: 49.25    |  9: 92.84    |  10: 89.52    |  11: 44.88    |  12: 67.07    |  13: 83.96    |  14: 94.84    |  15: 85.21    |  16: 95.81    |  17: 73.95    |  18: 76.73    |  19: 82.41   
[Batch: 1883/2400] mIoU: 63.45  |  FB-IoU: 86.26 |  0: 88.53    |  1: 87.24    |  2: 91.34    |  3: 90.86    |  4: 43.35    |  5: 83.62    |  6: 26.14    |  7: 57.73    |  8: 49.25    |  9: 92.84    |  10: 89.52    |  11: 44.88    |  12: 67.07    |  13: 83.96    |  14: 94.84    |  15: 85.21    |  16: 95.81    |  17: 73.95    |  18: 76.73    |  19: 82.41   
[Batch: 1884/2400] mIoU: 63.46  |  FB-IoU: 86.26 |  0: 88.53    |  1: 87.24    |  2: 91.34    |  3: 90.86    |  4: 43.35    |  5: 83.62    |  6: 26.14    |  7: 57.73    |  8: 49.25    |  9: 92.84    |  10: 89.52    |  11: 44.88    |  12: 67.07    |  13: 83.96    |  14: 94.84    |  15: 85.21    |  16: 95.81    |  17: 73.95    |  18: 76.73    |  19: 82.41   
[Batch: 1885/2400] mIoU: 63.43  |  FB-IoU: 86.26 |  0: 88.53    |  1: 87.24    |  2: 91.34    |  3: 90.86    |  4: 43.35    |  5: 83.62    |  6: 26.14    |  7: 57.73    |  8: 49.25    |  9: 92.84    |  10: 89.52    |  11: 44.88    |  12: 67.07    |  13: 83.96    |  14: 94.84    |  15: 85.21    |  16: 95.81    |  17: 73.95    |  18: 76.73    |  19: 82.41   
[Batch: 1886/2400] mIoU: 63.44  |  FB-IoU: 86.27 |  0: 88.53    |  1: 87.24    |  2: 91.34    |  3: 90.86    |  4: 43.35    |  5: 83.62    |  6: 26.14    |  7: 57.73    |  8: 49.25    |  9: 92.84    |  10: 89.52    |  11: 44.88    |  12: 67.07    |  13: 83.96    |  14: 94.84    |  15: 85.21    |  16: 95.81    |  17: 73.95    |  18: 76.73    |  19: 82.41   
[Batch: 1887/2400] mIoU: 63.45  |  FB-IoU: 86.27 |  0: 88.53    |  1: 87.24    |  2: 91.34    |  3: 90.86    |  4: 43.35    |  5: 83.62    |  6: 26.14    |  7: 57.73    |  8: 49.25    |  9: 92.84    |  10: 89.52    |  11: 44.88    |  12: 67.07    |  13: 83.96    |  14: 94.84    |  15: 85.21    |  16: 95.81    |  17: 73.95    |  18: 76.73    |  19: 82.41   
[Batch: 1888/2400] mIoU: 63.42  |  FB-IoU: 86.27 |  0: 88.53    |  1: 87.24    |  2: 91.34    |  3: 90.86    |  4: 43.35    |  5: 83.62    |  6: 26.14    |  7: 57.73    |  8: 49.25    |  9: 92.84    |  10: 89.52    |  11: 44.88    |  12: 67.07    |  13: 83.96    |  14: 94.84    |  15: 85.21    |  16: 95.81    |  17: 73.95    |  18: 76.73    |  19: 82.41   
[Batch: 1889/2400] mIoU: 63.43  |  FB-IoU: 86.27 |  0: 88.53    |  1: 87.24    |  2: 91.34    |  3: 90.86    |  4: 43.35    |  5: 83.62    |  6: 26.14    |  7: 57.73    |  8: 49.25    |  9: 92.84    |  10: 89.52    |  11: 44.88    |  12: 67.07    |  13: 83.96    |  14: 94.84    |  15: 85.21    |  16: 95.81    |  17: 73.95    |  18: 76.73    |  19: 82.41   
[Batch: 1890/2400] mIoU: 63.43  |  FB-IoU: 86.28 |  0: 88.53    |  1: 87.24    |  2: 91.34    |  3: 90.86    |  4: 43.35    |  5: 83.62    |  6: 26.14    |  7: 57.73    |  8: 49.25    |  9: 92.84    |  10: 89.52    |  11: 44.88    |  12: 67.07    |  13: 83.96    |  14: 94.84    |  15: 85.21    |  16: 95.81    |  17: 73.95    |  18: 76.73    |  19: 82.41   
[Batch: 1891/2400] mIoU: 63.83  |  FB-IoU: 86.28 |  0: 88.53    |  1: 87.24    |  2: 91.34    |  3: 90.86    |  4: 43.35    |  5: 83.62    |  6: 26.14    |  7: 57.73    |  8: 49.25    |  9: 92.84    |  10: 89.52    |  11: 44.88    |  12: 67.07    |  13: 83.96    |  14: 94.84    |  15: 85.21    |  16: 95.81    |  17: 73.95    |  18: 76.73    |  19: 82.41   
[Batch: 1892/2400] mIoU: 63.83  |  FB-IoU: 86.29 |  0: 88.53    |  1: 87.24    |  2: 91.34    |  3: 90.86    |  4: 43.35    |  5: 83.62    |  6: 26.14    |  7: 57.73    |  8: 49.25    |  9: 92.84    |  10: 89.52    |  11: 44.88    |  12: 67.07    |  13: 83.96    |  14: 94.84    |  15: 85.21    |  16: 95.81    |  17: 73.95    |  18: 76.73    |  19: 82.41   
[Batch: 1893/2400] mIoU: 63.83  |  FB-IoU: 86.29 |  0: 88.53    |  1: 87.24    |  2: 91.34    |  3: 90.86    |  4: 43.35    |  5: 83.62    |  6: 26.14    |  7: 57.73    |  8: 49.25    |  9: 92.84    |  10: 89.52    |  11: 44.88    |  12: 67.07    |  13: 83.96    |  14: 94.84    |  15: 85.21    |  16: 95.81    |  17: 73.95    |  18: 76.73    |  19: 82.41   
[Batch: 1894/2400] mIoU: 63.83  |  FB-IoU: 86.30 |  0: 88.53    |  1: 87.24    |  2: 91.34    |  3: 90.86    |  4: 43.35    |  5: 83.62    |  6: 26.14    |  7: 57.73    |  8: 49.25    |  9: 92.84    |  10: 89.52    |  11: 44.88    |  12: 67.07    |  13: 83.96    |  14: 94.84    |  15: 85.21    |  16: 95.81    |  17: 73.95    |  18: 76.73    |  19: 82.41   
[Batch: 1895/2400] mIoU: 63.83  |  FB-IoU: 86.30 |  0: 88.53    |  1: 87.24    |  2: 91.34    |  3: 90.86    |  4: 43.35    |  5: 83.62    |  6: 26.14    |  7: 57.73    |  8: 49.25    |  9: 92.84    |  10: 89.52    |  11: 44.88    |  12: 67.07    |  13: 83.96    |  14: 94.84    |  15: 85.21    |  16: 95.81    |  17: 73.95    |  18: 76.73    |  19: 82.41   
[Batch: 1896/2400] mIoU: 63.83  |  FB-IoU: 86.31 |  0: 88.53    |  1: 87.24    |  2: 91.34    |  3: 90.86    |  4: 43.35    |  5: 83.62    |  6: 26.14    |  7: 57.73    |  8: 49.25    |  9: 92.84    |  10: 89.52    |  11: 44.88    |  12: 67.07    |  13: 83.96    |  14: 94.84    |  15: 85.21    |  16: 95.81    |  17: 73.95    |  18: 76.73    |  19: 82.41   
[Batch: 1897/2400] mIoU: 63.83  |  FB-IoU: 86.31 |  0: 88.53    |  1: 87.24    |  2: 91.34    |  3: 90.86    |  4: 43.35    |  5: 83.62    |  6: 26.14    |  7: 57.73    |  8: 49.25    |  9: 92.84    |  10: 89.52    |  11: 44.88    |  12: 67.07    |  13: 83.96    |  14: 94.84    |  15: 85.21    |  16: 95.81    |  17: 73.95    |  18: 76.73    |  19: 82.41   
[Batch: 1898/2400] mIoU: 63.83  |  FB-IoU: 86.32 |  0: 88.53    |  1: 87.24    |  2: 91.34    |  3: 90.86    |  4: 43.35    |  5: 83.62    |  6: 26.14    |  7: 57.73    |  8: 49.25    |  9: 92.84    |  10: 89.52    |  11: 44.88    |  12: 67.07    |  13: 83.96    |  14: 94.84    |  15: 85.21    |  16: 95.81    |  17: 73.95    |  18: 76.73    |  19: 82.41   
[Batch: 1899/2400] mIoU: 63.83  |  FB-IoU: 86.32 |  0: 88.53    |  1: 87.24    |  2: 91.34    |  3: 90.86    |  4: 43.35    |  5: 83.62    |  6: 26.14    |  7: 57.73    |  8: 49.25    |  9: 92.84    |  10: 89.52    |  11: 44.88    |  12: 67.07    |  13: 83.96    |  14: 94.84    |  15: 85.21    |  16: 95.81    |  17: 73.95    |  18: 76.73    |  19: 82.41   
[Batch: 1900/2400] mIoU: 63.83  |  FB-IoU: 86.33 |  0: 88.53    |  1: 87.24    |  2: 91.34    |  3: 90.86    |  4: 43.35    |  5: 83.62    |  6: 26.14    |  7: 57.73    |  8: 49.25    |  9: 92.84    |  10: 89.52    |  11: 44.88    |  12: 67.07    |  13: 83.96    |  14: 94.84    |  15: 85.21    |  16: 95.81    |  17: 73.95    |  18: 76.73    |  19: 82.41   
[Batch: 1901/2400] mIoU: 64.16  |  FB-IoU: 86.33 |  0: 88.53    |  1: 87.24    |  2: 91.34    |  3: 90.86    |  4: 43.35    |  5: 83.62    |  6: 26.14    |  7: 57.73    |  8: 49.25    |  9: 92.84    |  10: 89.52    |  11: 44.88    |  12: 67.07    |  13: 83.96    |  14: 94.84    |  15: 85.21    |  16: 95.81    |  17: 73.95    |  18: 76.73    |  19: 82.41   
[Batch: 1902/2400] mIoU: 64.17  |  FB-IoU: 86.33 |  0: 88.53    |  1: 87.24    |  2: 91.34    |  3: 90.86    |  4: 43.35    |  5: 83.62    |  6: 26.14    |  7: 57.73    |  8: 49.25    |  9: 92.84    |  10: 89.52    |  11: 44.88    |  12: 67.07    |  13: 83.96    |  14: 94.84    |  15: 85.21    |  16: 95.81    |  17: 73.95    |  18: 76.73    |  19: 82.41   
[Batch: 1903/2400] mIoU: 64.20  |  FB-IoU: 86.34 |  0: 88.53    |  1: 87.24    |  2: 91.34    |  3: 90.86    |  4: 43.35    |  5: 83.62    |  6: 26.14    |  7: 57.73    |  8: 49.25    |  9: 92.84    |  10: 89.52    |  11: 44.88    |  12: 67.07    |  13: 83.96    |  14: 94.84    |  15: 85.21    |  16: 95.81    |  17: 73.95    |  18: 76.73    |  19: 82.41   
[Batch: 1904/2400] mIoU: 64.21  |  FB-IoU: 86.35 |  0: 88.53    |  1: 87.24    |  2: 91.34    |  3: 90.86    |  4: 43.35    |  5: 83.62    |  6: 26.14    |  7: 57.73    |  8: 49.25    |  9: 92.84    |  10: 89.52    |  11: 44.88    |  12: 67.07    |  13: 83.96    |  14: 94.84    |  15: 85.21    |  16: 95.81    |  17: 73.95    |  18: 76.73    |  19: 82.41   
[Batch: 1905/2400] mIoU: 64.20  |  FB-IoU: 86.35 |  0: 88.53    |  1: 87.24    |  2: 91.34    |  3: 90.86    |  4: 43.35    |  5: 83.62    |  6: 26.14    |  7: 57.73    |  8: 49.25    |  9: 92.84    |  10: 89.52    |  11: 44.88    |  12: 67.07    |  13: 83.96    |  14: 94.84    |  15: 85.21    |  16: 95.81    |  17: 73.95    |  18: 76.73    |  19: 82.41   
[Batch: 1906/2400] mIoU: 64.20  |  FB-IoU: 86.35 |  0: 88.53    |  1: 87.24    |  2: 91.34    |  3: 90.86    |  4: 43.35    |  5: 83.62    |  6: 26.14    |  7: 57.73    |  8: 49.25    |  9: 92.84    |  10: 89.52    |  11: 44.88    |  12: 67.07    |  13: 83.96    |  14: 94.84    |  15: 85.21    |  16: 95.81    |  17: 73.95    |  18: 76.73    |  19: 82.41   
[Batch: 1907/2400] mIoU: 64.21  |  FB-IoU: 86.36 |  0: 88.53    |  1: 87.24    |  2: 91.34    |  3: 90.86    |  4: 43.35    |  5: 83.62    |  6: 26.14    |  7: 57.73    |  8: 49.25    |  9: 92.84    |  10: 89.52    |  11: 44.88    |  12: 67.07    |  13: 83.96    |  14: 94.84    |  15: 85.21    |  16: 95.81    |  17: 73.95    |  18: 76.73    |  19: 82.41   
[Batch: 1908/2400] mIoU: 64.21  |  FB-IoU: 86.37 |  0: 88.53    |  1: 87.24    |  2: 91.34    |  3: 90.86    |  4: 43.35    |  5: 83.62    |  6: 26.14    |  7: 57.73    |  8: 49.25    |  9: 92.84    |  10: 89.52    |  11: 44.88    |  12: 67.07    |  13: 83.96    |  14: 94.84    |  15: 85.21    |  16: 95.81    |  17: 73.95    |  18: 76.73    |  19: 82.41   
[Batch: 1909/2400] mIoU: 64.21  |  FB-IoU: 86.38 |  0: 88.53    |  1: 87.24    |  2: 91.34    |  3: 90.86    |  4: 43.35    |  5: 83.62    |  6: 26.14    |  7: 57.73    |  8: 49.25    |  9: 92.84    |  10: 89.52    |  11: 44.88    |  12: 67.07    |  13: 83.96    |  14: 94.84    |  15: 85.21    |  16: 95.81    |  17: 73.95    |  18: 76.73    |  19: 82.41   
[Batch: 1910/2400] mIoU: 64.21  |  FB-IoU: 86.38 |  0: 88.53    |  1: 87.24    |  2: 91.34    |  3: 90.86    |  4: 43.35    |  5: 83.62    |  6: 26.14    |  7: 57.73    |  8: 49.25    |  9: 92.84    |  10: 89.52    |  11: 44.88    |  12: 67.07    |  13: 83.96    |  14: 94.84    |  15: 85.21    |  16: 95.81    |  17: 73.95    |  18: 76.73    |  19: 82.41   
[Batch: 1911/2400] mIoU: 64.60  |  FB-IoU: 86.39 |  0: 88.53    |  1: 87.24    |  2: 91.34    |  3: 90.86    |  4: 43.35    |  5: 83.62    |  6: 26.14    |  7: 57.73    |  8: 49.25    |  9: 92.84    |  10: 89.52    |  11: 44.88    |  12: 67.07    |  13: 83.96    |  14: 94.84    |  15: 85.21    |  16: 95.81    |  17: 73.95    |  18: 76.73    |  19: 82.41   
[Batch: 1912/2400] mIoU: 64.60  |  FB-IoU: 86.39 |  0: 88.53    |  1: 87.24    |  2: 91.34    |  3: 90.86    |  4: 43.35    |  5: 83.62    |  6: 26.14    |  7: 57.73    |  8: 49.25    |  9: 92.84    |  10: 89.52    |  11: 44.88    |  12: 67.07    |  13: 83.96    |  14: 94.84    |  15: 85.21    |  16: 95.81    |  17: 73.95    |  18: 76.73    |  19: 82.41   
[Batch: 1913/2400] mIoU: 64.60  |  FB-IoU: 86.40 |  0: 88.53    |  1: 87.24    |  2: 91.34    |  3: 90.86    |  4: 43.35    |  5: 83.62    |  6: 26.14    |  7: 57.73    |  8: 49.25    |  9: 92.84    |  10: 89.52    |  11: 44.88    |  12: 67.07    |  13: 83.96    |  14: 94.84    |  15: 85.21    |  16: 95.81    |  17: 73.95    |  18: 76.73    |  19: 82.41   
[Batch: 1914/2400] mIoU: 64.60  |  FB-IoU: 86.41 |  0: 88.53    |  1: 87.24    |  2: 91.34    |  3: 90.86    |  4: 43.35    |  5: 83.62    |  6: 26.14    |  7: 57.73    |  8: 49.25    |  9: 92.84    |  10: 89.52    |  11: 44.88    |  12: 67.07    |  13: 83.96    |  14: 94.84    |  15: 85.21    |  16: 95.81    |  17: 73.95    |  18: 76.73    |  19: 82.41   
[Batch: 1915/2400] mIoU: 64.60  |  FB-IoU: 86.41 |  0: 88.53    |  1: 87.24    |  2: 91.34    |  3: 90.86    |  4: 43.35    |  5: 83.62    |  6: 26.14    |  7: 57.73    |  8: 49.25    |  9: 92.84    |  10: 89.52    |  11: 44.88    |  12: 67.07    |  13: 83.96    |  14: 94.84    |  15: 85.21    |  16: 95.81    |  17: 73.95    |  18: 76.73    |  19: 82.41   
[Batch: 1916/2400] mIoU: 64.59  |  FB-IoU: 86.41 |  0: 88.53    |  1: 87.24    |  2: 91.34    |  3: 90.86    |  4: 43.35    |  5: 83.62    |  6: 26.14    |  7: 57.73    |  8: 49.25    |  9: 92.84    |  10: 89.52    |  11: 44.88    |  12: 67.07    |  13: 83.96    |  14: 94.84    |  15: 85.21    |  16: 95.81    |  17: 73.95    |  18: 76.73    |  19: 82.41   
[Batch: 1917/2400] mIoU: 64.58  |  FB-IoU: 86.41 |  0: 88.53    |  1: 87.24    |  2: 91.34    |  3: 90.86    |  4: 43.35    |  5: 83.62    |  6: 26.14    |  7: 57.73    |  8: 49.25    |  9: 92.84    |  10: 89.52    |  11: 44.88    |  12: 67.07    |  13: 83.96    |  14: 94.84    |  15: 85.21    |  16: 95.81    |  17: 73.95    |  18: 76.73    |  19: 82.41   
[Batch: 1918/2400] mIoU: 64.58  |  FB-IoU: 86.41 |  0: 88.53    |  1: 87.24    |  2: 91.34    |  3: 90.86    |  4: 43.35    |  5: 83.62    |  6: 26.14    |  7: 57.73    |  8: 49.25    |  9: 92.84    |  10: 89.52    |  11: 44.88    |  12: 67.07    |  13: 83.96    |  14: 94.84    |  15: 85.21    |  16: 95.81    |  17: 73.95    |  18: 76.73    |  19: 82.41   
[Batch: 1919/2400] mIoU: 64.58  |  FB-IoU: 86.41 |  0: 88.53    |  1: 87.24    |  2: 91.34    |  3: 90.86    |  4: 43.35    |  5: 83.62    |  6: 26.14    |  7: 57.73    |  8: 49.25    |  9: 92.84    |  10: 89.52    |  11: 44.88    |  12: 67.07    |  13: 83.96    |  14: 94.84    |  15: 85.21    |  16: 95.81    |  17: 73.95    |  18: 76.73    |  19: 82.41   
[Batch: 1920/2400] mIoU: 64.58  |  FB-IoU: 86.42 |  0: 88.53    |  1: 87.24    |  2: 91.34    |  3: 90.86    |  4: 43.35    |  5: 83.62    |  6: 26.14    |  7: 57.73    |  8: 49.25    |  9: 92.84    |  10: 89.52    |  11: 44.88    |  12: 67.07    |  13: 83.96    |  14: 94.84    |  15: 85.21    |  16: 95.81    |  17: 73.95    |  18: 76.73    |  19: 82.41   
[Batch: 1921/2400] mIoU: 64.98  |  FB-IoU: 86.42 |  0: 88.53    |  1: 87.24    |  2: 91.34    |  3: 90.86    |  4: 43.35    |  5: 83.62    |  6: 26.14    |  7: 57.73    |  8: 49.25    |  9: 92.84    |  10: 89.52    |  11: 44.88    |  12: 67.07    |  13: 83.96    |  14: 94.84    |  15: 85.21    |  16: 95.81    |  17: 73.95    |  18: 76.73    |  19: 82.41   
[Batch: 1922/2400] mIoU: 64.98  |  FB-IoU: 86.43 |  0: 88.53    |  1: 87.24    |  2: 91.34    |  3: 90.86    |  4: 43.35    |  5: 83.62    |  6: 26.14    |  7: 57.73    |  8: 49.25    |  9: 92.84    |  10: 89.52    |  11: 44.88    |  12: 67.07    |  13: 83.96    |  14: 94.84    |  15: 85.21    |  16: 95.81    |  17: 73.95    |  18: 76.73    |  19: 82.41   
[Batch: 1923/2400] mIoU: 64.98  |  FB-IoU: 86.43 |  0: 88.53    |  1: 87.24    |  2: 91.34    |  3: 90.86    |  4: 43.35    |  5: 83.62    |  6: 26.14    |  7: 57.73    |  8: 49.25    |  9: 92.84    |  10: 89.52    |  11: 44.88    |  12: 67.07    |  13: 83.96    |  14: 94.84    |  15: 85.21    |  16: 95.81    |  17: 73.95    |  18: 76.73    |  19: 82.41   
[Batch: 1924/2400] mIoU: 64.98  |  FB-IoU: 86.44 |  0: 88.53    |  1: 87.24    |  2: 91.34    |  3: 90.86    |  4: 43.35    |  5: 83.62    |  6: 26.14    |  7: 57.73    |  8: 49.25    |  9: 92.84    |  10: 89.52    |  11: 44.88    |  12: 67.07    |  13: 83.96    |  14: 94.84    |  15: 85.21    |  16: 95.81    |  17: 73.95    |  18: 76.73    |  19: 82.41   
[Batch: 1925/2400] mIoU: 64.98  |  FB-IoU: 86.44 |  0: 88.53    |  1: 87.24    |  2: 91.34    |  3: 90.86    |  4: 43.35    |  5: 83.62    |  6: 26.14    |  7: 57.73    |  8: 49.25    |  9: 92.84    |  10: 89.52    |  11: 44.88    |  12: 67.07    |  13: 83.96    |  14: 94.84    |  15: 85.21    |  16: 95.81    |  17: 73.95    |  18: 76.73    |  19: 82.41   
[Batch: 1926/2400] mIoU: 64.98  |  FB-IoU: 86.45 |  0: 88.53    |  1: 87.24    |  2: 91.34    |  3: 90.86    |  4: 43.35    |  5: 83.62    |  6: 26.14    |  7: 57.73    |  8: 49.25    |  9: 92.84    |  10: 89.52    |  11: 44.88    |  12: 67.07    |  13: 83.96    |  14: 94.84    |  15: 85.21    |  16: 95.81    |  17: 73.95    |  18: 76.73    |  19: 82.41   
[Batch: 1927/2400] mIoU: 64.98  |  FB-IoU: 86.45 |  0: 88.53    |  1: 87.24    |  2: 91.34    |  3: 90.86    |  4: 43.35    |  5: 83.62    |  6: 26.14    |  7: 57.73    |  8: 49.25    |  9: 92.84    |  10: 89.52    |  11: 44.88    |  12: 67.07    |  13: 83.96    |  14: 94.84    |  15: 85.21    |  16: 95.81    |  17: 73.95    |  18: 76.73    |  19: 82.41   
[Batch: 1928/2400] mIoU: 64.98  |  FB-IoU: 86.46 |  0: 88.53    |  1: 87.24    |  2: 91.34    |  3: 90.86    |  4: 43.35    |  5: 83.62    |  6: 26.14    |  7: 57.73    |  8: 49.25    |  9: 92.84    |  10: 89.52    |  11: 44.88    |  12: 67.07    |  13: 83.96    |  14: 94.84    |  15: 85.21    |  16: 95.81    |  17: 73.95    |  18: 76.73    |  19: 82.41   
[Batch: 1929/2400] mIoU: 64.97  |  FB-IoU: 86.46 |  0: 88.53    |  1: 87.24    |  2: 91.34    |  3: 90.86    |  4: 43.35    |  5: 83.62    |  6: 26.14    |  7: 57.73    |  8: 49.25    |  9: 92.84    |  10: 89.52    |  11: 44.88    |  12: 67.07    |  13: 83.96    |  14: 94.84    |  15: 85.21    |  16: 95.81    |  17: 73.95    |  18: 76.73    |  19: 82.41   
[Batch: 1930/2400] mIoU: 64.97  |  FB-IoU: 86.46 |  0: 88.53    |  1: 87.24    |  2: 91.34    |  3: 90.86    |  4: 43.35    |  5: 83.62    |  6: 26.14    |  7: 57.73    |  8: 49.25    |  9: 92.84    |  10: 89.52    |  11: 44.88    |  12: 67.07    |  13: 83.96    |  14: 94.84    |  15: 85.21    |  16: 95.81    |  17: 73.95    |  18: 76.73    |  19: 82.41   
[Batch: 1931/2400] mIoU: 65.28  |  FB-IoU: 86.46 |  0: 88.53    |  1: 87.24    |  2: 91.34    |  3: 90.86    |  4: 43.35    |  5: 83.62    |  6: 26.14    |  7: 57.73    |  8: 49.25    |  9: 92.84    |  10: 89.52    |  11: 44.88    |  12: 67.07    |  13: 83.96    |  14: 94.84    |  15: 85.21    |  16: 95.81    |  17: 73.95    |  18: 76.73    |  19: 82.41   
[Batch: 1932/2400] mIoU: 65.29  |  FB-IoU: 86.46 |  0: 88.53    |  1: 87.24    |  2: 91.34    |  3: 90.86    |  4: 43.35    |  5: 83.62    |  6: 26.14    |  7: 57.73    |  8: 49.25    |  9: 92.84    |  10: 89.52    |  11: 44.88    |  12: 67.07    |  13: 83.96    |  14: 94.84    |  15: 85.21    |  16: 95.81    |  17: 73.95    |  18: 76.73    |  19: 82.41   
[Batch: 1933/2400] mIoU: 65.30  |  FB-IoU: 86.46 |  0: 88.53    |  1: 87.24    |  2: 91.34    |  3: 90.86    |  4: 43.35    |  5: 83.62    |  6: 26.14    |  7: 57.73    |  8: 49.25    |  9: 92.84    |  10: 89.52    |  11: 44.88    |  12: 67.07    |  13: 83.96    |  14: 94.84    |  15: 85.21    |  16: 95.81    |  17: 73.95    |  18: 76.73    |  19: 82.41   
[Batch: 1934/2400] mIoU: 65.32  |  FB-IoU: 86.47 |  0: 88.53    |  1: 87.24    |  2: 91.34    |  3: 90.86    |  4: 43.35    |  5: 83.62    |  6: 26.14    |  7: 57.73    |  8: 49.25    |  9: 92.84    |  10: 89.52    |  11: 44.88    |  12: 67.07    |  13: 83.96    |  14: 94.84    |  15: 85.21    |  16: 95.81    |  17: 73.95    |  18: 76.73    |  19: 82.41   
[Batch: 1935/2400] mIoU: 65.30  |  FB-IoU: 86.46 |  0: 88.53    |  1: 87.24    |  2: 91.34    |  3: 90.86    |  4: 43.35    |  5: 83.62    |  6: 26.14    |  7: 57.73    |  8: 49.25    |  9: 92.84    |  10: 89.52    |  11: 44.88    |  12: 67.07    |  13: 83.96    |  14: 94.84    |  15: 85.21    |  16: 95.81    |  17: 73.95    |  18: 76.73    |  19: 82.41   
[Batch: 1936/2400] mIoU: 65.30  |  FB-IoU: 86.46 |  0: 88.53    |  1: 87.24    |  2: 91.34    |  3: 90.86    |  4: 43.35    |  5: 83.62    |  6: 26.14    |  7: 57.73    |  8: 49.25    |  9: 92.84    |  10: 89.52    |  11: 44.88    |  12: 67.07    |  13: 83.96    |  14: 94.84    |  15: 85.21    |  16: 95.81    |  17: 73.95    |  18: 76.73    |  19: 82.41   
[Batch: 1937/2400] mIoU: 65.20  |  FB-IoU: 86.38 |  0: 88.53    |  1: 87.24    |  2: 91.34    |  3: 90.86    |  4: 43.35    |  5: 83.62    |  6: 26.14    |  7: 57.73    |  8: 49.25    |  9: 92.84    |  10: 89.52    |  11: 44.88    |  12: 67.07    |  13: 83.96    |  14: 94.84    |  15: 85.21    |  16: 95.81    |  17: 73.95    |  18: 76.73    |  19: 82.41   
[Batch: 1938/2400] mIoU: 65.18  |  FB-IoU: 86.35 |  0: 88.53    |  1: 87.24    |  2: 91.34    |  3: 90.86    |  4: 43.35    |  5: 83.62    |  6: 26.14    |  7: 57.73    |  8: 49.25    |  9: 92.84    |  10: 89.52    |  11: 44.88    |  12: 67.07    |  13: 83.96    |  14: 94.84    |  15: 85.21    |  16: 95.81    |  17: 73.95    |  18: 76.73    |  19: 82.41   
[Batch: 1939/2400] mIoU: 65.19  |  FB-IoU: 86.34 |  0: 88.53    |  1: 87.24    |  2: 91.34    |  3: 90.86    |  4: 43.35    |  5: 83.62    |  6: 26.14    |  7: 57.73    |  8: 49.25    |  9: 92.84    |  10: 89.52    |  11: 44.88    |  12: 67.07    |  13: 83.96    |  14: 94.84    |  15: 85.21    |  16: 95.81    |  17: 73.95    |  18: 76.73    |  19: 82.41   
[Batch: 1940/2400] mIoU: 65.20  |  FB-IoU: 86.35 |  0: 88.53    |  1: 87.24    |  2: 91.34    |  3: 90.86    |  4: 43.35    |  5: 83.62    |  6: 26.14    |  7: 57.73    |  8: 49.25    |  9: 92.84    |  10: 89.52    |  11: 44.88    |  12: 67.07    |  13: 83.96    |  14: 94.84    |  15: 85.21    |  16: 95.81    |  17: 73.95    |  18: 76.73    |  19: 82.41   
[Batch: 1941/2400] mIoU: 65.57  |  FB-IoU: 86.35 |  0: 88.53    |  1: 87.24    |  2: 91.34    |  3: 90.86    |  4: 43.35    |  5: 83.62    |  6: 26.14    |  7: 57.73    |  8: 49.25    |  9: 92.84    |  10: 89.52    |  11: 44.88    |  12: 67.07    |  13: 83.96    |  14: 94.84    |  15: 85.21    |  16: 95.81    |  17: 73.95    |  18: 76.73    |  19: 82.41   
[Batch: 1942/2400] mIoU: 65.58  |  FB-IoU: 86.35 |  0: 88.53    |  1: 87.24    |  2: 91.34    |  3: 90.86    |  4: 43.35    |  5: 83.62    |  6: 26.14    |  7: 57.73    |  8: 49.25    |  9: 92.84    |  10: 89.52    |  11: 44.88    |  12: 67.07    |  13: 83.96    |  14: 94.84    |  15: 85.21    |  16: 95.81    |  17: 73.95    |  18: 76.73    |  19: 82.41   
[Batch: 1943/2400] mIoU: 65.58  |  FB-IoU: 86.36 |  0: 88.53    |  1: 87.24    |  2: 91.34    |  3: 90.86    |  4: 43.35    |  5: 83.62    |  6: 26.14    |  7: 57.73    |  8: 49.25    |  9: 92.84    |  10: 89.52    |  11: 44.88    |  12: 67.07    |  13: 83.96    |  14: 94.84    |  15: 85.21    |  16: 95.81    |  17: 73.95    |  18: 76.73    |  19: 82.41   
[Batch: 1944/2400] mIoU: 65.59  |  FB-IoU: 86.36 |  0: 88.53    |  1: 87.24    |  2: 91.34    |  3: 90.86    |  4: 43.35    |  5: 83.62    |  6: 26.14    |  7: 57.73    |  8: 49.25    |  9: 92.84    |  10: 89.52    |  11: 44.88    |  12: 67.07    |  13: 83.96    |  14: 94.84    |  15: 85.21    |  16: 95.81    |  17: 73.95    |  18: 76.73    |  19: 82.41   
[Batch: 1945/2400] mIoU: 65.59  |  FB-IoU: 86.37 |  0: 88.53    |  1: 87.24    |  2: 91.34    |  3: 90.86    |  4: 43.35    |  5: 83.62    |  6: 26.14    |  7: 57.73    |  8: 49.25    |  9: 92.84    |  10: 89.52    |  11: 44.88    |  12: 67.07    |  13: 83.96    |  14: 94.84    |  15: 85.21    |  16: 95.81    |  17: 73.95    |  18: 76.73    |  19: 82.41   
[Batch: 1946/2400] mIoU: 65.59  |  FB-IoU: 86.37 |  0: 88.53    |  1: 87.24    |  2: 91.34    |  3: 90.86    |  4: 43.35    |  5: 83.62    |  6: 26.14    |  7: 57.73    |  8: 49.25    |  9: 92.84    |  10: 89.52    |  11: 44.88    |  12: 67.07    |  13: 83.96    |  14: 94.84    |  15: 85.21    |  16: 95.81    |  17: 73.95    |  18: 76.73    |  19: 82.41   
[Batch: 1947/2400] mIoU: 65.58  |  FB-IoU: 86.37 |  0: 88.53    |  1: 87.24    |  2: 91.34    |  3: 90.86    |  4: 43.35    |  5: 83.62    |  6: 26.14    |  7: 57.73    |  8: 49.25    |  9: 92.84    |  10: 89.52    |  11: 44.88    |  12: 67.07    |  13: 83.96    |  14: 94.84    |  15: 85.21    |  16: 95.81    |  17: 73.95    |  18: 76.73    |  19: 82.41   
[Batch: 1948/2400] mIoU: 65.58  |  FB-IoU: 86.37 |  0: 88.53    |  1: 87.24    |  2: 91.34    |  3: 90.86    |  4: 43.35    |  5: 83.62    |  6: 26.14    |  7: 57.73    |  8: 49.25    |  9: 92.84    |  10: 89.52    |  11: 44.88    |  12: 67.07    |  13: 83.96    |  14: 94.84    |  15: 85.21    |  16: 95.81    |  17: 73.95    |  18: 76.73    |  19: 82.41   
[Batch: 1949/2400] mIoU: 65.58  |  FB-IoU: 86.38 |  0: 88.53    |  1: 87.24    |  2: 91.34    |  3: 90.86    |  4: 43.35    |  5: 83.62    |  6: 26.14    |  7: 57.73    |  8: 49.25    |  9: 92.84    |  10: 89.52    |  11: 44.88    |  12: 67.07    |  13: 83.96    |  14: 94.84    |  15: 85.21    |  16: 95.81    |  17: 73.95    |  18: 76.73    |  19: 82.41   
[Batch: 1950/2400] mIoU: 65.58  |  FB-IoU: 86.38 |  0: 88.53    |  1: 87.24    |  2: 91.34    |  3: 90.86    |  4: 43.35    |  5: 83.62    |  6: 26.14    |  7: 57.73    |  8: 49.25    |  9: 92.84    |  10: 89.52    |  11: 44.88    |  12: 67.07    |  13: 83.96    |  14: 94.84    |  15: 85.21    |  16: 95.81    |  17: 73.95    |  18: 76.73    |  19: 82.41   
[Batch: 1951/2400] mIoU: 65.99  |  FB-IoU: 86.39 |  0: 88.53    |  1: 87.24    |  2: 91.34    |  3: 90.86    |  4: 43.35    |  5: 83.62    |  6: 26.14    |  7: 57.73    |  8: 49.25    |  9: 92.84    |  10: 89.52    |  11: 44.88    |  12: 67.07    |  13: 83.96    |  14: 94.84    |  15: 85.21    |  16: 95.81    |  17: 73.95    |  18: 76.73    |  19: 82.41   
[Batch: 1952/2400] mIoU: 65.98  |  FB-IoU: 86.39 |  0: 88.53    |  1: 87.24    |  2: 91.34    |  3: 90.86    |  4: 43.35    |  5: 83.62    |  6: 26.14    |  7: 57.73    |  8: 49.25    |  9: 92.84    |  10: 89.52    |  11: 44.88    |  12: 67.07    |  13: 83.96    |  14: 94.84    |  15: 85.21    |  16: 95.81    |  17: 73.95    |  18: 76.73    |  19: 82.41   
[Batch: 1953/2400] mIoU: 65.97  |  FB-IoU: 86.40 |  0: 88.53    |  1: 87.24    |  2: 91.34    |  3: 90.86    |  4: 43.35    |  5: 83.62    |  6: 26.14    |  7: 57.73    |  8: 49.25    |  9: 92.84    |  10: 89.52    |  11: 44.88    |  12: 67.07    |  13: 83.96    |  14: 94.84    |  15: 85.21    |  16: 95.81    |  17: 73.95    |  18: 76.73    |  19: 82.41   
[Batch: 1954/2400] mIoU: 65.96  |  FB-IoU: 86.40 |  0: 88.53    |  1: 87.24    |  2: 91.34    |  3: 90.86    |  4: 43.35    |  5: 83.62    |  6: 26.14    |  7: 57.73    |  8: 49.25    |  9: 92.84    |  10: 89.52    |  11: 44.88    |  12: 67.07    |  13: 83.96    |  14: 94.84    |  15: 85.21    |  16: 95.81    |  17: 73.95    |  18: 76.73    |  19: 82.41   
[Batch: 1955/2400] mIoU: 65.96  |  FB-IoU: 86.40 |  0: 88.53    |  1: 87.24    |  2: 91.34    |  3: 90.86    |  4: 43.35    |  5: 83.62    |  6: 26.14    |  7: 57.73    |  8: 49.25    |  9: 92.84    |  10: 89.52    |  11: 44.88    |  12: 67.07    |  13: 83.96    |  14: 94.84    |  15: 85.21    |  16: 95.81    |  17: 73.95    |  18: 76.73    |  19: 82.41   
[Batch: 1956/2400] mIoU: 65.95  |  FB-IoU: 86.40 |  0: 88.53    |  1: 87.24    |  2: 91.34    |  3: 90.86    |  4: 43.35    |  5: 83.62    |  6: 26.14    |  7: 57.73    |  8: 49.25    |  9: 92.84    |  10: 89.52    |  11: 44.88    |  12: 67.07    |  13: 83.96    |  14: 94.84    |  15: 85.21    |  16: 95.81    |  17: 73.95    |  18: 76.73    |  19: 82.41   
[Batch: 1957/2400] mIoU: 65.96  |  FB-IoU: 86.41 |  0: 88.53    |  1: 87.24    |  2: 91.34    |  3: 90.86    |  4: 43.35    |  5: 83.62    |  6: 26.14    |  7: 57.73    |  8: 49.25    |  9: 92.84    |  10: 89.52    |  11: 44.88    |  12: 67.07    |  13: 83.96    |  14: 94.84    |  15: 85.21    |  16: 95.81    |  17: 73.95    |  18: 76.73    |  19: 82.41   
[Batch: 1958/2400] mIoU: 65.95  |  FB-IoU: 86.41 |  0: 88.53    |  1: 87.24    |  2: 91.34    |  3: 90.86    |  4: 43.35    |  5: 83.62    |  6: 26.14    |  7: 57.73    |  8: 49.25    |  9: 92.84    |  10: 89.52    |  11: 44.88    |  12: 67.07    |  13: 83.96    |  14: 94.84    |  15: 85.21    |  16: 95.81    |  17: 73.95    |  18: 76.73    |  19: 82.41   
[Batch: 1959/2400] mIoU: 65.95  |  FB-IoU: 86.41 |  0: 88.53    |  1: 87.24    |  2: 91.34    |  3: 90.86    |  4: 43.35    |  5: 83.62    |  6: 26.14    |  7: 57.73    |  8: 49.25    |  9: 92.84    |  10: 89.52    |  11: 44.88    |  12: 67.07    |  13: 83.96    |  14: 94.84    |  15: 85.21    |  16: 95.81    |  17: 73.95    |  18: 76.73    |  19: 82.41   
[Batch: 1960/2400] mIoU: 65.96  |  FB-IoU: 86.41 |  0: 88.53    |  1: 87.24    |  2: 91.34    |  3: 90.86    |  4: 43.35    |  5: 83.62    |  6: 26.14    |  7: 57.73    |  8: 49.25    |  9: 92.84    |  10: 89.52    |  11: 44.88    |  12: 67.07    |  13: 83.96    |  14: 94.84    |  15: 85.21    |  16: 95.81    |  17: 73.95    |  18: 76.73    |  19: 82.41   
[Batch: 1961/2400] mIoU: 66.35  |  FB-IoU: 86.42 |  0: 88.53    |  1: 87.24    |  2: 91.34    |  3: 90.86    |  4: 43.35    |  5: 83.62    |  6: 26.14    |  7: 57.73    |  8: 49.25    |  9: 92.84    |  10: 89.52    |  11: 44.88    |  12: 67.07    |  13: 83.96    |  14: 94.84    |  15: 85.21    |  16: 95.81    |  17: 73.95    |  18: 76.73    |  19: 82.41   
[Batch: 1962/2400] mIoU: 66.35  |  FB-IoU: 86.42 |  0: 88.53    |  1: 87.24    |  2: 91.34    |  3: 90.86    |  4: 43.35    |  5: 83.62    |  6: 26.14    |  7: 57.73    |  8: 49.25    |  9: 92.84    |  10: 89.52    |  11: 44.88    |  12: 67.07    |  13: 83.96    |  14: 94.84    |  15: 85.21    |  16: 95.81    |  17: 73.95    |  18: 76.73    |  19: 82.41   
[Batch: 1963/2400] mIoU: 66.35  |  FB-IoU: 86.43 |  0: 88.53    |  1: 87.24    |  2: 91.34    |  3: 90.86    |  4: 43.35    |  5: 83.62    |  6: 26.14    |  7: 57.73    |  8: 49.25    |  9: 92.84    |  10: 89.52    |  11: 44.88    |  12: 67.07    |  13: 83.96    |  14: 94.84    |  15: 85.21    |  16: 95.81    |  17: 73.95    |  18: 76.73    |  19: 82.41   
[Batch: 1964/2400] mIoU: 66.33  |  FB-IoU: 86.43 |  0: 88.53    |  1: 87.24    |  2: 91.34    |  3: 90.86    |  4: 43.35    |  5: 83.62    |  6: 26.14    |  7: 57.73    |  8: 49.25    |  9: 92.84    |  10: 89.52    |  11: 44.88    |  12: 67.07    |  13: 83.96    |  14: 94.84    |  15: 85.21    |  16: 95.81    |  17: 73.95    |  18: 76.73    |  19: 82.41   
[Batch: 1965/2400] mIoU: 66.33  |  FB-IoU: 86.43 |  0: 88.53    |  1: 87.24    |  2: 91.34    |  3: 90.86    |  4: 43.35    |  5: 83.62    |  6: 26.14    |  7: 57.73    |  8: 49.25    |  9: 92.84    |  10: 89.52    |  11: 44.88    |  12: 67.07    |  13: 83.96    |  14: 94.84    |  15: 85.21    |  16: 95.81    |  17: 73.95    |  18: 76.73    |  19: 82.41   
[Batch: 1966/2400] mIoU: 66.31  |  FB-IoU: 86.43 |  0: 88.53    |  1: 87.24    |  2: 91.34    |  3: 90.86    |  4: 43.35    |  5: 83.62    |  6: 26.14    |  7: 57.73    |  8: 49.25    |  9: 92.84    |  10: 89.52    |  11: 44.88    |  12: 67.07    |  13: 83.96    |  14: 94.84    |  15: 85.21    |  16: 95.81    |  17: 73.95    |  18: 76.73    |  19: 82.41   
[Batch: 1967/2400] mIoU: 66.31  |  FB-IoU: 86.43 |  0: 88.53    |  1: 87.24    |  2: 91.34    |  3: 90.86    |  4: 43.35    |  5: 83.62    |  6: 26.14    |  7: 57.73    |  8: 49.25    |  9: 92.84    |  10: 89.52    |  11: 44.88    |  12: 67.07    |  13: 83.96    |  14: 94.84    |  15: 85.21    |  16: 95.81    |  17: 73.95    |  18: 76.73    |  19: 82.41   
[Batch: 1968/2400] mIoU: 66.32  |  FB-IoU: 86.43 |  0: 88.53    |  1: 87.24    |  2: 91.34    |  3: 90.86    |  4: 43.35    |  5: 83.62    |  6: 26.14    |  7: 57.73    |  8: 49.25    |  9: 92.84    |  10: 89.52    |  11: 44.88    |  12: 67.07    |  13: 83.96    |  14: 94.84    |  15: 85.21    |  16: 95.81    |  17: 73.95    |  18: 76.73    |  19: 82.41   
[Batch: 1969/2400] mIoU: 66.31  |  FB-IoU: 86.43 |  0: 88.53    |  1: 87.24    |  2: 91.34    |  3: 90.86    |  4: 43.35    |  5: 83.62    |  6: 26.14    |  7: 57.73    |  8: 49.25    |  9: 92.84    |  10: 89.52    |  11: 44.88    |  12: 67.07    |  13: 83.96    |  14: 94.84    |  15: 85.21    |  16: 95.81    |  17: 73.95    |  18: 76.73    |  19: 82.41   
[Batch: 1970/2400] mIoU: 66.32  |  FB-IoU: 86.44 |  0: 88.53    |  1: 87.24    |  2: 91.34    |  3: 90.86    |  4: 43.35    |  5: 83.62    |  6: 26.14    |  7: 57.73    |  8: 49.25    |  9: 92.84    |  10: 89.52    |  11: 44.88    |  12: 67.07    |  13: 83.96    |  14: 94.84    |  15: 85.21    |  16: 95.81    |  17: 73.95    |  18: 76.73    |  19: 82.41   
[Batch: 1971/2400] mIoU: 66.72  |  FB-IoU: 86.44 |  0: 88.53    |  1: 87.24    |  2: 91.34    |  3: 90.86    |  4: 43.35    |  5: 83.62    |  6: 26.14    |  7: 57.73    |  8: 49.25    |  9: 92.84    |  10: 89.52    |  11: 44.88    |  12: 67.07    |  13: 83.96    |  14: 94.84    |  15: 85.21    |  16: 95.81    |  17: 73.95    |  18: 76.73    |  19: 82.41   
[Batch: 1972/2400] mIoU: 66.73  |  FB-IoU: 86.45 |  0: 88.53    |  1: 87.24    |  2: 91.34    |  3: 90.86    |  4: 43.35    |  5: 83.62    |  6: 26.14    |  7: 57.73    |  8: 49.25    |  9: 92.84    |  10: 89.52    |  11: 44.88    |  12: 67.07    |  13: 83.96    |  14: 94.84    |  15: 85.21    |  16: 95.81    |  17: 73.95    |  18: 76.73    |  19: 82.41   
[Batch: 1973/2400] mIoU: 66.73  |  FB-IoU: 86.46 |  0: 88.53    |  1: 87.24    |  2: 91.34    |  3: 90.86    |  4: 43.35    |  5: 83.62    |  6: 26.14    |  7: 57.73    |  8: 49.25    |  9: 92.84    |  10: 89.52    |  11: 44.88    |  12: 67.07    |  13: 83.96    |  14: 94.84    |  15: 85.21    |  16: 95.81    |  17: 73.95    |  18: 76.73    |  19: 82.41   
[Batch: 1974/2400] mIoU: 66.62  |  FB-IoU: 86.43 |  0: 88.53    |  1: 87.24    |  2: 91.34    |  3: 90.86    |  4: 43.35    |  5: 83.62    |  6: 26.14    |  7: 57.73    |  8: 49.25    |  9: 92.84    |  10: 89.52    |  11: 44.88    |  12: 67.07    |  13: 83.96    |  14: 94.84    |  15: 85.21    |  16: 95.81    |  17: 73.95    |  18: 76.73    |  19: 82.41   
[Batch: 1975/2400] mIoU: 66.63  |  FB-IoU: 86.43 |  0: 88.53    |  1: 87.24    |  2: 91.34    |  3: 90.86    |  4: 43.35    |  5: 83.62    |  6: 26.14    |  7: 57.73    |  8: 49.25    |  9: 92.84    |  10: 89.52    |  11: 44.88    |  12: 67.07    |  13: 83.96    |  14: 94.84    |  15: 85.21    |  16: 95.81    |  17: 73.95    |  18: 76.73    |  19: 82.41   
[Batch: 1976/2400] mIoU: 66.65  |  FB-IoU: 86.44 |  0: 88.53    |  1: 87.24    |  2: 91.34    |  3: 90.86    |  4: 43.35    |  5: 83.62    |  6: 26.14    |  7: 57.73    |  8: 49.25    |  9: 92.84    |  10: 89.52    |  11: 44.88    |  12: 67.07    |  13: 83.96    |  14: 94.84    |  15: 85.21    |  16: 95.81    |  17: 73.95    |  18: 76.73    |  19: 82.41   
[Batch: 1977/2400] mIoU: 66.65  |  FB-IoU: 86.44 |  0: 88.53    |  1: 87.24    |  2: 91.34    |  3: 90.86    |  4: 43.35    |  5: 83.62    |  6: 26.14    |  7: 57.73    |  8: 49.25    |  9: 92.84    |  10: 89.52    |  11: 44.88    |  12: 67.07    |  13: 83.96    |  14: 94.84    |  15: 85.21    |  16: 95.81    |  17: 73.95    |  18: 76.73    |  19: 82.41   
[Batch: 1978/2400] mIoU: 66.66  |  FB-IoU: 86.45 |  0: 88.53    |  1: 87.24    |  2: 91.34    |  3: 90.86    |  4: 43.35    |  5: 83.62    |  6: 26.14    |  7: 57.73    |  8: 49.25    |  9: 92.84    |  10: 89.52    |  11: 44.88    |  12: 67.07    |  13: 83.96    |  14: 94.84    |  15: 85.21    |  16: 95.81    |  17: 73.95    |  18: 76.73    |  19: 82.41   
[Batch: 1979/2400] mIoU: 66.67  |  FB-IoU: 86.45 |  0: 88.53    |  1: 87.24    |  2: 91.34    |  3: 90.86    |  4: 43.35    |  5: 83.62    |  6: 26.14    |  7: 57.73    |  8: 49.25    |  9: 92.84    |  10: 89.52    |  11: 44.88    |  12: 67.07    |  13: 83.96    |  14: 94.84    |  15: 85.21    |  16: 95.81    |  17: 73.95    |  18: 76.73    |  19: 82.41   
[Batch: 1980/2400] mIoU: 66.63  |  FB-IoU: 86.41 |  0: 88.53    |  1: 87.24    |  2: 91.34    |  3: 90.86    |  4: 43.35    |  5: 83.62    |  6: 26.14    |  7: 57.73    |  8: 49.25    |  9: 92.84    |  10: 89.52    |  11: 44.88    |  12: 67.07    |  13: 83.96    |  14: 94.84    |  15: 85.21    |  16: 95.81    |  17: 73.95    |  18: 76.73    |  19: 82.41   
[Batch: 1981/2400] mIoU: 67.00  |  FB-IoU: 86.42 |  0: 88.53    |  1: 87.24    |  2: 91.34    |  3: 90.86    |  4: 43.35    |  5: 83.62    |  6: 26.14    |  7: 57.73    |  8: 49.25    |  9: 92.84    |  10: 89.52    |  11: 44.88    |  12: 67.07    |  13: 83.96    |  14: 94.84    |  15: 85.21    |  16: 95.81    |  17: 73.95    |  18: 76.73    |  19: 82.41   
[Batch: 1982/2400] mIoU: 67.00  |  FB-IoU: 86.42 |  0: 88.53    |  1: 87.24    |  2: 91.34    |  3: 90.86    |  4: 43.35    |  5: 83.62    |  6: 26.14    |  7: 57.73    |  8: 49.25    |  9: 92.84    |  10: 89.52    |  11: 44.88    |  12: 67.07    |  13: 83.96    |  14: 94.84    |  15: 85.21    |  16: 95.81    |  17: 73.95    |  18: 76.73    |  19: 82.41   
[Batch: 1983/2400] mIoU: 67.01  |  FB-IoU: 86.43 |  0: 88.53    |  1: 87.24    |  2: 91.34    |  3: 90.86    |  4: 43.35    |  5: 83.62    |  6: 26.14    |  7: 57.73    |  8: 49.25    |  9: 92.84    |  10: 89.52    |  11: 44.88    |  12: 67.07    |  13: 83.96    |  14: 94.84    |  15: 85.21    |  16: 95.81    |  17: 73.95    |  18: 76.73    |  19: 82.41   
[Batch: 1984/2400] mIoU: 67.02  |  FB-IoU: 86.43 |  0: 88.53    |  1: 87.24    |  2: 91.34    |  3: 90.86    |  4: 43.35    |  5: 83.62    |  6: 26.14    |  7: 57.73    |  8: 49.25    |  9: 92.84    |  10: 89.52    |  11: 44.88    |  12: 67.07    |  13: 83.96    |  14: 94.84    |  15: 85.21    |  16: 95.81    |  17: 73.95    |  18: 76.73    |  19: 82.41   
[Batch: 1985/2400] mIoU: 67.02  |  FB-IoU: 86.44 |  0: 88.53    |  1: 87.24    |  2: 91.34    |  3: 90.86    |  4: 43.35    |  5: 83.62    |  6: 26.14    |  7: 57.73    |  8: 49.25    |  9: 92.84    |  10: 89.52    |  11: 44.88    |  12: 67.07    |  13: 83.96    |  14: 94.84    |  15: 85.21    |  16: 95.81    |  17: 73.95    |  18: 76.73    |  19: 82.41   
[Batch: 1986/2400] mIoU: 67.01  |  FB-IoU: 86.44 |  0: 88.53    |  1: 87.24    |  2: 91.34    |  3: 90.86    |  4: 43.35    |  5: 83.62    |  6: 26.14    |  7: 57.73    |  8: 49.25    |  9: 92.84    |  10: 89.52    |  11: 44.88    |  12: 67.07    |  13: 83.96    |  14: 94.84    |  15: 85.21    |  16: 95.81    |  17: 73.95    |  18: 76.73    |  19: 82.41   
[Batch: 1987/2400] mIoU: 67.01  |  FB-IoU: 86.44 |  0: 88.53    |  1: 87.24    |  2: 91.34    |  3: 90.86    |  4: 43.35    |  5: 83.62    |  6: 26.14    |  7: 57.73    |  8: 49.25    |  9: 92.84    |  10: 89.52    |  11: 44.88    |  12: 67.07    |  13: 83.96    |  14: 94.84    |  15: 85.21    |  16: 95.81    |  17: 73.95    |  18: 76.73    |  19: 82.41   
[Batch: 1988/2400] mIoU: 67.01  |  FB-IoU: 86.45 |  0: 88.53    |  1: 87.24    |  2: 91.34    |  3: 90.86    |  4: 43.35    |  5: 83.62    |  6: 26.14    |  7: 57.73    |  8: 49.25    |  9: 92.84    |  10: 89.52    |  11: 44.88    |  12: 67.07    |  13: 83.96    |  14: 94.84    |  15: 85.21    |  16: 95.81    |  17: 73.95    |  18: 76.73    |  19: 82.41   
[Batch: 1989/2400] mIoU: 67.01  |  FB-IoU: 86.45 |  0: 88.53    |  1: 87.24    |  2: 91.34    |  3: 90.86    |  4: 43.35    |  5: 83.62    |  6: 26.14    |  7: 57.73    |  8: 49.25    |  9: 92.84    |  10: 89.52    |  11: 44.88    |  12: 67.07    |  13: 83.96    |  14: 94.84    |  15: 85.21    |  16: 95.81    |  17: 73.95    |  18: 76.73    |  19: 82.41   
[Batch: 1990/2400] mIoU: 67.01  |  FB-IoU: 86.46 |  0: 88.53    |  1: 87.24    |  2: 91.34    |  3: 90.86    |  4: 43.35    |  5: 83.62    |  6: 26.14    |  7: 57.73    |  8: 49.25    |  9: 92.84    |  10: 89.52    |  11: 44.88    |  12: 67.07    |  13: 83.96    |  14: 94.84    |  15: 85.21    |  16: 95.81    |  17: 73.95    |  18: 76.73    |  19: 82.41   
[Batch: 1991/2400] mIoU: 67.38  |  FB-IoU: 86.46 |  0: 88.53    |  1: 87.24    |  2: 91.34    |  3: 90.86    |  4: 43.35    |  5: 83.62    |  6: 26.14    |  7: 57.73    |  8: 49.25    |  9: 92.84    |  10: 89.52    |  11: 44.88    |  12: 67.07    |  13: 83.96    |  14: 94.84    |  15: 85.21    |  16: 95.81    |  17: 73.95    |  18: 76.73    |  19: 82.41   
[Batch: 1992/2400] mIoU: 67.39  |  FB-IoU: 86.46 |  0: 88.53    |  1: 87.24    |  2: 91.34    |  3: 90.86    |  4: 43.35    |  5: 83.62    |  6: 26.14    |  7: 57.73    |  8: 49.25    |  9: 92.84    |  10: 89.52    |  11: 44.88    |  12: 67.07    |  13: 83.96    |  14: 94.84    |  15: 85.21    |  16: 95.81    |  17: 73.95    |  18: 76.73    |  19: 82.41   
[Batch: 1993/2400] mIoU: 67.40  |  FB-IoU: 86.47 |  0: 88.53    |  1: 87.24    |  2: 91.34    |  3: 90.86    |  4: 43.35    |  5: 83.62    |  6: 26.14    |  7: 57.73    |  8: 49.25    |  9: 92.84    |  10: 89.52    |  11: 44.88    |  12: 67.07    |  13: 83.96    |  14: 94.84    |  15: 85.21    |  16: 95.81    |  17: 73.95    |  18: 76.73    |  19: 82.41   
[Batch: 1994/2400] mIoU: 67.22  |  FB-IoU: 86.41 |  0: 88.53    |  1: 87.24    |  2: 91.34    |  3: 90.86    |  4: 43.35    |  5: 83.62    |  6: 26.14    |  7: 57.73    |  8: 49.25    |  9: 92.84    |  10: 89.52    |  11: 44.88    |  12: 67.07    |  13: 83.96    |  14: 94.84    |  15: 85.21    |  16: 95.81    |  17: 73.95    |  18: 76.73    |  19: 82.41   
[Batch: 1995/2400] mIoU: 67.24  |  FB-IoU: 86.41 |  0: 88.53    |  1: 87.24    |  2: 91.34    |  3: 90.86    |  4: 43.35    |  5: 83.62    |  6: 26.14    |  7: 57.73    |  8: 49.25    |  9: 92.84    |  10: 89.52    |  11: 44.88    |  12: 67.07    |  13: 83.96    |  14: 94.84    |  15: 85.21    |  16: 95.81    |  17: 73.95    |  18: 76.73    |  19: 82.41   
[Batch: 1996/2400] mIoU: 67.25  |  FB-IoU: 86.41 |  0: 88.53    |  1: 87.24    |  2: 91.34    |  3: 90.86    |  4: 43.35    |  5: 83.62    |  6: 26.14    |  7: 57.73    |  8: 49.25    |  9: 92.84    |  10: 89.52    |  11: 44.88    |  12: 67.07    |  13: 83.96    |  14: 94.84    |  15: 85.21    |  16: 95.81    |  17: 73.95    |  18: 76.73    |  19: 82.41   
[Batch: 1997/2400] mIoU: 67.28  |  FB-IoU: 86.41 |  0: 88.53    |  1: 87.24    |  2: 91.34    |  3: 90.86    |  4: 43.35    |  5: 83.62    |  6: 26.14    |  7: 57.73    |  8: 49.25    |  9: 92.84    |  10: 89.52    |  11: 44.88    |  12: 67.07    |  13: 83.96    |  14: 94.84    |  15: 85.21    |  16: 95.81    |  17: 73.95    |  18: 76.73    |  19: 82.41   
[Batch: 1998/2400] mIoU: 67.27  |  FB-IoU: 86.40 |  0: 88.53    |  1: 87.24    |  2: 91.34    |  3: 90.86    |  4: 43.35    |  5: 83.62    |  6: 26.14    |  7: 57.73    |  8: 49.25    |  9: 92.84    |  10: 89.52    |  11: 44.88    |  12: 67.07    |  13: 83.96    |  14: 94.84    |  15: 85.21    |  16: 95.81    |  17: 73.95    |  18: 76.73    |  19: 82.41   
[Batch: 1999/2400] mIoU: 67.28  |  FB-IoU: 86.41 |  0: 88.53    |  1: 87.24    |  2: 91.34    |  3: 90.86    |  4: 43.35    |  5: 83.62    |  6: 26.14    |  7: 57.73    |  8: 49.25    |  9: 92.84    |  10: 89.52    |  11: 44.88    |  12: 67.07    |  13: 83.96    |  14: 94.84    |  15: 85.21    |  16: 95.81    |  17: 73.95    |  18: 76.73    |  19: 82.41   
[Batch: 2000/2400] mIoU: 67.29  |  FB-IoU: 86.41 |  0: 88.53    |  1: 87.24    |  2: 91.34    |  3: 90.86    |  4: 43.35    |  5: 83.62    |  6: 26.14    |  7: 57.73    |  8: 49.25    |  9: 92.84    |  10: 89.52    |  11: 44.88    |  12: 67.07    |  13: 83.96    |  14: 94.84    |  15: 85.21    |  16: 95.81    |  17: 73.95    |  18: 76.73    |  19: 82.41   
[Batch: 2001/2400] mIoU: 67.69  |  FB-IoU: 86.42 |  0: 88.53    |  1: 87.24    |  2: 91.34    |  3: 90.86    |  4: 43.35    |  5: 83.62    |  6: 26.14    |  7: 57.73    |  8: 49.25    |  9: 92.84    |  10: 89.52    |  11: 44.88    |  12: 67.07    |  13: 83.96    |  14: 94.84    |  15: 85.21    |  16: 95.81    |  17: 73.95    |  18: 76.73    |  19: 82.41   
[Batch: 2002/2400] mIoU: 67.45  |  FB-IoU: 86.35 |  0: 88.53    |  1: 87.24    |  2: 91.34    |  3: 90.86    |  4: 43.35    |  5: 83.62    |  6: 26.14    |  7: 57.73    |  8: 49.25    |  9: 92.84    |  10: 89.52    |  11: 44.88    |  12: 67.07    |  13: 83.96    |  14: 94.84    |  15: 85.21    |  16: 95.81    |  17: 73.95    |  18: 76.73    |  19: 82.41   
[Batch: 2003/2400] mIoU: 67.43  |  FB-IoU: 86.31 |  0: 88.53    |  1: 87.24    |  2: 91.34    |  3: 90.86    |  4: 43.35    |  5: 83.62    |  6: 26.14    |  7: 57.73    |  8: 49.25    |  9: 92.84    |  10: 89.52    |  11: 44.88    |  12: 67.07    |  13: 83.96    |  14: 94.84    |  15: 85.21    |  16: 95.81    |  17: 73.95    |  18: 76.73    |  19: 82.41   
[Batch: 2004/2400] mIoU: 67.45  |  FB-IoU: 86.31 |  0: 88.53    |  1: 87.24    |  2: 91.34    |  3: 90.86    |  4: 43.35    |  5: 83.62    |  6: 26.14    |  7: 57.73    |  8: 49.25    |  9: 92.84    |  10: 89.52    |  11: 44.88    |  12: 67.07    |  13: 83.96    |  14: 94.84    |  15: 85.21    |  16: 95.81    |  17: 73.95    |  18: 76.73    |  19: 82.41   
[Batch: 2005/2400] mIoU: 67.47  |  FB-IoU: 86.32 |  0: 88.53    |  1: 87.24    |  2: 91.34    |  3: 90.86    |  4: 43.35    |  5: 83.62    |  6: 26.14    |  7: 57.73    |  8: 49.25    |  9: 92.84    |  10: 89.52    |  11: 44.88    |  12: 67.07    |  13: 83.96    |  14: 94.84    |  15: 85.21    |  16: 95.81    |  17: 73.95    |  18: 76.73    |  19: 82.41   
[Batch: 2006/2400] mIoU: 67.50  |  FB-IoU: 86.32 |  0: 88.53    |  1: 87.24    |  2: 91.34    |  3: 90.86    |  4: 43.35    |  5: 83.62    |  6: 26.14    |  7: 57.73    |  8: 49.25    |  9: 92.84    |  10: 89.52    |  11: 44.88    |  12: 67.07    |  13: 83.96    |  14: 94.84    |  15: 85.21    |  16: 95.81    |  17: 73.95    |  18: 76.73    |  19: 82.41   
[Batch: 2007/2400] mIoU: 67.52  |  FB-IoU: 86.33 |  0: 88.53    |  1: 87.24    |  2: 91.34    |  3: 90.86    |  4: 43.35    |  5: 83.62    |  6: 26.14    |  7: 57.73    |  8: 49.25    |  9: 92.84    |  10: 89.52    |  11: 44.88    |  12: 67.07    |  13: 83.96    |  14: 94.84    |  15: 85.21    |  16: 95.81    |  17: 73.95    |  18: 76.73    |  19: 82.41   
[Batch: 2008/2400] mIoU: 67.54  |  FB-IoU: 86.33 |  0: 88.53    |  1: 87.24    |  2: 91.34    |  3: 90.86    |  4: 43.35    |  5: 83.62    |  6: 26.14    |  7: 57.73    |  8: 49.25    |  9: 92.84    |  10: 89.52    |  11: 44.88    |  12: 67.07    |  13: 83.96    |  14: 94.84    |  15: 85.21    |  16: 95.81    |  17: 73.95    |  18: 76.73    |  19: 82.41   
[Batch: 2009/2400] mIoU: 67.55  |  FB-IoU: 86.34 |  0: 88.53    |  1: 87.24    |  2: 91.34    |  3: 90.86    |  4: 43.35    |  5: 83.62    |  6: 26.14    |  7: 57.73    |  8: 49.25    |  9: 92.84    |  10: 89.52    |  11: 44.88    |  12: 67.07    |  13: 83.96    |  14: 94.84    |  15: 85.21    |  16: 95.81    |  17: 73.95    |  18: 76.73    |  19: 82.41   
[Batch: 2010/2400] mIoU: 67.55  |  FB-IoU: 86.33 |  0: 88.53    |  1: 87.24    |  2: 91.34    |  3: 90.86    |  4: 43.35    |  5: 83.62    |  6: 26.14    |  7: 57.73    |  8: 49.25    |  9: 92.84    |  10: 89.52    |  11: 44.88    |  12: 67.07    |  13: 83.96    |  14: 94.84    |  15: 85.21    |  16: 95.81    |  17: 73.95    |  18: 76.73    |  19: 82.41   
[Batch: 2011/2400] mIoU: 67.95  |  FB-IoU: 86.34 |  0: 88.53    |  1: 87.24    |  2: 91.34    |  3: 90.86    |  4: 43.35    |  5: 83.62    |  6: 26.14    |  7: 57.73    |  8: 49.25    |  9: 92.84    |  10: 89.52    |  11: 44.88    |  12: 67.07    |  13: 83.96    |  14: 94.84    |  15: 85.21    |  16: 95.81    |  17: 73.95    |  18: 76.73    |  19: 82.41   
[Batch: 2012/2400] mIoU: 67.95  |  FB-IoU: 86.34 |  0: 88.53    |  1: 87.24    |  2: 91.34    |  3: 90.86    |  4: 43.35    |  5: 83.62    |  6: 26.14    |  7: 57.73    |  8: 49.25    |  9: 92.84    |  10: 89.52    |  11: 44.88    |  12: 67.07    |  13: 83.96    |  14: 94.84    |  15: 85.21    |  16: 95.81    |  17: 73.95    |  18: 76.73    |  19: 82.41   
[Batch: 2013/2400] mIoU: 67.95  |  FB-IoU: 86.35 |  0: 88.53    |  1: 87.24    |  2: 91.34    |  3: 90.86    |  4: 43.35    |  5: 83.62    |  6: 26.14    |  7: 57.73    |  8: 49.25    |  9: 92.84    |  10: 89.52    |  11: 44.88    |  12: 67.07    |  13: 83.96    |  14: 94.84    |  15: 85.21    |  16: 95.81    |  17: 73.95    |  18: 76.73    |  19: 82.41   
[Batch: 2014/2400] mIoU: 67.95  |  FB-IoU: 86.36 |  0: 88.53    |  1: 87.24    |  2: 91.34    |  3: 90.86    |  4: 43.35    |  5: 83.62    |  6: 26.14    |  7: 57.73    |  8: 49.25    |  9: 92.84    |  10: 89.52    |  11: 44.88    |  12: 67.07    |  13: 83.96    |  14: 94.84    |  15: 85.21    |  16: 95.81    |  17: 73.95    |  18: 76.73    |  19: 82.41   
[Batch: 2015/2400] mIoU: 67.95  |  FB-IoU: 86.36 |  0: 88.53    |  1: 87.24    |  2: 91.34    |  3: 90.86    |  4: 43.35    |  5: 83.62    |  6: 26.14    |  7: 57.73    |  8: 49.25    |  9: 92.84    |  10: 89.52    |  11: 44.88    |  12: 67.07    |  13: 83.96    |  14: 94.84    |  15: 85.21    |  16: 95.81    |  17: 73.95    |  18: 76.73    |  19: 82.41   
[Batch: 2016/2400] mIoU: 67.95  |  FB-IoU: 86.37 |  0: 88.53    |  1: 87.24    |  2: 91.34    |  3: 90.86    |  4: 43.35    |  5: 83.62    |  6: 26.14    |  7: 57.73    |  8: 49.25    |  9: 92.84    |  10: 89.52    |  11: 44.88    |  12: 67.07    |  13: 83.96    |  14: 94.84    |  15: 85.21    |  16: 95.81    |  17: 73.95    |  18: 76.73    |  19: 82.41   
[Batch: 2017/2400] mIoU: 67.95  |  FB-IoU: 86.37 |  0: 88.53    |  1: 87.24    |  2: 91.34    |  3: 90.86    |  4: 43.35    |  5: 83.62    |  6: 26.14    |  7: 57.73    |  8: 49.25    |  9: 92.84    |  10: 89.52    |  11: 44.88    |  12: 67.07    |  13: 83.96    |  14: 94.84    |  15: 85.21    |  16: 95.81    |  17: 73.95    |  18: 76.73    |  19: 82.41   
[Batch: 2018/2400] mIoU: 67.95  |  FB-IoU: 86.38 |  0: 88.53    |  1: 87.24    |  2: 91.34    |  3: 90.86    |  4: 43.35    |  5: 83.62    |  6: 26.14    |  7: 57.73    |  8: 49.25    |  9: 92.84    |  10: 89.52    |  11: 44.88    |  12: 67.07    |  13: 83.96    |  14: 94.84    |  15: 85.21    |  16: 95.81    |  17: 73.95    |  18: 76.73    |  19: 82.41   
[Batch: 2019/2400] mIoU: 67.95  |  FB-IoU: 86.39 |  0: 88.53    |  1: 87.24    |  2: 91.34    |  3: 90.86    |  4: 43.35    |  5: 83.62    |  6: 26.14    |  7: 57.73    |  8: 49.25    |  9: 92.84    |  10: 89.52    |  11: 44.88    |  12: 67.07    |  13: 83.96    |  14: 94.84    |  15: 85.21    |  16: 95.81    |  17: 73.95    |  18: 76.73    |  19: 82.41   
[Batch: 2020/2400] mIoU: 67.95  |  FB-IoU: 86.39 |  0: 88.53    |  1: 87.24    |  2: 91.34    |  3: 90.86    |  4: 43.35    |  5: 83.62    |  6: 26.14    |  7: 57.73    |  8: 49.25    |  9: 92.84    |  10: 89.52    |  11: 44.88    |  12: 67.07    |  13: 83.96    |  14: 94.84    |  15: 85.21    |  16: 95.81    |  17: 73.95    |  18: 76.73    |  19: 82.41   
[Batch: 2021/2400] mIoU: 68.35  |  FB-IoU: 86.39 |  0: 88.53    |  1: 87.24    |  2: 91.34    |  3: 90.86    |  4: 43.35    |  5: 83.62    |  6: 26.14    |  7: 57.73    |  8: 49.25    |  9: 92.84    |  10: 89.52    |  11: 44.88    |  12: 67.07    |  13: 83.96    |  14: 94.84    |  15: 85.21    |  16: 95.81    |  17: 73.95    |  18: 76.73    |  19: 82.41   
[Batch: 2022/2400] mIoU: 68.35  |  FB-IoU: 86.40 |  0: 88.53    |  1: 87.24    |  2: 91.34    |  3: 90.86    |  4: 43.35    |  5: 83.62    |  6: 26.14    |  7: 57.73    |  8: 49.25    |  9: 92.84    |  10: 89.52    |  11: 44.88    |  12: 67.07    |  13: 83.96    |  14: 94.84    |  15: 85.21    |  16: 95.81    |  17: 73.95    |  18: 76.73    |  19: 82.41   
[Batch: 2023/2400] mIoU: 68.35  |  FB-IoU: 86.40 |  0: 88.53    |  1: 87.24    |  2: 91.34    |  3: 90.86    |  4: 43.35    |  5: 83.62    |  6: 26.14    |  7: 57.73    |  8: 49.25    |  9: 92.84    |  10: 89.52    |  11: 44.88    |  12: 67.07    |  13: 83.96    |  14: 94.84    |  15: 85.21    |  16: 95.81    |  17: 73.95    |  18: 76.73    |  19: 82.41   
[Batch: 2024/2400] mIoU: 68.35  |  FB-IoU: 86.41 |  0: 88.53    |  1: 87.24    |  2: 91.34    |  3: 90.86    |  4: 43.35    |  5: 83.62    |  6: 26.14    |  7: 57.73    |  8: 49.25    |  9: 92.84    |  10: 89.52    |  11: 44.88    |  12: 67.07    |  13: 83.96    |  14: 94.84    |  15: 85.21    |  16: 95.81    |  17: 73.95    |  18: 76.73    |  19: 82.41   
[Batch: 2025/2400] mIoU: 68.35  |  FB-IoU: 86.41 |  0: 88.53    |  1: 87.24    |  2: 91.34    |  3: 90.86    |  4: 43.35    |  5: 83.62    |  6: 26.14    |  7: 57.73    |  8: 49.25    |  9: 92.84    |  10: 89.52    |  11: 44.88    |  12: 67.07    |  13: 83.96    |  14: 94.84    |  15: 85.21    |  16: 95.81    |  17: 73.95    |  18: 76.73    |  19: 82.41   
[Batch: 2026/2400] mIoU: 68.35  |  FB-IoU: 86.42 |  0: 88.53    |  1: 87.24    |  2: 91.34    |  3: 90.86    |  4: 43.35    |  5: 83.62    |  6: 26.14    |  7: 57.73    |  8: 49.25    |  9: 92.84    |  10: 89.52    |  11: 44.88    |  12: 67.07    |  13: 83.96    |  14: 94.84    |  15: 85.21    |  16: 95.81    |  17: 73.95    |  18: 76.73    |  19: 82.41   
[Batch: 2027/2400] mIoU: 68.35  |  FB-IoU: 86.42 |  0: 88.53    |  1: 87.24    |  2: 91.34    |  3: 90.86    |  4: 43.35    |  5: 83.62    |  6: 26.14    |  7: 57.73    |  8: 49.25    |  9: 92.84    |  10: 89.52    |  11: 44.88    |  12: 67.07    |  13: 83.96    |  14: 94.84    |  15: 85.21    |  16: 95.81    |  17: 73.95    |  18: 76.73    |  19: 82.41   
[Batch: 2028/2400] mIoU: 68.35  |  FB-IoU: 86.43 |  0: 88.53    |  1: 87.24    |  2: 91.34    |  3: 90.86    |  4: 43.35    |  5: 83.62    |  6: 26.14    |  7: 57.73    |  8: 49.25    |  9: 92.84    |  10: 89.52    |  11: 44.88    |  12: 67.07    |  13: 83.96    |  14: 94.84    |  15: 85.21    |  16: 95.81    |  17: 73.95    |  18: 76.73    |  19: 82.41   
[Batch: 2029/2400] mIoU: 68.35  |  FB-IoU: 86.43 |  0: 88.53    |  1: 87.24    |  2: 91.34    |  3: 90.86    |  4: 43.35    |  5: 83.62    |  6: 26.14    |  7: 57.73    |  8: 49.25    |  9: 92.84    |  10: 89.52    |  11: 44.88    |  12: 67.07    |  13: 83.96    |  14: 94.84    |  15: 85.21    |  16: 95.81    |  17: 73.95    |  18: 76.73    |  19: 82.41   
[Batch: 2030/2400] mIoU: 68.35  |  FB-IoU: 86.44 |  0: 88.53    |  1: 87.24    |  2: 91.34    |  3: 90.86    |  4: 43.35    |  5: 83.62    |  6: 26.14    |  7: 57.73    |  8: 49.25    |  9: 92.84    |  10: 89.52    |  11: 44.88    |  12: 67.07    |  13: 83.96    |  14: 94.84    |  15: 85.21    |  16: 95.81    |  17: 73.95    |  18: 76.73    |  19: 82.41   
[Batch: 2031/2400] mIoU: 68.74  |  FB-IoU: 86.44 |  0: 88.53    |  1: 87.24    |  2: 91.34    |  3: 90.86    |  4: 43.35    |  5: 83.62    |  6: 26.14    |  7: 57.73    |  8: 49.25    |  9: 92.84    |  10: 89.52    |  11: 44.88    |  12: 67.07    |  13: 83.96    |  14: 94.84    |  15: 85.21    |  16: 95.81    |  17: 73.95    |  18: 76.73    |  19: 82.41   
[Batch: 2032/2400] mIoU: 68.72  |  FB-IoU: 86.45 |  0: 88.53    |  1: 87.24    |  2: 91.34    |  3: 90.86    |  4: 43.35    |  5: 83.62    |  6: 26.14    |  7: 57.73    |  8: 49.25    |  9: 92.84    |  10: 89.52    |  11: 44.88    |  12: 67.07    |  13: 83.96    |  14: 94.84    |  15: 85.21    |  16: 95.81    |  17: 73.95    |  18: 76.73    |  19: 82.41   
[Batch: 2033/2400] mIoU: 68.70  |  FB-IoU: 86.44 |  0: 88.53    |  1: 87.24    |  2: 91.34    |  3: 90.86    |  4: 43.35    |  5: 83.62    |  6: 26.14    |  7: 57.73    |  8: 49.25    |  9: 92.84    |  10: 89.52    |  11: 44.88    |  12: 67.07    |  13: 83.96    |  14: 94.84    |  15: 85.21    |  16: 95.81    |  17: 73.95    |  18: 76.73    |  19: 82.41   
[Batch: 2034/2400] mIoU: 68.70  |  FB-IoU: 86.44 |  0: 88.53    |  1: 87.24    |  2: 91.34    |  3: 90.86    |  4: 43.35    |  5: 83.62    |  6: 26.14    |  7: 57.73    |  8: 49.25    |  9: 92.84    |  10: 89.52    |  11: 44.88    |  12: 67.07    |  13: 83.96    |  14: 94.84    |  15: 85.21    |  16: 95.81    |  17: 73.95    |  18: 76.73    |  19: 82.41   
[Batch: 2035/2400] mIoU: 68.71  |  FB-IoU: 86.45 |  0: 88.53    |  1: 87.24    |  2: 91.34    |  3: 90.86    |  4: 43.35    |  5: 83.62    |  6: 26.14    |  7: 57.73    |  8: 49.25    |  9: 92.84    |  10: 89.52    |  11: 44.88    |  12: 67.07    |  13: 83.96    |  14: 94.84    |  15: 85.21    |  16: 95.81    |  17: 73.95    |  18: 76.73    |  19: 82.41   
[Batch: 2036/2400] mIoU: 68.71  |  FB-IoU: 86.45 |  0: 88.53    |  1: 87.24    |  2: 91.34    |  3: 90.86    |  4: 43.35    |  5: 83.62    |  6: 26.14    |  7: 57.73    |  8: 49.25    |  9: 92.84    |  10: 89.52    |  11: 44.88    |  12: 67.07    |  13: 83.96    |  14: 94.84    |  15: 85.21    |  16: 95.81    |  17: 73.95    |  18: 76.73    |  19: 82.41   
[Batch: 2037/2400] mIoU: 68.70  |  FB-IoU: 86.45 |  0: 88.53    |  1: 87.24    |  2: 91.34    |  3: 90.86    |  4: 43.35    |  5: 83.62    |  6: 26.14    |  7: 57.73    |  8: 49.25    |  9: 92.84    |  10: 89.52    |  11: 44.88    |  12: 67.07    |  13: 83.96    |  14: 94.84    |  15: 85.21    |  16: 95.81    |  17: 73.95    |  18: 76.73    |  19: 82.41   
[Batch: 2038/2400] mIoU: 68.69  |  FB-IoU: 86.43 |  0: 88.53    |  1: 87.24    |  2: 91.34    |  3: 90.86    |  4: 43.35    |  5: 83.62    |  6: 26.14    |  7: 57.73    |  8: 49.25    |  9: 92.84    |  10: 89.52    |  11: 44.88    |  12: 67.07    |  13: 83.96    |  14: 94.84    |  15: 85.21    |  16: 95.81    |  17: 73.95    |  18: 76.73    |  19: 82.41   
[Batch: 2039/2400] mIoU: 68.69  |  FB-IoU: 86.44 |  0: 88.53    |  1: 87.24    |  2: 91.34    |  3: 90.86    |  4: 43.35    |  5: 83.62    |  6: 26.14    |  7: 57.73    |  8: 49.25    |  9: 92.84    |  10: 89.52    |  11: 44.88    |  12: 67.07    |  13: 83.96    |  14: 94.84    |  15: 85.21    |  16: 95.81    |  17: 73.95    |  18: 76.73    |  19: 82.41   
[Batch: 2040/2400] mIoU: 68.69  |  FB-IoU: 86.44 |  0: 88.53    |  1: 87.24    |  2: 91.34    |  3: 90.86    |  4: 43.35    |  5: 83.62    |  6: 26.14    |  7: 57.73    |  8: 49.25    |  9: 92.84    |  10: 89.52    |  11: 44.88    |  12: 67.07    |  13: 83.96    |  14: 94.84    |  15: 85.21    |  16: 95.81    |  17: 73.95    |  18: 76.73    |  19: 82.41   
[Batch: 2041/2400] mIoU: 69.10  |  FB-IoU: 86.44 |  0: 88.53    |  1: 87.24    |  2: 91.34    |  3: 90.86    |  4: 43.35    |  5: 83.62    |  6: 26.14    |  7: 57.73    |  8: 49.25    |  9: 92.84    |  10: 89.52    |  11: 44.88    |  12: 67.07    |  13: 83.96    |  14: 94.84    |  15: 85.21    |  16: 95.81    |  17: 73.95    |  18: 76.73    |  19: 82.41   
[Batch: 2042/2400] mIoU: 69.10  |  FB-IoU: 86.45 |  0: 88.53    |  1: 87.24    |  2: 91.34    |  3: 90.86    |  4: 43.35    |  5: 83.62    |  6: 26.14    |  7: 57.73    |  8: 49.25    |  9: 92.84    |  10: 89.52    |  11: 44.88    |  12: 67.07    |  13: 83.96    |  14: 94.84    |  15: 85.21    |  16: 95.81    |  17: 73.95    |  18: 76.73    |  19: 82.41   
[Batch: 2043/2400] mIoU: 69.10  |  FB-IoU: 86.45 |  0: 88.53    |  1: 87.24    |  2: 91.34    |  3: 90.86    |  4: 43.35    |  5: 83.62    |  6: 26.14    |  7: 57.73    |  8: 49.25    |  9: 92.84    |  10: 89.52    |  11: 44.88    |  12: 67.07    |  13: 83.96    |  14: 94.84    |  15: 85.21    |  16: 95.81    |  17: 73.95    |  18: 76.73    |  19: 82.41   
[Batch: 2044/2400] mIoU: 69.10  |  FB-IoU: 86.46 |  0: 88.53    |  1: 87.24    |  2: 91.34    |  3: 90.86    |  4: 43.35    |  5: 83.62    |  6: 26.14    |  7: 57.73    |  8: 49.25    |  9: 92.84    |  10: 89.52    |  11: 44.88    |  12: 67.07    |  13: 83.96    |  14: 94.84    |  15: 85.21    |  16: 95.81    |  17: 73.95    |  18: 76.73    |  19: 82.41   
[Batch: 2045/2400] mIoU: 68.93  |  FB-IoU: 86.38 |  0: 88.53    |  1: 87.24    |  2: 91.34    |  3: 90.86    |  4: 43.35    |  5: 83.62    |  6: 26.14    |  7: 57.73    |  8: 49.25    |  9: 92.84    |  10: 89.52    |  11: 44.88    |  12: 67.07    |  13: 83.96    |  14: 94.84    |  15: 85.21    |  16: 95.81    |  17: 73.95    |  18: 76.73    |  19: 82.41   
[Batch: 2046/2400] mIoU: 68.94  |  FB-IoU: 86.39 |  0: 88.53    |  1: 87.24    |  2: 91.34    |  3: 90.86    |  4: 43.35    |  5: 83.62    |  6: 26.14    |  7: 57.73    |  8: 49.25    |  9: 92.84    |  10: 89.52    |  11: 44.88    |  12: 67.07    |  13: 83.96    |  14: 94.84    |  15: 85.21    |  16: 95.81    |  17: 73.95    |  18: 76.73    |  19: 82.41   
[Batch: 2047/2400] mIoU: 68.96  |  FB-IoU: 86.39 |  0: 88.53    |  1: 87.24    |  2: 91.34    |  3: 90.86    |  4: 43.35    |  5: 83.62    |  6: 26.14    |  7: 57.73    |  8: 49.25    |  9: 92.84    |  10: 89.52    |  11: 44.88    |  12: 67.07    |  13: 83.96    |  14: 94.84    |  15: 85.21    |  16: 95.81    |  17: 73.95    |  18: 76.73    |  19: 82.41   
[Batch: 2048/2400] mIoU: 68.97  |  FB-IoU: 86.40 |  0: 88.53    |  1: 87.24    |  2: 91.34    |  3: 90.86    |  4: 43.35    |  5: 83.62    |  6: 26.14    |  7: 57.73    |  8: 49.25    |  9: 92.84    |  10: 89.52    |  11: 44.88    |  12: 67.07    |  13: 83.96    |  14: 94.84    |  15: 85.21    |  16: 95.81    |  17: 73.95    |  18: 76.73    |  19: 82.41   
[Batch: 2049/2400] mIoU: 68.99  |  FB-IoU: 86.40 |  0: 88.53    |  1: 87.24    |  2: 91.34    |  3: 90.86    |  4: 43.35    |  5: 83.62    |  6: 26.14    |  7: 57.73    |  8: 49.25    |  9: 92.84    |  10: 89.52    |  11: 44.88    |  12: 67.07    |  13: 83.96    |  14: 94.84    |  15: 85.21    |  16: 95.81    |  17: 73.95    |  18: 76.73    |  19: 82.41   
[Batch: 2050/2400] mIoU: 69.00  |  FB-IoU: 86.41 |  0: 88.53    |  1: 87.24    |  2: 91.34    |  3: 90.86    |  4: 43.35    |  5: 83.62    |  6: 26.14    |  7: 57.73    |  8: 49.25    |  9: 92.84    |  10: 89.52    |  11: 44.88    |  12: 67.07    |  13: 83.96    |  14: 94.84    |  15: 85.21    |  16: 95.81    |  17: 73.95    |  18: 76.73    |  19: 82.41   
[Batch: 2051/2400] mIoU: 69.39  |  FB-IoU: 86.42 |  0: 88.53    |  1: 87.24    |  2: 91.34    |  3: 90.86    |  4: 43.35    |  5: 83.62    |  6: 26.14    |  7: 57.73    |  8: 49.25    |  9: 92.84    |  10: 89.52    |  11: 44.88    |  12: 67.07    |  13: 83.96    |  14: 94.84    |  15: 85.21    |  16: 95.81    |  17: 73.95    |  18: 76.73    |  19: 82.41   
[Batch: 2052/2400] mIoU: 69.37  |  FB-IoU: 86.42 |  0: 88.53    |  1: 87.24    |  2: 91.34    |  3: 90.86    |  4: 43.35    |  5: 83.62    |  6: 26.14    |  7: 57.73    |  8: 49.25    |  9: 92.84    |  10: 89.52    |  11: 44.88    |  12: 67.07    |  13: 83.96    |  14: 94.84    |  15: 85.21    |  16: 95.81    |  17: 73.95    |  18: 76.73    |  19: 82.41   
[Batch: 2053/2400] mIoU: 69.37  |  FB-IoU: 86.42 |  0: 88.53    |  1: 87.24    |  2: 91.34    |  3: 90.86    |  4: 43.35    |  5: 83.62    |  6: 26.14    |  7: 57.73    |  8: 49.25    |  9: 92.84    |  10: 89.52    |  11: 44.88    |  12: 67.07    |  13: 83.96    |  14: 94.84    |  15: 85.21    |  16: 95.81    |  17: 73.95    |  18: 76.73    |  19: 82.41   
[Batch: 2054/2400] mIoU: 69.37  |  FB-IoU: 86.42 |  0: 88.53    |  1: 87.24    |  2: 91.34    |  3: 90.86    |  4: 43.35    |  5: 83.62    |  6: 26.14    |  7: 57.73    |  8: 49.25    |  9: 92.84    |  10: 89.52    |  11: 44.88    |  12: 67.07    |  13: 83.96    |  14: 94.84    |  15: 85.21    |  16: 95.81    |  17: 73.95    |  18: 76.73    |  19: 82.41   
[Batch: 2055/2400] mIoU: 69.38  |  FB-IoU: 86.43 |  0: 88.53    |  1: 87.24    |  2: 91.34    |  3: 90.86    |  4: 43.35    |  5: 83.62    |  6: 26.14    |  7: 57.73    |  8: 49.25    |  9: 92.84    |  10: 89.52    |  11: 44.88    |  12: 67.07    |  13: 83.96    |  14: 94.84    |  15: 85.21    |  16: 95.81    |  17: 73.95    |  18: 76.73    |  19: 82.41   
[Batch: 2056/2400] mIoU: 69.38  |  FB-IoU: 86.44 |  0: 88.53    |  1: 87.24    |  2: 91.34    |  3: 90.86    |  4: 43.35    |  5: 83.62    |  6: 26.14    |  7: 57.73    |  8: 49.25    |  9: 92.84    |  10: 89.52    |  11: 44.88    |  12: 67.07    |  13: 83.96    |  14: 94.84    |  15: 85.21    |  16: 95.81    |  17: 73.95    |  18: 76.73    |  19: 82.41   
[Batch: 2057/2400] mIoU: 69.37  |  FB-IoU: 86.43 |  0: 88.53    |  1: 87.24    |  2: 91.34    |  3: 90.86    |  4: 43.35    |  5: 83.62    |  6: 26.14    |  7: 57.73    |  8: 49.25    |  9: 92.84    |  10: 89.52    |  11: 44.88    |  12: 67.07    |  13: 83.96    |  14: 94.84    |  15: 85.21    |  16: 95.81    |  17: 73.95    |  18: 76.73    |  19: 82.41   
[Batch: 2058/2400] mIoU: 69.37  |  FB-IoU: 86.43 |  0: 88.53    |  1: 87.24    |  2: 91.34    |  3: 90.86    |  4: 43.35    |  5: 83.62    |  6: 26.14    |  7: 57.73    |  8: 49.25    |  9: 92.84    |  10: 89.52    |  11: 44.88    |  12: 67.07    |  13: 83.96    |  14: 94.84    |  15: 85.21    |  16: 95.81    |  17: 73.95    |  18: 76.73    |  19: 82.41   
[Batch: 2059/2400] mIoU: 69.37  |  FB-IoU: 86.44 |  0: 88.53    |  1: 87.24    |  2: 91.34    |  3: 90.86    |  4: 43.35    |  5: 83.62    |  6: 26.14    |  7: 57.73    |  8: 49.25    |  9: 92.84    |  10: 89.52    |  11: 44.88    |  12: 67.07    |  13: 83.96    |  14: 94.84    |  15: 85.21    |  16: 95.81    |  17: 73.95    |  18: 76.73    |  19: 82.41   
[Batch: 2060/2400] mIoU: 69.37  |  FB-IoU: 86.44 |  0: 88.53    |  1: 87.24    |  2: 91.34    |  3: 90.86    |  4: 43.35    |  5: 83.62    |  6: 26.14    |  7: 57.73    |  8: 49.25    |  9: 92.84    |  10: 89.52    |  11: 44.88    |  12: 67.07    |  13: 83.96    |  14: 94.84    |  15: 85.21    |  16: 95.81    |  17: 73.95    |  18: 76.73    |  19: 82.41   
[Batch: 2061/2400] mIoU: 69.74  |  FB-IoU: 86.45 |  0: 88.53    |  1: 87.24    |  2: 91.34    |  3: 90.86    |  4: 43.35    |  5: 83.62    |  6: 26.14    |  7: 57.73    |  8: 49.25    |  9: 92.84    |  10: 89.52    |  11: 44.88    |  12: 67.07    |  13: 83.96    |  14: 94.84    |  15: 85.21    |  16: 95.81    |  17: 73.95    |  18: 76.73    |  19: 82.41   
[Batch: 2062/2400] mIoU: 69.76  |  FB-IoU: 86.45 |  0: 88.53    |  1: 87.24    |  2: 91.34    |  3: 90.86    |  4: 43.35    |  5: 83.62    |  6: 26.14    |  7: 57.73    |  8: 49.25    |  9: 92.84    |  10: 89.52    |  11: 44.88    |  12: 67.07    |  13: 83.96    |  14: 94.84    |  15: 85.21    |  16: 95.81    |  17: 73.95    |  18: 76.73    |  19: 82.41   
[Batch: 2063/2400] mIoU: 69.76  |  FB-IoU: 86.45 |  0: 88.53    |  1: 87.24    |  2: 91.34    |  3: 90.86    |  4: 43.35    |  5: 83.62    |  6: 26.14    |  7: 57.73    |  8: 49.25    |  9: 92.84    |  10: 89.52    |  11: 44.88    |  12: 67.07    |  13: 83.96    |  14: 94.84    |  15: 85.21    |  16: 95.81    |  17: 73.95    |  18: 76.73    |  19: 82.41   
[Batch: 2064/2400] mIoU: 69.76  |  FB-IoU: 86.45 |  0: 88.53    |  1: 87.24    |  2: 91.34    |  3: 90.86    |  4: 43.35    |  5: 83.62    |  6: 26.14    |  7: 57.73    |  8: 49.25    |  9: 92.84    |  10: 89.52    |  11: 44.88    |  12: 67.07    |  13: 83.96    |  14: 94.84    |  15: 85.21    |  16: 95.81    |  17: 73.95    |  18: 76.73    |  19: 82.41   
[Batch: 2065/2400] mIoU: 69.76  |  FB-IoU: 86.46 |  0: 88.53    |  1: 87.24    |  2: 91.34    |  3: 90.86    |  4: 43.35    |  5: 83.62    |  6: 26.14    |  7: 57.73    |  8: 49.25    |  9: 92.84    |  10: 89.52    |  11: 44.88    |  12: 67.07    |  13: 83.96    |  14: 94.84    |  15: 85.21    |  16: 95.81    |  17: 73.95    |  18: 76.73    |  19: 82.41   
[Batch: 2066/2400] mIoU: 69.76  |  FB-IoU: 86.46 |  0: 88.53    |  1: 87.24    |  2: 91.34    |  3: 90.86    |  4: 43.35    |  5: 83.62    |  6: 26.14    |  7: 57.73    |  8: 49.25    |  9: 92.84    |  10: 89.52    |  11: 44.88    |  12: 67.07    |  13: 83.96    |  14: 94.84    |  15: 85.21    |  16: 95.81    |  17: 73.95    |  18: 76.73    |  19: 82.41   
[Batch: 2067/2400] mIoU: 69.76  |  FB-IoU: 86.46 |  0: 88.53    |  1: 87.24    |  2: 91.34    |  3: 90.86    |  4: 43.35    |  5: 83.62    |  6: 26.14    |  7: 57.73    |  8: 49.25    |  9: 92.84    |  10: 89.52    |  11: 44.88    |  12: 67.07    |  13: 83.96    |  14: 94.84    |  15: 85.21    |  16: 95.81    |  17: 73.95    |  18: 76.73    |  19: 82.41   
[Batch: 2068/2400] mIoU: 69.76  |  FB-IoU: 86.47 |  0: 88.53    |  1: 87.24    |  2: 91.34    |  3: 90.86    |  4: 43.35    |  5: 83.62    |  6: 26.14    |  7: 57.73    |  8: 49.25    |  9: 92.84    |  10: 89.52    |  11: 44.88    |  12: 67.07    |  13: 83.96    |  14: 94.84    |  15: 85.21    |  16: 95.81    |  17: 73.95    |  18: 76.73    |  19: 82.41   
[Batch: 2069/2400] mIoU: 69.76  |  FB-IoU: 86.47 |  0: 88.53    |  1: 87.24    |  2: 91.34    |  3: 90.86    |  4: 43.35    |  5: 83.62    |  6: 26.14    |  7: 57.73    |  8: 49.25    |  9: 92.84    |  10: 89.52    |  11: 44.88    |  12: 67.07    |  13: 83.96    |  14: 94.84    |  15: 85.21    |  16: 95.81    |  17: 73.95    |  18: 76.73    |  19: 82.41   
[Batch: 2070/2400] mIoU: 69.76  |  FB-IoU: 86.47 |  0: 88.53    |  1: 87.24    |  2: 91.34    |  3: 90.86    |  4: 43.35    |  5: 83.62    |  6: 26.14    |  7: 57.73    |  8: 49.25    |  9: 92.84    |  10: 89.52    |  11: 44.88    |  12: 67.07    |  13: 83.96    |  14: 94.84    |  15: 85.21    |  16: 95.81    |  17: 73.95    |  18: 76.73    |  19: 82.41   
[Batch: 2071/2400] mIoU: 70.15  |  FB-IoU: 86.48 |  0: 88.53    |  1: 87.24    |  2: 91.34    |  3: 90.86    |  4: 43.35    |  5: 83.62    |  6: 26.14    |  7: 57.73    |  8: 49.25    |  9: 92.84    |  10: 89.52    |  11: 44.88    |  12: 67.07    |  13: 83.96    |  14: 94.84    |  15: 85.21    |  16: 95.81    |  17: 73.95    |  18: 76.73    |  19: 82.41   
[Batch: 2072/2400] mIoU: 70.15  |  FB-IoU: 86.48 |  0: 88.53    |  1: 87.24    |  2: 91.34    |  3: 90.86    |  4: 43.35    |  5: 83.62    |  6: 26.14    |  7: 57.73    |  8: 49.25    |  9: 92.84    |  10: 89.52    |  11: 44.88    |  12: 67.07    |  13: 83.96    |  14: 94.84    |  15: 85.21    |  16: 95.81    |  17: 73.95    |  18: 76.73    |  19: 82.41   
[Batch: 2073/2400] mIoU: 70.15  |  FB-IoU: 86.48 |  0: 88.53    |  1: 87.24    |  2: 91.34    |  3: 90.86    |  4: 43.35    |  5: 83.62    |  6: 26.14    |  7: 57.73    |  8: 49.25    |  9: 92.84    |  10: 89.52    |  11: 44.88    |  12: 67.07    |  13: 83.96    |  14: 94.84    |  15: 85.21    |  16: 95.81    |  17: 73.95    |  18: 76.73    |  19: 82.41   
[Batch: 2074/2400] mIoU: 70.12  |  FB-IoU: 86.48 |  0: 88.53    |  1: 87.24    |  2: 91.34    |  3: 90.86    |  4: 43.35    |  5: 83.62    |  6: 26.14    |  7: 57.73    |  8: 49.25    |  9: 92.84    |  10: 89.52    |  11: 44.88    |  12: 67.07    |  13: 83.96    |  14: 94.84    |  15: 85.21    |  16: 95.81    |  17: 73.95    |  18: 76.73    |  19: 82.41   
[Batch: 2075/2400] mIoU: 70.12  |  FB-IoU: 86.48 |  0: 88.53    |  1: 87.24    |  2: 91.34    |  3: 90.86    |  4: 43.35    |  5: 83.62    |  6: 26.14    |  7: 57.73    |  8: 49.25    |  9: 92.84    |  10: 89.52    |  11: 44.88    |  12: 67.07    |  13: 83.96    |  14: 94.84    |  15: 85.21    |  16: 95.81    |  17: 73.95    |  18: 76.73    |  19: 82.41   
[Batch: 2076/2400] mIoU: 70.12  |  FB-IoU: 86.49 |  0: 88.53    |  1: 87.24    |  2: 91.34    |  3: 90.86    |  4: 43.35    |  5: 83.62    |  6: 26.14    |  7: 57.73    |  8: 49.25    |  9: 92.84    |  10: 89.52    |  11: 44.88    |  12: 67.07    |  13: 83.96    |  14: 94.84    |  15: 85.21    |  16: 95.81    |  17: 73.95    |  18: 76.73    |  19: 82.41   
[Batch: 2077/2400] mIoU: 70.12  |  FB-IoU: 86.49 |  0: 88.53    |  1: 87.24    |  2: 91.34    |  3: 90.86    |  4: 43.35    |  5: 83.62    |  6: 26.14    |  7: 57.73    |  8: 49.25    |  9: 92.84    |  10: 89.52    |  11: 44.88    |  12: 67.07    |  13: 83.96    |  14: 94.84    |  15: 85.21    |  16: 95.81    |  17: 73.95    |  18: 76.73    |  19: 82.41   
[Batch: 2078/2400] mIoU: 70.12  |  FB-IoU: 86.49 |  0: 88.53    |  1: 87.24    |  2: 91.34    |  3: 90.86    |  4: 43.35    |  5: 83.62    |  6: 26.14    |  7: 57.73    |  8: 49.25    |  9: 92.84    |  10: 89.52    |  11: 44.88    |  12: 67.07    |  13: 83.96    |  14: 94.84    |  15: 85.21    |  16: 95.81    |  17: 73.95    |  18: 76.73    |  19: 82.41   
[Batch: 2079/2400] mIoU: 70.13  |  FB-IoU: 86.49 |  0: 88.53    |  1: 87.24    |  2: 91.34    |  3: 90.86    |  4: 43.35    |  5: 83.62    |  6: 26.14    |  7: 57.73    |  8: 49.25    |  9: 92.84    |  10: 89.52    |  11: 44.88    |  12: 67.07    |  13: 83.96    |  14: 94.84    |  15: 85.21    |  16: 95.81    |  17: 73.95    |  18: 76.73    |  19: 82.41   
[Batch: 2080/2400] mIoU: 70.13  |  FB-IoU: 86.50 |  0: 88.53    |  1: 87.24    |  2: 91.34    |  3: 90.86    |  4: 43.35    |  5: 83.62    |  6: 26.14    |  7: 57.73    |  8: 49.25    |  9: 92.84    |  10: 89.52    |  11: 44.88    |  12: 67.07    |  13: 83.96    |  14: 94.84    |  15: 85.21    |  16: 95.81    |  17: 73.95    |  18: 76.73    |  19: 82.41   
[Batch: 2081/2400] mIoU: 70.49  |  FB-IoU: 86.50 |  0: 88.53    |  1: 87.24    |  2: 91.34    |  3: 90.86    |  4: 43.35    |  5: 83.62    |  6: 26.14    |  7: 57.73    |  8: 49.25    |  9: 92.84    |  10: 89.52    |  11: 44.88    |  12: 67.07    |  13: 83.96    |  14: 94.84    |  15: 85.21    |  16: 95.81    |  17: 73.95    |  18: 76.73    |  19: 82.41   
[Batch: 2082/2400] mIoU: 70.49  |  FB-IoU: 86.50 |  0: 88.53    |  1: 87.24    |  2: 91.34    |  3: 90.86    |  4: 43.35    |  5: 83.62    |  6: 26.14    |  7: 57.73    |  8: 49.25    |  9: 92.84    |  10: 89.52    |  11: 44.88    |  12: 67.07    |  13: 83.96    |  14: 94.84    |  15: 85.21    |  16: 95.81    |  17: 73.95    |  18: 76.73    |  19: 82.41   
[Batch: 2083/2400] mIoU: 70.49  |  FB-IoU: 86.50 |  0: 88.53    |  1: 87.24    |  2: 91.34    |  3: 90.86    |  4: 43.35    |  5: 83.62    |  6: 26.14    |  7: 57.73    |  8: 49.25    |  9: 92.84    |  10: 89.52    |  11: 44.88    |  12: 67.07    |  13: 83.96    |  14: 94.84    |  15: 85.21    |  16: 95.81    |  17: 73.95    |  18: 76.73    |  19: 82.41   
[Batch: 2084/2400] mIoU: 70.49  |  FB-IoU: 86.51 |  0: 88.53    |  1: 87.24    |  2: 91.34    |  3: 90.86    |  4: 43.35    |  5: 83.62    |  6: 26.14    |  7: 57.73    |  8: 49.25    |  9: 92.84    |  10: 89.52    |  11: 44.88    |  12: 67.07    |  13: 83.96    |  14: 94.84    |  15: 85.21    |  16: 95.81    |  17: 73.95    |  18: 76.73    |  19: 82.41   
[Batch: 2085/2400] mIoU: 70.49  |  FB-IoU: 86.51 |  0: 88.53    |  1: 87.24    |  2: 91.34    |  3: 90.86    |  4: 43.35    |  5: 83.62    |  6: 26.14    |  7: 57.73    |  8: 49.25    |  9: 92.84    |  10: 89.52    |  11: 44.88    |  12: 67.07    |  13: 83.96    |  14: 94.84    |  15: 85.21    |  16: 95.81    |  17: 73.95    |  18: 76.73    |  19: 82.41   
[Batch: 2086/2400] mIoU: 70.48  |  FB-IoU: 86.51 |  0: 88.53    |  1: 87.24    |  2: 91.34    |  3: 90.86    |  4: 43.35    |  5: 83.62    |  6: 26.14    |  7: 57.73    |  8: 49.25    |  9: 92.84    |  10: 89.52    |  11: 44.88    |  12: 67.07    |  13: 83.96    |  14: 94.84    |  15: 85.21    |  16: 95.81    |  17: 73.95    |  18: 76.73    |  19: 82.41   
[Batch: 2087/2400] mIoU: 70.47  |  FB-IoU: 86.50 |  0: 88.53    |  1: 87.24    |  2: 91.34    |  3: 90.86    |  4: 43.35    |  5: 83.62    |  6: 26.14    |  7: 57.73    |  8: 49.25    |  9: 92.84    |  10: 89.52    |  11: 44.88    |  12: 67.07    |  13: 83.96    |  14: 94.84    |  15: 85.21    |  16: 95.81    |  17: 73.95    |  18: 76.73    |  19: 82.41   
[Batch: 2088/2400] mIoU: 70.48  |  FB-IoU: 86.51 |  0: 88.53    |  1: 87.24    |  2: 91.34    |  3: 90.86    |  4: 43.35    |  5: 83.62    |  6: 26.14    |  7: 57.73    |  8: 49.25    |  9: 92.84    |  10: 89.52    |  11: 44.88    |  12: 67.07    |  13: 83.96    |  14: 94.84    |  15: 85.21    |  16: 95.81    |  17: 73.95    |  18: 76.73    |  19: 82.41   
[Batch: 2089/2400] mIoU: 70.48  |  FB-IoU: 86.51 |  0: 88.53    |  1: 87.24    |  2: 91.34    |  3: 90.86    |  4: 43.35    |  5: 83.62    |  6: 26.14    |  7: 57.73    |  8: 49.25    |  9: 92.84    |  10: 89.52    |  11: 44.88    |  12: 67.07    |  13: 83.96    |  14: 94.84    |  15: 85.21    |  16: 95.81    |  17: 73.95    |  18: 76.73    |  19: 82.41   
[Batch: 2090/2400] mIoU: 70.48  |  FB-IoU: 86.51 |  0: 88.53    |  1: 87.24    |  2: 91.34    |  3: 90.86    |  4: 43.35    |  5: 83.62    |  6: 26.14    |  7: 57.73    |  8: 49.25    |  9: 92.84    |  10: 89.52    |  11: 44.88    |  12: 67.07    |  13: 83.96    |  14: 94.84    |  15: 85.21    |  16: 95.81    |  17: 73.95    |  18: 76.73    |  19: 82.41   
[Batch: 2091/2400] mIoU: 70.89  |  FB-IoU: 86.52 |  0: 88.53    |  1: 87.24    |  2: 91.34    |  3: 90.86    |  4: 43.35    |  5: 83.62    |  6: 26.14    |  7: 57.73    |  8: 49.25    |  9: 92.84    |  10: 89.52    |  11: 44.88    |  12: 67.07    |  13: 83.96    |  14: 94.84    |  15: 85.21    |  16: 95.81    |  17: 73.95    |  18: 76.73    |  19: 82.41   
[Batch: 2092/2400] mIoU: 70.89  |  FB-IoU: 86.53 |  0: 88.53    |  1: 87.24    |  2: 91.34    |  3: 90.86    |  4: 43.35    |  5: 83.62    |  6: 26.14    |  7: 57.73    |  8: 49.25    |  9: 92.84    |  10: 89.52    |  11: 44.88    |  12: 67.07    |  13: 83.96    |  14: 94.84    |  15: 85.21    |  16: 95.81    |  17: 73.95    |  18: 76.73    |  19: 82.41   
[Batch: 2093/2400] mIoU: 70.89  |  FB-IoU: 86.53 |  0: 88.53    |  1: 87.24    |  2: 91.34    |  3: 90.86    |  4: 43.35    |  5: 83.62    |  6: 26.14    |  7: 57.73    |  8: 49.25    |  9: 92.84    |  10: 89.52    |  11: 44.88    |  12: 67.07    |  13: 83.96    |  14: 94.84    |  15: 85.21    |  16: 95.81    |  17: 73.95    |  18: 76.73    |  19: 82.41   
[Batch: 2094/2400] mIoU: 70.89  |  FB-IoU: 86.54 |  0: 88.53    |  1: 87.24    |  2: 91.34    |  3: 90.86    |  4: 43.35    |  5: 83.62    |  6: 26.14    |  7: 57.73    |  8: 49.25    |  9: 92.84    |  10: 89.52    |  11: 44.88    |  12: 67.07    |  13: 83.96    |  14: 94.84    |  15: 85.21    |  16: 95.81    |  17: 73.95    |  18: 76.73    |  19: 82.41   
[Batch: 2095/2400] mIoU: 70.89  |  FB-IoU: 86.55 |  0: 88.53    |  1: 87.24    |  2: 91.34    |  3: 90.86    |  4: 43.35    |  5: 83.62    |  6: 26.14    |  7: 57.73    |  8: 49.25    |  9: 92.84    |  10: 89.52    |  11: 44.88    |  12: 67.07    |  13: 83.96    |  14: 94.84    |  15: 85.21    |  16: 95.81    |  17: 73.95    |  18: 76.73    |  19: 82.41   
[Batch: 2096/2400] mIoU: 70.82  |  FB-IoU: 86.51 |  0: 88.53    |  1: 87.24    |  2: 91.34    |  3: 90.86    |  4: 43.35    |  5: 83.62    |  6: 26.14    |  7: 57.73    |  8: 49.25    |  9: 92.84    |  10: 89.52    |  11: 44.88    |  12: 67.07    |  13: 83.96    |  14: 94.84    |  15: 85.21    |  16: 95.81    |  17: 73.95    |  18: 76.73    |  19: 82.41   
[Batch: 2097/2400] mIoU: 70.79  |  FB-IoU: 86.48 |  0: 88.53    |  1: 87.24    |  2: 91.34    |  3: 90.86    |  4: 43.35    |  5: 83.62    |  6: 26.14    |  7: 57.73    |  8: 49.25    |  9: 92.84    |  10: 89.52    |  11: 44.88    |  12: 67.07    |  13: 83.96    |  14: 94.84    |  15: 85.21    |  16: 95.81    |  17: 73.95    |  18: 76.73    |  19: 82.41   
[Batch: 2098/2400] mIoU: 70.71  |  FB-IoU: 86.40 |  0: 88.53    |  1: 87.24    |  2: 91.34    |  3: 90.86    |  4: 43.35    |  5: 83.62    |  6: 26.14    |  7: 57.73    |  8: 49.25    |  9: 92.84    |  10: 89.52    |  11: 44.88    |  12: 67.07    |  13: 83.96    |  14: 94.84    |  15: 85.21    |  16: 95.81    |  17: 73.95    |  18: 76.73    |  19: 82.41   
[Batch: 2099/2400] mIoU: 70.73  |  FB-IoU: 86.40 |  0: 88.53    |  1: 87.24    |  2: 91.34    |  3: 90.86    |  4: 43.35    |  5: 83.62    |  6: 26.14    |  7: 57.73    |  8: 49.25    |  9: 92.84    |  10: 89.52    |  11: 44.88    |  12: 67.07    |  13: 83.96    |  14: 94.84    |  15: 85.21    |  16: 95.81    |  17: 73.95    |  18: 76.73    |  19: 82.41   
[Batch: 2100/2400] mIoU: 70.74  |  FB-IoU: 86.41 |  0: 88.53    |  1: 87.24    |  2: 91.34    |  3: 90.86    |  4: 43.35    |  5: 83.62    |  6: 26.14    |  7: 57.73    |  8: 49.25    |  9: 92.84    |  10: 89.52    |  11: 44.88    |  12: 67.07    |  13: 83.96    |  14: 94.84    |  15: 85.21    |  16: 95.81    |  17: 73.95    |  18: 76.73    |  19: 82.41   
[Batch: 2101/2400] mIoU: 71.15  |  FB-IoU: 86.41 |  0: 88.53    |  1: 87.24    |  2: 91.34    |  3: 90.86    |  4: 43.35    |  5: 83.62    |  6: 26.14    |  7: 57.73    |  8: 49.25    |  9: 92.84    |  10: 89.52    |  11: 44.88    |  12: 67.07    |  13: 83.96    |  14: 94.84    |  15: 85.21    |  16: 95.81    |  17: 73.95    |  18: 76.73    |  19: 82.41   
[Batch: 2102/2400] mIoU: 71.06  |  FB-IoU: 86.41 |  0: 88.53    |  1: 87.24    |  2: 91.34    |  3: 90.86    |  4: 43.35    |  5: 83.62    |  6: 26.14    |  7: 57.73    |  8: 49.25    |  9: 92.84    |  10: 89.52    |  11: 44.88    |  12: 67.07    |  13: 83.96    |  14: 94.84    |  15: 85.21    |  16: 95.81    |  17: 73.95    |  18: 76.73    |  19: 82.41   
[Batch: 2103/2400] mIoU: 71.08  |  FB-IoU: 86.41 |  0: 88.53    |  1: 87.24    |  2: 91.34    |  3: 90.86    |  4: 43.35    |  5: 83.62    |  6: 26.14    |  7: 57.73    |  8: 49.25    |  9: 92.84    |  10: 89.52    |  11: 44.88    |  12: 67.07    |  13: 83.96    |  14: 94.84    |  15: 85.21    |  16: 95.81    |  17: 73.95    |  18: 76.73    |  19: 82.41   
[Batch: 2104/2400] mIoU: 71.10  |  FB-IoU: 86.42 |  0: 88.53    |  1: 87.24    |  2: 91.34    |  3: 90.86    |  4: 43.35    |  5: 83.62    |  6: 26.14    |  7: 57.73    |  8: 49.25    |  9: 92.84    |  10: 89.52    |  11: 44.88    |  12: 67.07    |  13: 83.96    |  14: 94.84    |  15: 85.21    |  16: 95.81    |  17: 73.95    |  18: 76.73    |  19: 82.41   
[Batch: 2105/2400] mIoU: 71.11  |  FB-IoU: 86.42 |  0: 88.53    |  1: 87.24    |  2: 91.34    |  3: 90.86    |  4: 43.35    |  5: 83.62    |  6: 26.14    |  7: 57.73    |  8: 49.25    |  9: 92.84    |  10: 89.52    |  11: 44.88    |  12: 67.07    |  13: 83.96    |  14: 94.84    |  15: 85.21    |  16: 95.81    |  17: 73.95    |  18: 76.73    |  19: 82.41   
[Batch: 2106/2400] mIoU: 71.11  |  FB-IoU: 86.43 |  0: 88.53    |  1: 87.24    |  2: 91.34    |  3: 90.86    |  4: 43.35    |  5: 83.62    |  6: 26.14    |  7: 57.73    |  8: 49.25    |  9: 92.84    |  10: 89.52    |  11: 44.88    |  12: 67.07    |  13: 83.96    |  14: 94.84    |  15: 85.21    |  16: 95.81    |  17: 73.95    |  18: 76.73    |  19: 82.41   
[Batch: 2107/2400] mIoU: 71.11  |  FB-IoU: 86.43 |  0: 88.53    |  1: 87.24    |  2: 91.34    |  3: 90.86    |  4: 43.35    |  5: 83.62    |  6: 26.14    |  7: 57.73    |  8: 49.25    |  9: 92.84    |  10: 89.52    |  11: 44.88    |  12: 67.07    |  13: 83.96    |  14: 94.84    |  15: 85.21    |  16: 95.81    |  17: 73.95    |  18: 76.73    |  19: 82.41   
[Batch: 2108/2400] mIoU: 71.11  |  FB-IoU: 86.43 |  0: 88.53    |  1: 87.24    |  2: 91.34    |  3: 90.86    |  4: 43.35    |  5: 83.62    |  6: 26.14    |  7: 57.73    |  8: 49.25    |  9: 92.84    |  10: 89.52    |  11: 44.88    |  12: 67.07    |  13: 83.96    |  14: 94.84    |  15: 85.21    |  16: 95.81    |  17: 73.95    |  18: 76.73    |  19: 82.41   
[Batch: 2109/2400] mIoU: 71.12  |  FB-IoU: 86.44 |  0: 88.53    |  1: 87.24    |  2: 91.34    |  3: 90.86    |  4: 43.35    |  5: 83.62    |  6: 26.14    |  7: 57.73    |  8: 49.25    |  9: 92.84    |  10: 89.52    |  11: 44.88    |  12: 67.07    |  13: 83.96    |  14: 94.84    |  15: 85.21    |  16: 95.81    |  17: 73.95    |  18: 76.73    |  19: 82.41   
[Batch: 2110/2400] mIoU: 71.12  |  FB-IoU: 86.44 |  0: 88.53    |  1: 87.24    |  2: 91.34    |  3: 90.86    |  4: 43.35    |  5: 83.62    |  6: 26.14    |  7: 57.73    |  8: 49.25    |  9: 92.84    |  10: 89.52    |  11: 44.88    |  12: 67.07    |  13: 83.96    |  14: 94.84    |  15: 85.21    |  16: 95.81    |  17: 73.95    |  18: 76.73    |  19: 82.41   
[Batch: 2111/2400] mIoU: 71.49  |  FB-IoU: 86.44 |  0: 88.53    |  1: 87.24    |  2: 91.34    |  3: 90.86    |  4: 43.35    |  5: 83.62    |  6: 26.14    |  7: 57.73    |  8: 49.25    |  9: 92.84    |  10: 89.52    |  11: 44.88    |  12: 67.07    |  13: 83.96    |  14: 94.84    |  15: 85.21    |  16: 95.81    |  17: 73.95    |  18: 76.73    |  19: 82.41   
[Batch: 2112/2400] mIoU: 71.52  |  FB-IoU: 86.45 |  0: 88.53    |  1: 87.24    |  2: 91.34    |  3: 90.86    |  4: 43.35    |  5: 83.62    |  6: 26.14    |  7: 57.73    |  8: 49.25    |  9: 92.84    |  10: 89.52    |  11: 44.88    |  12: 67.07    |  13: 83.96    |  14: 94.84    |  15: 85.21    |  16: 95.81    |  17: 73.95    |  18: 76.73    |  19: 82.41   
[Batch: 2113/2400] mIoU: 71.51  |  FB-IoU: 86.45 |  0: 88.53    |  1: 87.24    |  2: 91.34    |  3: 90.86    |  4: 43.35    |  5: 83.62    |  6: 26.14    |  7: 57.73    |  8: 49.25    |  9: 92.84    |  10: 89.52    |  11: 44.88    |  12: 67.07    |  13: 83.96    |  14: 94.84    |  15: 85.21    |  16: 95.81    |  17: 73.95    |  18: 76.73    |  19: 82.41   
[Batch: 2114/2400] mIoU: 71.51  |  FB-IoU: 86.46 |  0: 88.53    |  1: 87.24    |  2: 91.34    |  3: 90.86    |  4: 43.35    |  5: 83.62    |  6: 26.14    |  7: 57.73    |  8: 49.25    |  9: 92.84    |  10: 89.52    |  11: 44.88    |  12: 67.07    |  13: 83.96    |  14: 94.84    |  15: 85.21    |  16: 95.81    |  17: 73.95    |  18: 76.73    |  19: 82.41   
[Batch: 2115/2400] mIoU: 71.51  |  FB-IoU: 86.46 |  0: 88.53    |  1: 87.24    |  2: 91.34    |  3: 90.86    |  4: 43.35    |  5: 83.62    |  6: 26.14    |  7: 57.73    |  8: 49.25    |  9: 92.84    |  10: 89.52    |  11: 44.88    |  12: 67.07    |  13: 83.96    |  14: 94.84    |  15: 85.21    |  16: 95.81    |  17: 73.95    |  18: 76.73    |  19: 82.41   
[Batch: 2116/2400] mIoU: 71.51  |  FB-IoU: 86.46 |  0: 88.53    |  1: 87.24    |  2: 91.34    |  3: 90.86    |  4: 43.35    |  5: 83.62    |  6: 26.14    |  7: 57.73    |  8: 49.25    |  9: 92.84    |  10: 89.52    |  11: 44.88    |  12: 67.07    |  13: 83.96    |  14: 94.84    |  15: 85.21    |  16: 95.81    |  17: 73.95    |  18: 76.73    |  19: 82.41   
[Batch: 2117/2400] mIoU: 71.51  |  FB-IoU: 86.47 |  0: 88.53    |  1: 87.24    |  2: 91.34    |  3: 90.86    |  4: 43.35    |  5: 83.62    |  6: 26.14    |  7: 57.73    |  8: 49.25    |  9: 92.84    |  10: 89.52    |  11: 44.88    |  12: 67.07    |  13: 83.96    |  14: 94.84    |  15: 85.21    |  16: 95.81    |  17: 73.95    |  18: 76.73    |  19: 82.41   
[Batch: 2118/2400] mIoU: 71.51  |  FB-IoU: 86.47 |  0: 88.53    |  1: 87.24    |  2: 91.34    |  3: 90.86    |  4: 43.35    |  5: 83.62    |  6: 26.14    |  7: 57.73    |  8: 49.25    |  9: 92.84    |  10: 89.52    |  11: 44.88    |  12: 67.07    |  13: 83.96    |  14: 94.84    |  15: 85.21    |  16: 95.81    |  17: 73.95    |  18: 76.73    |  19: 82.41   
[Batch: 2119/2400] mIoU: 71.51  |  FB-IoU: 86.48 |  0: 88.53    |  1: 87.24    |  2: 91.34    |  3: 90.86    |  4: 43.35    |  5: 83.62    |  6: 26.14    |  7: 57.73    |  8: 49.25    |  9: 92.84    |  10: 89.52    |  11: 44.88    |  12: 67.07    |  13: 83.96    |  14: 94.84    |  15: 85.21    |  16: 95.81    |  17: 73.95    |  18: 76.73    |  19: 82.41   
[Batch: 2120/2400] mIoU: 71.49  |  FB-IoU: 86.47 |  0: 88.53    |  1: 87.24    |  2: 91.34    |  3: 90.86    |  4: 43.35    |  5: 83.62    |  6: 26.14    |  7: 57.73    |  8: 49.25    |  9: 92.84    |  10: 89.52    |  11: 44.88    |  12: 67.07    |  13: 83.96    |  14: 94.84    |  15: 85.21    |  16: 95.81    |  17: 73.95    |  18: 76.73    |  19: 82.41   
[Batch: 2121/2400] mIoU: 71.84  |  FB-IoU: 86.47 |  0: 88.53    |  1: 87.24    |  2: 91.34    |  3: 90.86    |  4: 43.35    |  5: 83.62    |  6: 26.14    |  7: 57.73    |  8: 49.25    |  9: 92.84    |  10: 89.52    |  11: 44.88    |  12: 67.07    |  13: 83.96    |  14: 94.84    |  15: 85.21    |  16: 95.81    |  17: 73.95    |  18: 76.73    |  19: 82.41   
[Batch: 2122/2400] mIoU: 71.84  |  FB-IoU: 86.47 |  0: 88.53    |  1: 87.24    |  2: 91.34    |  3: 90.86    |  4: 43.35    |  5: 83.62    |  6: 26.14    |  7: 57.73    |  8: 49.25    |  9: 92.84    |  10: 89.52    |  11: 44.88    |  12: 67.07    |  13: 83.96    |  14: 94.84    |  15: 85.21    |  16: 95.81    |  17: 73.95    |  18: 76.73    |  19: 82.41   
[Batch: 2123/2400] mIoU: 71.84  |  FB-IoU: 86.48 |  0: 88.53    |  1: 87.24    |  2: 91.34    |  3: 90.86    |  4: 43.35    |  5: 83.62    |  6: 26.14    |  7: 57.73    |  8: 49.25    |  9: 92.84    |  10: 89.52    |  11: 44.88    |  12: 67.07    |  13: 83.96    |  14: 94.84    |  15: 85.21    |  16: 95.81    |  17: 73.95    |  18: 76.73    |  19: 82.41   
[Batch: 2124/2400] mIoU: 71.83  |  FB-IoU: 86.48 |  0: 88.53    |  1: 87.24    |  2: 91.34    |  3: 90.86    |  4: 43.35    |  5: 83.62    |  6: 26.14    |  7: 57.73    |  8: 49.25    |  9: 92.84    |  10: 89.52    |  11: 44.88    |  12: 67.07    |  13: 83.96    |  14: 94.84    |  15: 85.21    |  16: 95.81    |  17: 73.95    |  18: 76.73    |  19: 82.41   
[Batch: 2125/2400] mIoU: 71.82  |  FB-IoU: 86.48 |  0: 88.53    |  1: 87.24    |  2: 91.34    |  3: 90.86    |  4: 43.35    |  5: 83.62    |  6: 26.14    |  7: 57.73    |  8: 49.25    |  9: 92.84    |  10: 89.52    |  11: 44.88    |  12: 67.07    |  13: 83.96    |  14: 94.84    |  15: 85.21    |  16: 95.81    |  17: 73.95    |  18: 76.73    |  19: 82.41   
[Batch: 2126/2400] mIoU: 71.82  |  FB-IoU: 86.48 |  0: 88.53    |  1: 87.24    |  2: 91.34    |  3: 90.86    |  4: 43.35    |  5: 83.62    |  6: 26.14    |  7: 57.73    |  8: 49.25    |  9: 92.84    |  10: 89.52    |  11: 44.88    |  12: 67.07    |  13: 83.96    |  14: 94.84    |  15: 85.21    |  16: 95.81    |  17: 73.95    |  18: 76.73    |  19: 82.41   
[Batch: 2127/2400] mIoU: 71.83  |  FB-IoU: 86.48 |  0: 88.53    |  1: 87.24    |  2: 91.34    |  3: 90.86    |  4: 43.35    |  5: 83.62    |  6: 26.14    |  7: 57.73    |  8: 49.25    |  9: 92.84    |  10: 89.52    |  11: 44.88    |  12: 67.07    |  13: 83.96    |  14: 94.84    |  15: 85.21    |  16: 95.81    |  17: 73.95    |  18: 76.73    |  19: 82.41   
[Batch: 2128/2400] mIoU: 71.84  |  FB-IoU: 86.48 |  0: 88.53    |  1: 87.24    |  2: 91.34    |  3: 90.86    |  4: 43.35    |  5: 83.62    |  6: 26.14    |  7: 57.73    |  8: 49.25    |  9: 92.84    |  10: 89.52    |  11: 44.88    |  12: 67.07    |  13: 83.96    |  14: 94.84    |  15: 85.21    |  16: 95.81    |  17: 73.95    |  18: 76.73    |  19: 82.41   
[Batch: 2129/2400] mIoU: 71.84  |  FB-IoU: 86.49 |  0: 88.53    |  1: 87.24    |  2: 91.34    |  3: 90.86    |  4: 43.35    |  5: 83.62    |  6: 26.14    |  7: 57.73    |  8: 49.25    |  9: 92.84    |  10: 89.52    |  11: 44.88    |  12: 67.07    |  13: 83.96    |  14: 94.84    |  15: 85.21    |  16: 95.81    |  17: 73.95    |  18: 76.73    |  19: 82.41   
[Batch: 2130/2400] mIoU: 71.84  |  FB-IoU: 86.49 |  0: 88.53    |  1: 87.24    |  2: 91.34    |  3: 90.86    |  4: 43.35    |  5: 83.62    |  6: 26.14    |  7: 57.73    |  8: 49.25    |  9: 92.84    |  10: 89.52    |  11: 44.88    |  12: 67.07    |  13: 83.96    |  14: 94.84    |  15: 85.21    |  16: 95.81    |  17: 73.95    |  18: 76.73    |  19: 82.41   
[Batch: 2131/2400] mIoU: 72.24  |  FB-IoU: 86.49 |  0: 88.53    |  1: 87.24    |  2: 91.34    |  3: 90.86    |  4: 43.35    |  5: 83.62    |  6: 26.14    |  7: 57.73    |  8: 49.25    |  9: 92.84    |  10: 89.52    |  11: 44.88    |  12: 67.07    |  13: 83.96    |  14: 94.84    |  15: 85.21    |  16: 95.81    |  17: 73.95    |  18: 76.73    |  19: 82.41   
[Batch: 2132/2400] mIoU: 72.24  |  FB-IoU: 86.49 |  0: 88.53    |  1: 87.24    |  2: 91.34    |  3: 90.86    |  4: 43.35    |  5: 83.62    |  6: 26.14    |  7: 57.73    |  8: 49.25    |  9: 92.84    |  10: 89.52    |  11: 44.88    |  12: 67.07    |  13: 83.96    |  14: 94.84    |  15: 85.21    |  16: 95.81    |  17: 73.95    |  18: 76.73    |  19: 82.41   
[Batch: 2133/2400] mIoU: 72.24  |  FB-IoU: 86.50 |  0: 88.53    |  1: 87.24    |  2: 91.34    |  3: 90.86    |  4: 43.35    |  5: 83.62    |  6: 26.14    |  7: 57.73    |  8: 49.25    |  9: 92.84    |  10: 89.52    |  11: 44.88    |  12: 67.07    |  13: 83.96    |  14: 94.84    |  15: 85.21    |  16: 95.81    |  17: 73.95    |  18: 76.73    |  19: 82.41   
[Batch: 2134/2400] mIoU: 72.24  |  FB-IoU: 86.50 |  0: 88.53    |  1: 87.24    |  2: 91.34    |  3: 90.86    |  4: 43.35    |  5: 83.62    |  6: 26.14    |  7: 57.73    |  8: 49.25    |  9: 92.84    |  10: 89.52    |  11: 44.88    |  12: 67.07    |  13: 83.96    |  14: 94.84    |  15: 85.21    |  16: 95.81    |  17: 73.95    |  18: 76.73    |  19: 82.41   
[Batch: 2135/2400] mIoU: 72.24  |  FB-IoU: 86.51 |  0: 88.53    |  1: 87.24    |  2: 91.34    |  3: 90.86    |  4: 43.35    |  5: 83.62    |  6: 26.14    |  7: 57.73    |  8: 49.25    |  9: 92.84    |  10: 89.52    |  11: 44.88    |  12: 67.07    |  13: 83.96    |  14: 94.84    |  15: 85.21    |  16: 95.81    |  17: 73.95    |  18: 76.73    |  19: 82.41   
[Batch: 2136/2400] mIoU: 72.24  |  FB-IoU: 86.51 |  0: 88.53    |  1: 87.24    |  2: 91.34    |  3: 90.86    |  4: 43.35    |  5: 83.62    |  6: 26.14    |  7: 57.73    |  8: 49.25    |  9: 92.84    |  10: 89.52    |  11: 44.88    |  12: 67.07    |  13: 83.96    |  14: 94.84    |  15: 85.21    |  16: 95.81    |  17: 73.95    |  18: 76.73    |  19: 82.41   
[Batch: 2137/2400] mIoU: 72.24  |  FB-IoU: 86.51 |  0: 88.53    |  1: 87.24    |  2: 91.34    |  3: 90.86    |  4: 43.35    |  5: 83.62    |  6: 26.14    |  7: 57.73    |  8: 49.25    |  9: 92.84    |  10: 89.52    |  11: 44.88    |  12: 67.07    |  13: 83.96    |  14: 94.84    |  15: 85.21    |  16: 95.81    |  17: 73.95    |  18: 76.73    |  19: 82.41   
[Batch: 2138/2400] mIoU: 72.23  |  FB-IoU: 86.51 |  0: 88.53    |  1: 87.24    |  2: 91.34    |  3: 90.86    |  4: 43.35    |  5: 83.62    |  6: 26.14    |  7: 57.73    |  8: 49.25    |  9: 92.84    |  10: 89.52    |  11: 44.88    |  12: 67.07    |  13: 83.96    |  14: 94.84    |  15: 85.21    |  16: 95.81    |  17: 73.95    |  18: 76.73    |  19: 82.41   
[Batch: 2139/2400] mIoU: 72.23  |  FB-IoU: 86.51 |  0: 88.53    |  1: 87.24    |  2: 91.34    |  3: 90.86    |  4: 43.35    |  5: 83.62    |  6: 26.14    |  7: 57.73    |  8: 49.25    |  9: 92.84    |  10: 89.52    |  11: 44.88    |  12: 67.07    |  13: 83.96    |  14: 94.84    |  15: 85.21    |  16: 95.81    |  17: 73.95    |  18: 76.73    |  19: 82.41   
[Batch: 2140/2400] mIoU: 72.22  |  FB-IoU: 86.52 |  0: 88.53    |  1: 87.24    |  2: 91.34    |  3: 90.86    |  4: 43.35    |  5: 83.62    |  6: 26.14    |  7: 57.73    |  8: 49.25    |  9: 92.84    |  10: 89.52    |  11: 44.88    |  12: 67.07    |  13: 83.96    |  14: 94.84    |  15: 85.21    |  16: 95.81    |  17: 73.95    |  18: 76.73    |  19: 82.41   
[Batch: 2141/2400] mIoU: 72.61  |  FB-IoU: 86.52 |  0: 88.53    |  1: 87.24    |  2: 91.34    |  3: 90.86    |  4: 43.35    |  5: 83.62    |  6: 26.14    |  7: 57.73    |  8: 49.25    |  9: 92.84    |  10: 89.52    |  11: 44.88    |  12: 67.07    |  13: 83.96    |  14: 94.84    |  15: 85.21    |  16: 95.81    |  17: 73.95    |  18: 76.73    |  19: 82.41   
[Batch: 2142/2400] mIoU: 72.59  |  FB-IoU: 86.52 |  0: 88.53    |  1: 87.24    |  2: 91.34    |  3: 90.86    |  4: 43.35    |  5: 83.62    |  6: 26.14    |  7: 57.73    |  8: 49.25    |  9: 92.84    |  10: 89.52    |  11: 44.88    |  12: 67.07    |  13: 83.96    |  14: 94.84    |  15: 85.21    |  16: 95.81    |  17: 73.95    |  18: 76.73    |  19: 82.41   
[Batch: 2143/2400] mIoU: 72.54  |  FB-IoU: 86.52 |  0: 88.53    |  1: 87.24    |  2: 91.34    |  3: 90.86    |  4: 43.35    |  5: 83.62    |  6: 26.14    |  7: 57.73    |  8: 49.25    |  9: 92.84    |  10: 89.52    |  11: 44.88    |  12: 67.07    |  13: 83.96    |  14: 94.84    |  15: 85.21    |  16: 95.81    |  17: 73.95    |  18: 76.73    |  19: 82.41   
[Batch: 2144/2400] mIoU: 72.54  |  FB-IoU: 86.52 |  0: 88.53    |  1: 87.24    |  2: 91.34    |  3: 90.86    |  4: 43.35    |  5: 83.62    |  6: 26.14    |  7: 57.73    |  8: 49.25    |  9: 92.84    |  10: 89.52    |  11: 44.88    |  12: 67.07    |  13: 83.96    |  14: 94.84    |  15: 85.21    |  16: 95.81    |  17: 73.95    |  18: 76.73    |  19: 82.41   
[Batch: 2145/2400] mIoU: 72.55  |  FB-IoU: 86.52 |  0: 88.53    |  1: 87.24    |  2: 91.34    |  3: 90.86    |  4: 43.35    |  5: 83.62    |  6: 26.14    |  7: 57.73    |  8: 49.25    |  9: 92.84    |  10: 89.52    |  11: 44.88    |  12: 67.07    |  13: 83.96    |  14: 94.84    |  15: 85.21    |  16: 95.81    |  17: 73.95    |  18: 76.73    |  19: 82.41   
[Batch: 2146/2400] mIoU: 72.56  |  FB-IoU: 86.52 |  0: 88.53    |  1: 87.24    |  2: 91.34    |  3: 90.86    |  4: 43.35    |  5: 83.62    |  6: 26.14    |  7: 57.73    |  8: 49.25    |  9: 92.84    |  10: 89.52    |  11: 44.88    |  12: 67.07    |  13: 83.96    |  14: 94.84    |  15: 85.21    |  16: 95.81    |  17: 73.95    |  18: 76.73    |  19: 82.41   
[Batch: 2147/2400] mIoU: 72.56  |  FB-IoU: 86.52 |  0: 88.53    |  1: 87.24    |  2: 91.34    |  3: 90.86    |  4: 43.35    |  5: 83.62    |  6: 26.14    |  7: 57.73    |  8: 49.25    |  9: 92.84    |  10: 89.52    |  11: 44.88    |  12: 67.07    |  13: 83.96    |  14: 94.84    |  15: 85.21    |  16: 95.81    |  17: 73.95    |  18: 76.73    |  19: 82.41   
[Batch: 2148/2400] mIoU: 72.57  |  FB-IoU: 86.53 |  0: 88.53    |  1: 87.24    |  2: 91.34    |  3: 90.86    |  4: 43.35    |  5: 83.62    |  6: 26.14    |  7: 57.73    |  8: 49.25    |  9: 92.84    |  10: 89.52    |  11: 44.88    |  12: 67.07    |  13: 83.96    |  14: 94.84    |  15: 85.21    |  16: 95.81    |  17: 73.95    |  18: 76.73    |  19: 82.41   
[Batch: 2149/2400] mIoU: 72.57  |  FB-IoU: 86.53 |  0: 88.53    |  1: 87.24    |  2: 91.34    |  3: 90.86    |  4: 43.35    |  5: 83.62    |  6: 26.14    |  7: 57.73    |  8: 49.25    |  9: 92.84    |  10: 89.52    |  11: 44.88    |  12: 67.07    |  13: 83.96    |  14: 94.84    |  15: 85.21    |  16: 95.81    |  17: 73.95    |  18: 76.73    |  19: 82.41   
[Batch: 2150/2400] mIoU: 72.58  |  FB-IoU: 86.53 |  0: 88.53    |  1: 87.24    |  2: 91.34    |  3: 90.86    |  4: 43.35    |  5: 83.62    |  6: 26.14    |  7: 57.73    |  8: 49.25    |  9: 92.84    |  10: 89.52    |  11: 44.88    |  12: 67.07    |  13: 83.96    |  14: 94.84    |  15: 85.21    |  16: 95.81    |  17: 73.95    |  18: 76.73    |  19: 82.41   
[Batch: 2151/2400] mIoU: 72.93  |  FB-IoU: 86.53 |  0: 88.53    |  1: 87.24    |  2: 91.34    |  3: 90.86    |  4: 43.35    |  5: 83.62    |  6: 26.14    |  7: 57.73    |  8: 49.25    |  9: 92.84    |  10: 89.52    |  11: 44.88    |  12: 67.07    |  13: 83.96    |  14: 94.84    |  15: 85.21    |  16: 95.81    |  17: 73.95    |  18: 76.73    |  19: 82.41   
[Batch: 2152/2400] mIoU: 72.94  |  FB-IoU: 86.54 |  0: 88.53    |  1: 87.24    |  2: 91.34    |  3: 90.86    |  4: 43.35    |  5: 83.62    |  6: 26.14    |  7: 57.73    |  8: 49.25    |  9: 92.84    |  10: 89.52    |  11: 44.88    |  12: 67.07    |  13: 83.96    |  14: 94.84    |  15: 85.21    |  16: 95.81    |  17: 73.95    |  18: 76.73    |  19: 82.41   
[Batch: 2153/2400] mIoU: 72.95  |  FB-IoU: 86.55 |  0: 88.53    |  1: 87.24    |  2: 91.34    |  3: 90.86    |  4: 43.35    |  5: 83.62    |  6: 26.14    |  7: 57.73    |  8: 49.25    |  9: 92.84    |  10: 89.52    |  11: 44.88    |  12: 67.07    |  13: 83.96    |  14: 94.84    |  15: 85.21    |  16: 95.81    |  17: 73.95    |  18: 76.73    |  19: 82.41   
[Batch: 2154/2400] mIoU: 72.95  |  FB-IoU: 86.55 |  0: 88.53    |  1: 87.24    |  2: 91.34    |  3: 90.86    |  4: 43.35    |  5: 83.62    |  6: 26.14    |  7: 57.73    |  8: 49.25    |  9: 92.84    |  10: 89.52    |  11: 44.88    |  12: 67.07    |  13: 83.96    |  14: 94.84    |  15: 85.21    |  16: 95.81    |  17: 73.95    |  18: 76.73    |  19: 82.41   
[Batch: 2155/2400] mIoU: 72.96  |  FB-IoU: 86.56 |  0: 88.53    |  1: 87.24    |  2: 91.34    |  3: 90.86    |  4: 43.35    |  5: 83.62    |  6: 26.14    |  7: 57.73    |  8: 49.25    |  9: 92.84    |  10: 89.52    |  11: 44.88    |  12: 67.07    |  13: 83.96    |  14: 94.84    |  15: 85.21    |  16: 95.81    |  17: 73.95    |  18: 76.73    |  19: 82.41   
[Batch: 2156/2400] mIoU: 72.96  |  FB-IoU: 86.56 |  0: 88.53    |  1: 87.24    |  2: 91.34    |  3: 90.86    |  4: 43.35    |  5: 83.62    |  6: 26.14    |  7: 57.73    |  8: 49.25    |  9: 92.84    |  10: 89.52    |  11: 44.88    |  12: 67.07    |  13: 83.96    |  14: 94.84    |  15: 85.21    |  16: 95.81    |  17: 73.95    |  18: 76.73    |  19: 82.41   
[Batch: 2157/2400] mIoU: 72.96  |  FB-IoU: 86.57 |  0: 88.53    |  1: 87.24    |  2: 91.34    |  3: 90.86    |  4: 43.35    |  5: 83.62    |  6: 26.14    |  7: 57.73    |  8: 49.25    |  9: 92.84    |  10: 89.52    |  11: 44.88    |  12: 67.07    |  13: 83.96    |  14: 94.84    |  15: 85.21    |  16: 95.81    |  17: 73.95    |  18: 76.73    |  19: 82.41   
[Batch: 2158/2400] mIoU: 72.96  |  FB-IoU: 86.57 |  0: 88.53    |  1: 87.24    |  2: 91.34    |  3: 90.86    |  4: 43.35    |  5: 83.62    |  6: 26.14    |  7: 57.73    |  8: 49.25    |  9: 92.84    |  10: 89.52    |  11: 44.88    |  12: 67.07    |  13: 83.96    |  14: 94.84    |  15: 85.21    |  16: 95.81    |  17: 73.95    |  18: 76.73    |  19: 82.41   
[Batch: 2159/2400] mIoU: 72.96  |  FB-IoU: 86.58 |  0: 88.53    |  1: 87.24    |  2: 91.34    |  3: 90.86    |  4: 43.35    |  5: 83.62    |  6: 26.14    |  7: 57.73    |  8: 49.25    |  9: 92.84    |  10: 89.52    |  11: 44.88    |  12: 67.07    |  13: 83.96    |  14: 94.84    |  15: 85.21    |  16: 95.81    |  17: 73.95    |  18: 76.73    |  19: 82.41   
[Batch: 2160/2400] mIoU: 72.96  |  FB-IoU: 86.58 |  0: 88.53    |  1: 87.24    |  2: 91.34    |  3: 90.86    |  4: 43.35    |  5: 83.62    |  6: 26.14    |  7: 57.73    |  8: 49.25    |  9: 92.84    |  10: 89.52    |  11: 44.88    |  12: 67.07    |  13: 83.96    |  14: 94.84    |  15: 85.21    |  16: 95.81    |  17: 73.95    |  18: 76.73    |  19: 82.41   
[Batch: 2161/2400] mIoU: 73.36  |  FB-IoU: 86.59 |  0: 88.53    |  1: 87.24    |  2: 91.34    |  3: 90.86    |  4: 43.35    |  5: 83.62    |  6: 26.14    |  7: 57.73    |  8: 49.25    |  9: 92.84    |  10: 89.52    |  11: 44.88    |  12: 67.07    |  13: 83.96    |  14: 94.84    |  15: 85.21    |  16: 95.81    |  17: 73.95    |  18: 76.73    |  19: 82.41   
[Batch: 2162/2400] mIoU: 73.36  |  FB-IoU: 86.59 |  0: 88.53    |  1: 87.24    |  2: 91.34    |  3: 90.86    |  4: 43.35    |  5: 83.62    |  6: 26.14    |  7: 57.73    |  8: 49.25    |  9: 92.84    |  10: 89.52    |  11: 44.88    |  12: 67.07    |  13: 83.96    |  14: 94.84    |  15: 85.21    |  16: 95.81    |  17: 73.95    |  18: 76.73    |  19: 82.41   
[Batch: 2163/2400] mIoU: 73.36  |  FB-IoU: 86.60 |  0: 88.53    |  1: 87.24    |  2: 91.34    |  3: 90.86    |  4: 43.35    |  5: 83.62    |  6: 26.14    |  7: 57.73    |  8: 49.25    |  9: 92.84    |  10: 89.52    |  11: 44.88    |  12: 67.07    |  13: 83.96    |  14: 94.84    |  15: 85.21    |  16: 95.81    |  17: 73.95    |  18: 76.73    |  19: 82.41   
[Batch: 2164/2400] mIoU: 73.36  |  FB-IoU: 86.60 |  0: 88.53    |  1: 87.24    |  2: 91.34    |  3: 90.86    |  4: 43.35    |  5: 83.62    |  6: 26.14    |  7: 57.73    |  8: 49.25    |  9: 92.84    |  10: 89.52    |  11: 44.88    |  12: 67.07    |  13: 83.96    |  14: 94.84    |  15: 85.21    |  16: 95.81    |  17: 73.95    |  18: 76.73    |  19: 82.41   
[Batch: 2165/2400] mIoU: 73.36  |  FB-IoU: 86.60 |  0: 88.53    |  1: 87.24    |  2: 91.34    |  3: 90.86    |  4: 43.35    |  5: 83.62    |  6: 26.14    |  7: 57.73    |  8: 49.25    |  9: 92.84    |  10: 89.52    |  11: 44.88    |  12: 67.07    |  13: 83.96    |  14: 94.84    |  15: 85.21    |  16: 95.81    |  17: 73.95    |  18: 76.73    |  19: 82.41   
[Batch: 2166/2400] mIoU: 73.36  |  FB-IoU: 86.61 |  0: 88.53    |  1: 87.24    |  2: 91.34    |  3: 90.86    |  4: 43.35    |  5: 83.62    |  6: 26.14    |  7: 57.73    |  8: 49.25    |  9: 92.84    |  10: 89.52    |  11: 44.88    |  12: 67.07    |  13: 83.96    |  14: 94.84    |  15: 85.21    |  16: 95.81    |  17: 73.95    |  18: 76.73    |  19: 82.41   
[Batch: 2167/2400] mIoU: 73.36  |  FB-IoU: 86.61 |  0: 88.53    |  1: 87.24    |  2: 91.34    |  3: 90.86    |  4: 43.35    |  5: 83.62    |  6: 26.14    |  7: 57.73    |  8: 49.25    |  9: 92.84    |  10: 89.52    |  11: 44.88    |  12: 67.07    |  13: 83.96    |  14: 94.84    |  15: 85.21    |  16: 95.81    |  17: 73.95    |  18: 76.73    |  19: 82.41   
[Batch: 2168/2400] mIoU: 73.36  |  FB-IoU: 86.62 |  0: 88.53    |  1: 87.24    |  2: 91.34    |  3: 90.86    |  4: 43.35    |  5: 83.62    |  6: 26.14    |  7: 57.73    |  8: 49.25    |  9: 92.84    |  10: 89.52    |  11: 44.88    |  12: 67.07    |  13: 83.96    |  14: 94.84    |  15: 85.21    |  16: 95.81    |  17: 73.95    |  18: 76.73    |  19: 82.41   
[Batch: 2169/2400] mIoU: 73.36  |  FB-IoU: 86.62 |  0: 88.53    |  1: 87.24    |  2: 91.34    |  3: 90.86    |  4: 43.35    |  5: 83.62    |  6: 26.14    |  7: 57.73    |  8: 49.25    |  9: 92.84    |  10: 89.52    |  11: 44.88    |  12: 67.07    |  13: 83.96    |  14: 94.84    |  15: 85.21    |  16: 95.81    |  17: 73.95    |  18: 76.73    |  19: 82.41   
[Batch: 2170/2400] mIoU: 73.36  |  FB-IoU: 86.62 |  0: 88.53    |  1: 87.24    |  2: 91.34    |  3: 90.86    |  4: 43.35    |  5: 83.62    |  6: 26.14    |  7: 57.73    |  8: 49.25    |  9: 92.84    |  10: 89.52    |  11: 44.88    |  12: 67.07    |  13: 83.96    |  14: 94.84    |  15: 85.21    |  16: 95.81    |  17: 73.95    |  18: 76.73    |  19: 82.41   
[Batch: 2171/2400] mIoU: 73.69  |  FB-IoU: 86.62 |  0: 88.53    |  1: 87.24    |  2: 91.34    |  3: 90.86    |  4: 43.35    |  5: 83.62    |  6: 26.14    |  7: 57.73    |  8: 49.25    |  9: 92.84    |  10: 89.52    |  11: 44.88    |  12: 67.07    |  13: 83.96    |  14: 94.84    |  15: 85.21    |  16: 95.81    |  17: 73.95    |  18: 76.73    |  19: 82.41   
[Batch: 2172/2400] mIoU: 73.73  |  FB-IoU: 86.63 |  0: 88.53    |  1: 87.24    |  2: 91.34    |  3: 90.86    |  4: 43.35    |  5: 83.62    |  6: 26.14    |  7: 57.73    |  8: 49.25    |  9: 92.84    |  10: 89.52    |  11: 44.88    |  12: 67.07    |  13: 83.96    |  14: 94.84    |  15: 85.21    |  16: 95.81    |  17: 73.95    |  18: 76.73    |  19: 82.41   
[Batch: 2173/2400] mIoU: 73.71  |  FB-IoU: 86.63 |  0: 88.53    |  1: 87.24    |  2: 91.34    |  3: 90.86    |  4: 43.35    |  5: 83.62    |  6: 26.14    |  7: 57.73    |  8: 49.25    |  9: 92.84    |  10: 89.52    |  11: 44.88    |  12: 67.07    |  13: 83.96    |  14: 94.84    |  15: 85.21    |  16: 95.81    |  17: 73.95    |  18: 76.73    |  19: 82.41   
[Batch: 2174/2400] mIoU: 73.70  |  FB-IoU: 86.63 |  0: 88.53    |  1: 87.24    |  2: 91.34    |  3: 90.86    |  4: 43.35    |  5: 83.62    |  6: 26.14    |  7: 57.73    |  8: 49.25    |  9: 92.84    |  10: 89.52    |  11: 44.88    |  12: 67.07    |  13: 83.96    |  14: 94.84    |  15: 85.21    |  16: 95.81    |  17: 73.95    |  18: 76.73    |  19: 82.41   
[Batch: 2175/2400] mIoU: 73.71  |  FB-IoU: 86.63 |  0: 88.53    |  1: 87.24    |  2: 91.34    |  3: 90.86    |  4: 43.35    |  5: 83.62    |  6: 26.14    |  7: 57.73    |  8: 49.25    |  9: 92.84    |  10: 89.52    |  11: 44.88    |  12: 67.07    |  13: 83.96    |  14: 94.84    |  15: 85.21    |  16: 95.81    |  17: 73.95    |  18: 76.73    |  19: 82.41   
[Batch: 2176/2400] mIoU: 73.71  |  FB-IoU: 86.63 |  0: 88.53    |  1: 87.24    |  2: 91.34    |  3: 90.86    |  4: 43.35    |  5: 83.62    |  6: 26.14    |  7: 57.73    |  8: 49.25    |  9: 92.84    |  10: 89.52    |  11: 44.88    |  12: 67.07    |  13: 83.96    |  14: 94.84    |  15: 85.21    |  16: 95.81    |  17: 73.95    |  18: 76.73    |  19: 82.41   
[Batch: 2177/2400] mIoU: 73.72  |  FB-IoU: 86.63 |  0: 88.53    |  1: 87.24    |  2: 91.34    |  3: 90.86    |  4: 43.35    |  5: 83.62    |  6: 26.14    |  7: 57.73    |  8: 49.25    |  9: 92.84    |  10: 89.52    |  11: 44.88    |  12: 67.07    |  13: 83.96    |  14: 94.84    |  15: 85.21    |  16: 95.81    |  17: 73.95    |  18: 76.73    |  19: 82.41   
[Batch: 2178/2400] mIoU: 73.72  |  FB-IoU: 86.64 |  0: 88.53    |  1: 87.24    |  2: 91.34    |  3: 90.86    |  4: 43.35    |  5: 83.62    |  6: 26.14    |  7: 57.73    |  8: 49.25    |  9: 92.84    |  10: 89.52    |  11: 44.88    |  12: 67.07    |  13: 83.96    |  14: 94.84    |  15: 85.21    |  16: 95.81    |  17: 73.95    |  18: 76.73    |  19: 82.41   
[Batch: 2179/2400] mIoU: 73.72  |  FB-IoU: 86.64 |  0: 88.53    |  1: 87.24    |  2: 91.34    |  3: 90.86    |  4: 43.35    |  5: 83.62    |  6: 26.14    |  7: 57.73    |  8: 49.25    |  9: 92.84    |  10: 89.52    |  11: 44.88    |  12: 67.07    |  13: 83.96    |  14: 94.84    |  15: 85.21    |  16: 95.81    |  17: 73.95    |  18: 76.73    |  19: 82.41   
[Batch: 2180/2400] mIoU: 73.72  |  FB-IoU: 86.64 |  0: 88.53    |  1: 87.24    |  2: 91.34    |  3: 90.86    |  4: 43.35    |  5: 83.62    |  6: 26.14    |  7: 57.73    |  8: 49.25    |  9: 92.84    |  10: 89.52    |  11: 44.88    |  12: 67.07    |  13: 83.96    |  14: 94.84    |  15: 85.21    |  16: 95.81    |  17: 73.95    |  18: 76.73    |  19: 82.41   
[Batch: 2181/2400] mIoU: 74.11  |  FB-IoU: 86.64 |  0: 88.53    |  1: 87.24    |  2: 91.34    |  3: 90.86    |  4: 43.35    |  5: 83.62    |  6: 26.14    |  7: 57.73    |  8: 49.25    |  9: 92.84    |  10: 89.52    |  11: 44.88    |  12: 67.07    |  13: 83.96    |  14: 94.84    |  15: 85.21    |  16: 95.81    |  17: 73.95    |  18: 76.73    |  19: 82.41   
[Batch: 2182/2400] mIoU: 74.11  |  FB-IoU: 86.65 |  0: 88.53    |  1: 87.24    |  2: 91.34    |  3: 90.86    |  4: 43.35    |  5: 83.62    |  6: 26.14    |  7: 57.73    |  8: 49.25    |  9: 92.84    |  10: 89.52    |  11: 44.88    |  12: 67.07    |  13: 83.96    |  14: 94.84    |  15: 85.21    |  16: 95.81    |  17: 73.95    |  18: 76.73    |  19: 82.41   
[Batch: 2183/2400] mIoU: 74.06  |  FB-IoU: 86.64 |  0: 88.53    |  1: 87.24    |  2: 91.34    |  3: 90.86    |  4: 43.35    |  5: 83.62    |  6: 26.14    |  7: 57.73    |  8: 49.25    |  9: 92.84    |  10: 89.52    |  11: 44.88    |  12: 67.07    |  13: 83.96    |  14: 94.84    |  15: 85.21    |  16: 95.81    |  17: 73.95    |  18: 76.73    |  19: 82.41   
[Batch: 2184/2400] mIoU: 74.04  |  FB-IoU: 86.64 |  0: 88.53    |  1: 87.24    |  2: 91.34    |  3: 90.86    |  4: 43.35    |  5: 83.62    |  6: 26.14    |  7: 57.73    |  8: 49.25    |  9: 92.84    |  10: 89.52    |  11: 44.88    |  12: 67.07    |  13: 83.96    |  14: 94.84    |  15: 85.21    |  16: 95.81    |  17: 73.95    |  18: 76.73    |  19: 82.41   
[Batch: 2185/2400] mIoU: 74.04  |  FB-IoU: 86.64 |  0: 88.53    |  1: 87.24    |  2: 91.34    |  3: 90.86    |  4: 43.35    |  5: 83.62    |  6: 26.14    |  7: 57.73    |  8: 49.25    |  9: 92.84    |  10: 89.52    |  11: 44.88    |  12: 67.07    |  13: 83.96    |  14: 94.84    |  15: 85.21    |  16: 95.81    |  17: 73.95    |  18: 76.73    |  19: 82.41   
[Batch: 2186/2400] mIoU: 74.05  |  FB-IoU: 86.64 |  0: 88.53    |  1: 87.24    |  2: 91.34    |  3: 90.86    |  4: 43.35    |  5: 83.62    |  6: 26.14    |  7: 57.73    |  8: 49.25    |  9: 92.84    |  10: 89.52    |  11: 44.88    |  12: 67.07    |  13: 83.96    |  14: 94.84    |  15: 85.21    |  16: 95.81    |  17: 73.95    |  18: 76.73    |  19: 82.41   
[Batch: 2187/2400] mIoU: 74.05  |  FB-IoU: 86.64 |  0: 88.53    |  1: 87.24    |  2: 91.34    |  3: 90.86    |  4: 43.35    |  5: 83.62    |  6: 26.14    |  7: 57.73    |  8: 49.25    |  9: 92.84    |  10: 89.52    |  11: 44.88    |  12: 67.07    |  13: 83.96    |  14: 94.84    |  15: 85.21    |  16: 95.81    |  17: 73.95    |  18: 76.73    |  19: 82.41   
[Batch: 2188/2400] mIoU: 74.05  |  FB-IoU: 86.64 |  0: 88.53    |  1: 87.24    |  2: 91.34    |  3: 90.86    |  4: 43.35    |  5: 83.62    |  6: 26.14    |  7: 57.73    |  8: 49.25    |  9: 92.84    |  10: 89.52    |  11: 44.88    |  12: 67.07    |  13: 83.96    |  14: 94.84    |  15: 85.21    |  16: 95.81    |  17: 73.95    |  18: 76.73    |  19: 82.41   
[Batch: 2189/2400] mIoU: 74.05  |  FB-IoU: 86.64 |  0: 88.53    |  1: 87.24    |  2: 91.34    |  3: 90.86    |  4: 43.35    |  5: 83.62    |  6: 26.14    |  7: 57.73    |  8: 49.25    |  9: 92.84    |  10: 89.52    |  11: 44.88    |  12: 67.07    |  13: 83.96    |  14: 94.84    |  15: 85.21    |  16: 95.81    |  17: 73.95    |  18: 76.73    |  19: 82.41   
[Batch: 2190/2400] mIoU: 74.05  |  FB-IoU: 86.64 |  0: 88.53    |  1: 87.24    |  2: 91.34    |  3: 90.86    |  4: 43.35    |  5: 83.62    |  6: 26.14    |  7: 57.73    |  8: 49.25    |  9: 92.84    |  10: 89.52    |  11: 44.88    |  12: 67.07    |  13: 83.96    |  14: 94.84    |  15: 85.21    |  16: 95.81    |  17: 73.95    |  18: 76.73    |  19: 82.41   
[Batch: 2191/2400] mIoU: 74.43  |  FB-IoU: 86.65 |  0: 88.53    |  1: 87.24    |  2: 91.34    |  3: 90.86    |  4: 43.35    |  5: 83.62    |  6: 26.14    |  7: 57.73    |  8: 49.25    |  9: 92.84    |  10: 89.52    |  11: 44.88    |  12: 67.07    |  13: 83.96    |  14: 94.84    |  15: 85.21    |  16: 95.81    |  17: 73.95    |  18: 76.73    |  19: 82.41   
[Batch: 2192/2400] mIoU: 74.44  |  FB-IoU: 86.65 |  0: 88.53    |  1: 87.24    |  2: 91.34    |  3: 90.86    |  4: 43.35    |  5: 83.62    |  6: 26.14    |  7: 57.73    |  8: 49.25    |  9: 92.84    |  10: 89.52    |  11: 44.88    |  12: 67.07    |  13: 83.96    |  14: 94.84    |  15: 85.21    |  16: 95.81    |  17: 73.95    |  18: 76.73    |  19: 82.41   
[Batch: 2193/2400] mIoU: 74.45  |  FB-IoU: 86.66 |  0: 88.53    |  1: 87.24    |  2: 91.34    |  3: 90.86    |  4: 43.35    |  5: 83.62    |  6: 26.14    |  7: 57.73    |  8: 49.25    |  9: 92.84    |  10: 89.52    |  11: 44.88    |  12: 67.07    |  13: 83.96    |  14: 94.84    |  15: 85.21    |  16: 95.81    |  17: 73.95    |  18: 76.73    |  19: 82.41   
[Batch: 2194/2400] mIoU: 74.45  |  FB-IoU: 86.66 |  0: 88.53    |  1: 87.24    |  2: 91.34    |  3: 90.86    |  4: 43.35    |  5: 83.62    |  6: 26.14    |  7: 57.73    |  8: 49.25    |  9: 92.84    |  10: 89.52    |  11: 44.88    |  12: 67.07    |  13: 83.96    |  14: 94.84    |  15: 85.21    |  16: 95.81    |  17: 73.95    |  18: 76.73    |  19: 82.41   
[Batch: 2195/2400] mIoU: 74.45  |  FB-IoU: 86.67 |  0: 88.53    |  1: 87.24    |  2: 91.34    |  3: 90.86    |  4: 43.35    |  5: 83.62    |  6: 26.14    |  7: 57.73    |  8: 49.25    |  9: 92.84    |  10: 89.52    |  11: 44.88    |  12: 67.07    |  13: 83.96    |  14: 94.84    |  15: 85.21    |  16: 95.81    |  17: 73.95    |  18: 76.73    |  19: 82.41   
[Batch: 2196/2400] mIoU: 74.45  |  FB-IoU: 86.67 |  0: 88.53    |  1: 87.24    |  2: 91.34    |  3: 90.86    |  4: 43.35    |  5: 83.62    |  6: 26.14    |  7: 57.73    |  8: 49.25    |  9: 92.84    |  10: 89.52    |  11: 44.88    |  12: 67.07    |  13: 83.96    |  14: 94.84    |  15: 85.21    |  16: 95.81    |  17: 73.95    |  18: 76.73    |  19: 82.41   
[Batch: 2197/2400] mIoU: 74.45  |  FB-IoU: 86.67 |  0: 88.53    |  1: 87.24    |  2: 91.34    |  3: 90.86    |  4: 43.35    |  5: 83.62    |  6: 26.14    |  7: 57.73    |  8: 49.25    |  9: 92.84    |  10: 89.52    |  11: 44.88    |  12: 67.07    |  13: 83.96    |  14: 94.84    |  15: 85.21    |  16: 95.81    |  17: 73.95    |  18: 76.73    |  19: 82.41   
[Batch: 2198/2400] mIoU: 74.45  |  FB-IoU: 86.68 |  0: 88.53    |  1: 87.24    |  2: 91.34    |  3: 90.86    |  4: 43.35    |  5: 83.62    |  6: 26.14    |  7: 57.73    |  8: 49.25    |  9: 92.84    |  10: 89.52    |  11: 44.88    |  12: 67.07    |  13: 83.96    |  14: 94.84    |  15: 85.21    |  16: 95.81    |  17: 73.95    |  18: 76.73    |  19: 82.41   
[Batch: 2199/2400] mIoU: 74.43  |  FB-IoU: 86.67 |  0: 88.53    |  1: 87.24    |  2: 91.34    |  3: 90.86    |  4: 43.35    |  5: 83.62    |  6: 26.14    |  7: 57.73    |  8: 49.25    |  9: 92.84    |  10: 89.52    |  11: 44.88    |  12: 67.07    |  13: 83.96    |  14: 94.84    |  15: 85.21    |  16: 95.81    |  17: 73.95    |  18: 76.73    |  19: 82.41   
[Batch: 2200/2400] mIoU: 74.43  |  FB-IoU: 86.67 |  0: 88.53    |  1: 87.24    |  2: 91.34    |  3: 90.86    |  4: 43.35    |  5: 83.62    |  6: 26.14    |  7: 57.73    |  8: 49.25    |  9: 92.84    |  10: 89.52    |  11: 44.88    |  12: 67.07    |  13: 83.96    |  14: 94.84    |  15: 85.21    |  16: 95.81    |  17: 73.95    |  18: 76.73    |  19: 82.41   
[Batch: 2201/2400] mIoU: 74.53  |  FB-IoU: 86.67 |  0: 88.53    |  1: 87.24    |  2: 91.34    |  3: 90.86    |  4: 43.35    |  5: 83.62    |  6: 26.14    |  7: 57.73    |  8: 49.25    |  9: 92.84    |  10: 89.52    |  11: 44.88    |  12: 67.07    |  13: 83.96    |  14: 94.84    |  15: 85.21    |  16: 95.81    |  17: 73.95    |  18: 76.73    |  19: 82.41   
[Batch: 2202/2400] mIoU: 74.44  |  FB-IoU: 86.58 |  0: 88.53    |  1: 87.24    |  2: 91.34    |  3: 90.86    |  4: 43.35    |  5: 83.62    |  6: 26.14    |  7: 57.73    |  8: 49.25    |  9: 92.84    |  10: 89.52    |  11: 44.88    |  12: 67.07    |  13: 83.96    |  14: 94.84    |  15: 85.21    |  16: 95.81    |  17: 73.95    |  18: 76.73    |  19: 82.41   
[Batch: 2203/2400] mIoU: 74.44  |  FB-IoU: 86.49 |  0: 88.53    |  1: 87.24    |  2: 91.34    |  3: 90.86    |  4: 43.35    |  5: 83.62    |  6: 26.14    |  7: 57.73    |  8: 49.25    |  9: 92.84    |  10: 89.52    |  11: 44.88    |  12: 67.07    |  13: 83.96    |  14: 94.84    |  15: 85.21    |  16: 95.81    |  17: 73.95    |  18: 76.73    |  19: 82.41   
[Batch: 2204/2400] mIoU: 74.47  |  FB-IoU: 86.49 |  0: 88.53    |  1: 87.24    |  2: 91.34    |  3: 90.86    |  4: 43.35    |  5: 83.62    |  6: 26.14    |  7: 57.73    |  8: 49.25    |  9: 92.84    |  10: 89.52    |  11: 44.88    |  12: 67.07    |  13: 83.96    |  14: 94.84    |  15: 85.21    |  16: 95.81    |  17: 73.95    |  18: 76.73    |  19: 82.41   
[Batch: 2205/2400] mIoU: 74.49  |  FB-IoU: 86.49 |  0: 88.53    |  1: 87.24    |  2: 91.34    |  3: 90.86    |  4: 43.35    |  5: 83.62    |  6: 26.14    |  7: 57.73    |  8: 49.25    |  9: 92.84    |  10: 89.52    |  11: 44.88    |  12: 67.07    |  13: 83.96    |  14: 94.84    |  15: 85.21    |  16: 95.81    |  17: 73.95    |  18: 76.73    |  19: 82.41   
[Batch: 2206/2400] mIoU: 74.49  |  FB-IoU: 86.49 |  0: 88.53    |  1: 87.24    |  2: 91.34    |  3: 90.86    |  4: 43.35    |  5: 83.62    |  6: 26.14    |  7: 57.73    |  8: 49.25    |  9: 92.84    |  10: 89.52    |  11: 44.88    |  12: 67.07    |  13: 83.96    |  14: 94.84    |  15: 85.21    |  16: 95.81    |  17: 73.95    |  18: 76.73    |  19: 82.41   
[Batch: 2207/2400] mIoU: 74.52  |  FB-IoU: 86.49 |  0: 88.53    |  1: 87.24    |  2: 91.34    |  3: 90.86    |  4: 43.35    |  5: 83.62    |  6: 26.14    |  7: 57.73    |  8: 49.25    |  9: 92.84    |  10: 89.52    |  11: 44.88    |  12: 67.07    |  13: 83.96    |  14: 94.84    |  15: 85.21    |  16: 95.81    |  17: 73.95    |  18: 76.73    |  19: 82.41   
[Batch: 2208/2400] mIoU: 74.52  |  FB-IoU: 86.46 |  0: 88.53    |  1: 87.24    |  2: 91.34    |  3: 90.86    |  4: 43.35    |  5: 83.62    |  6: 26.14    |  7: 57.73    |  8: 49.25    |  9: 92.84    |  10: 89.52    |  11: 44.88    |  12: 67.07    |  13: 83.96    |  14: 94.84    |  15: 85.21    |  16: 95.81    |  17: 73.95    |  18: 76.73    |  19: 82.41   
[Batch: 2209/2400] mIoU: 74.52  |  FB-IoU: 86.42 |  0: 88.53    |  1: 87.24    |  2: 91.34    |  3: 90.86    |  4: 43.35    |  5: 83.62    |  6: 26.14    |  7: 57.73    |  8: 49.25    |  9: 92.84    |  10: 89.52    |  11: 44.88    |  12: 67.07    |  13: 83.96    |  14: 94.84    |  15: 85.21    |  16: 95.81    |  17: 73.95    |  18: 76.73    |  19: 82.41   
[Batch: 2210/2400] mIoU: 74.53  |  FB-IoU: 86.41 |  0: 88.53    |  1: 87.24    |  2: 91.34    |  3: 90.86    |  4: 43.35    |  5: 83.62    |  6: 26.14    |  7: 57.73    |  8: 49.25    |  9: 92.84    |  10: 89.52    |  11: 44.88    |  12: 67.07    |  13: 83.96    |  14: 94.84    |  15: 85.21    |  16: 95.81    |  17: 73.95    |  18: 76.73    |  19: 82.41   
[Batch: 2211/2400] mIoU: 74.88  |  FB-IoU: 86.41 |  0: 88.53    |  1: 87.24    |  2: 91.34    |  3: 90.86    |  4: 43.35    |  5: 83.62    |  6: 26.14    |  7: 57.73    |  8: 49.25    |  9: 92.84    |  10: 89.52    |  11: 44.88    |  12: 67.07    |  13: 83.96    |  14: 94.84    |  15: 85.21    |  16: 95.81    |  17: 73.95    |  18: 76.73    |  19: 82.41   
[Batch: 2212/2400] mIoU: 74.90  |  FB-IoU: 86.42 |  0: 88.53    |  1: 87.24    |  2: 91.34    |  3: 90.86    |  4: 43.35    |  5: 83.62    |  6: 26.14    |  7: 57.73    |  8: 49.25    |  9: 92.84    |  10: 89.52    |  11: 44.88    |  12: 67.07    |  13: 83.96    |  14: 94.84    |  15: 85.21    |  16: 95.81    |  17: 73.95    |  18: 76.73    |  19: 82.41   
[Batch: 2213/2400] mIoU: 74.90  |  FB-IoU: 86.42 |  0: 88.53    |  1: 87.24    |  2: 91.34    |  3: 90.86    |  4: 43.35    |  5: 83.62    |  6: 26.14    |  7: 57.73    |  8: 49.25    |  9: 92.84    |  10: 89.52    |  11: 44.88    |  12: 67.07    |  13: 83.96    |  14: 94.84    |  15: 85.21    |  16: 95.81    |  17: 73.95    |  18: 76.73    |  19: 82.41   
[Batch: 2214/2400] mIoU: 74.90  |  FB-IoU: 86.42 |  0: 88.53    |  1: 87.24    |  2: 91.34    |  3: 90.86    |  4: 43.35    |  5: 83.62    |  6: 26.14    |  7: 57.73    |  8: 49.25    |  9: 92.84    |  10: 89.52    |  11: 44.88    |  12: 67.07    |  13: 83.96    |  14: 94.84    |  15: 85.21    |  16: 95.81    |  17: 73.95    |  18: 76.73    |  19: 82.41   
[Batch: 2215/2400] mIoU: 74.90  |  FB-IoU: 86.43 |  0: 88.53    |  1: 87.24    |  2: 91.34    |  3: 90.86    |  4: 43.35    |  5: 83.62    |  6: 26.14    |  7: 57.73    |  8: 49.25    |  9: 92.84    |  10: 89.52    |  11: 44.88    |  12: 67.07    |  13: 83.96    |  14: 94.84    |  15: 85.21    |  16: 95.81    |  17: 73.95    |  18: 76.73    |  19: 82.41   
[Batch: 2216/2400] mIoU: 74.90  |  FB-IoU: 86.43 |  0: 88.53    |  1: 87.24    |  2: 91.34    |  3: 90.86    |  4: 43.35    |  5: 83.62    |  6: 26.14    |  7: 57.73    |  8: 49.25    |  9: 92.84    |  10: 89.52    |  11: 44.88    |  12: 67.07    |  13: 83.96    |  14: 94.84    |  15: 85.21    |  16: 95.81    |  17: 73.95    |  18: 76.73    |  19: 82.41   
[Batch: 2217/2400] mIoU: 74.90  |  FB-IoU: 86.44 |  0: 88.53    |  1: 87.24    |  2: 91.34    |  3: 90.86    |  4: 43.35    |  5: 83.62    |  6: 26.14    |  7: 57.73    |  8: 49.25    |  9: 92.84    |  10: 89.52    |  11: 44.88    |  12: 67.07    |  13: 83.96    |  14: 94.84    |  15: 85.21    |  16: 95.81    |  17: 73.95    |  18: 76.73    |  19: 82.41   
[Batch: 2218/2400] mIoU: 74.90  |  FB-IoU: 86.44 |  0: 88.53    |  1: 87.24    |  2: 91.34    |  3: 90.86    |  4: 43.35    |  5: 83.62    |  6: 26.14    |  7: 57.73    |  8: 49.25    |  9: 92.84    |  10: 89.52    |  11: 44.88    |  12: 67.07    |  13: 83.96    |  14: 94.84    |  15: 85.21    |  16: 95.81    |  17: 73.95    |  18: 76.73    |  19: 82.41   
[Batch: 2219/2400] mIoU: 74.90  |  FB-IoU: 86.44 |  0: 88.53    |  1: 87.24    |  2: 91.34    |  3: 90.86    |  4: 43.35    |  5: 83.62    |  6: 26.14    |  7: 57.73    |  8: 49.25    |  9: 92.84    |  10: 89.52    |  11: 44.88    |  12: 67.07    |  13: 83.96    |  14: 94.84    |  15: 85.21    |  16: 95.81    |  17: 73.95    |  18: 76.73    |  19: 82.41   
[Batch: 2220/2400] mIoU: 74.89  |  FB-IoU: 86.43 |  0: 88.53    |  1: 87.24    |  2: 91.34    |  3: 90.86    |  4: 43.35    |  5: 83.62    |  6: 26.14    |  7: 57.73    |  8: 49.25    |  9: 92.84    |  10: 89.52    |  11: 44.88    |  12: 67.07    |  13: 83.96    |  14: 94.84    |  15: 85.21    |  16: 95.81    |  17: 73.95    |  18: 76.73    |  19: 82.41   
[Batch: 2221/2400] mIoU: 75.28  |  FB-IoU: 86.44 |  0: 88.53    |  1: 87.24    |  2: 91.34    |  3: 90.86    |  4: 43.35    |  5: 83.62    |  6: 26.14    |  7: 57.73    |  8: 49.25    |  9: 92.84    |  10: 89.52    |  11: 44.88    |  12: 67.07    |  13: 83.96    |  14: 94.84    |  15: 85.21    |  16: 95.81    |  17: 73.95    |  18: 76.73    |  19: 82.41   
[Batch: 2222/2400] mIoU: 75.29  |  FB-IoU: 86.44 |  0: 88.53    |  1: 87.24    |  2: 91.34    |  3: 90.86    |  4: 43.35    |  5: 83.62    |  6: 26.14    |  7: 57.73    |  8: 49.25    |  9: 92.84    |  10: 89.52    |  11: 44.88    |  12: 67.07    |  13: 83.96    |  14: 94.84    |  15: 85.21    |  16: 95.81    |  17: 73.95    |  18: 76.73    |  19: 82.41   
[Batch: 2223/2400] mIoU: 75.28  |  FB-IoU: 86.44 |  0: 88.53    |  1: 87.24    |  2: 91.34    |  3: 90.86    |  4: 43.35    |  5: 83.62    |  6: 26.14    |  7: 57.73    |  8: 49.25    |  9: 92.84    |  10: 89.52    |  11: 44.88    |  12: 67.07    |  13: 83.96    |  14: 94.84    |  15: 85.21    |  16: 95.81    |  17: 73.95    |  18: 76.73    |  19: 82.41   
[Batch: 2224/2400] mIoU: 75.28  |  FB-IoU: 86.45 |  0: 88.53    |  1: 87.24    |  2: 91.34    |  3: 90.86    |  4: 43.35    |  5: 83.62    |  6: 26.14    |  7: 57.73    |  8: 49.25    |  9: 92.84    |  10: 89.52    |  11: 44.88    |  12: 67.07    |  13: 83.96    |  14: 94.84    |  15: 85.21    |  16: 95.81    |  17: 73.95    |  18: 76.73    |  19: 82.41   
[Batch: 2225/2400] mIoU: 75.28  |  FB-IoU: 86.45 |  0: 88.53    |  1: 87.24    |  2: 91.34    |  3: 90.86    |  4: 43.35    |  5: 83.62    |  6: 26.14    |  7: 57.73    |  8: 49.25    |  9: 92.84    |  10: 89.52    |  11: 44.88    |  12: 67.07    |  13: 83.96    |  14: 94.84    |  15: 85.21    |  16: 95.81    |  17: 73.95    |  18: 76.73    |  19: 82.41   
[Batch: 2226/2400] mIoU: 75.28  |  FB-IoU: 86.46 |  0: 88.53    |  1: 87.24    |  2: 91.34    |  3: 90.86    |  4: 43.35    |  5: 83.62    |  6: 26.14    |  7: 57.73    |  8: 49.25    |  9: 92.84    |  10: 89.52    |  11: 44.88    |  12: 67.07    |  13: 83.96    |  14: 94.84    |  15: 85.21    |  16: 95.81    |  17: 73.95    |  18: 76.73    |  19: 82.41   
[Batch: 2227/2400] mIoU: 75.23  |  FB-IoU: 86.44 |  0: 88.53    |  1: 87.24    |  2: 91.34    |  3: 90.86    |  4: 43.35    |  5: 83.62    |  6: 26.14    |  7: 57.73    |  8: 49.25    |  9: 92.84    |  10: 89.52    |  11: 44.88    |  12: 67.07    |  13: 83.96    |  14: 94.84    |  15: 85.21    |  16: 95.81    |  17: 73.95    |  18: 76.73    |  19: 82.41   
[Batch: 2228/2400] mIoU: 75.12  |  FB-IoU: 86.36 |  0: 88.53    |  1: 87.24    |  2: 91.34    |  3: 90.86    |  4: 43.35    |  5: 83.62    |  6: 26.14    |  7: 57.73    |  8: 49.25    |  9: 92.84    |  10: 89.52    |  11: 44.88    |  12: 67.07    |  13: 83.96    |  14: 94.84    |  15: 85.21    |  16: 95.81    |  17: 73.95    |  18: 76.73    |  19: 82.41   
[Batch: 2229/2400] mIoU: 75.13  |  FB-IoU: 86.37 |  0: 88.53    |  1: 87.24    |  2: 91.34    |  3: 90.86    |  4: 43.35    |  5: 83.62    |  6: 26.14    |  7: 57.73    |  8: 49.25    |  9: 92.84    |  10: 89.52    |  11: 44.88    |  12: 67.07    |  13: 83.96    |  14: 94.84    |  15: 85.21    |  16: 95.81    |  17: 73.95    |  18: 76.73    |  19: 82.41   
[Batch: 2230/2400] mIoU: 75.10  |  FB-IoU: 86.32 |  0: 88.53    |  1: 87.24    |  2: 91.34    |  3: 90.86    |  4: 43.35    |  5: 83.62    |  6: 26.14    |  7: 57.73    |  8: 49.25    |  9: 92.84    |  10: 89.52    |  11: 44.88    |  12: 67.07    |  13: 83.96    |  14: 94.84    |  15: 85.21    |  16: 95.81    |  17: 73.95    |  18: 76.73    |  19: 82.41   
[Batch: 2231/2400] mIoU: 75.47  |  FB-IoU: 86.32 |  0: 88.53    |  1: 87.24    |  2: 91.34    |  3: 90.86    |  4: 43.35    |  5: 83.62    |  6: 26.14    |  7: 57.73    |  8: 49.25    |  9: 92.84    |  10: 89.52    |  11: 44.88    |  12: 67.07    |  13: 83.96    |  14: 94.84    |  15: 85.21    |  16: 95.81    |  17: 73.95    |  18: 76.73    |  19: 82.41   
[Batch: 2232/2400] mIoU: 75.47  |  FB-IoU: 86.32 |  0: 88.53    |  1: 87.24    |  2: 91.34    |  3: 90.86    |  4: 43.35    |  5: 83.62    |  6: 26.14    |  7: 57.73    |  8: 49.25    |  9: 92.84    |  10: 89.52    |  11: 44.88    |  12: 67.07    |  13: 83.96    |  14: 94.84    |  15: 85.21    |  16: 95.81    |  17: 73.95    |  18: 76.73    |  19: 82.41   
[Batch: 2233/2400] mIoU: 75.47  |  FB-IoU: 86.32 |  0: 88.53    |  1: 87.24    |  2: 91.34    |  3: 90.86    |  4: 43.35    |  5: 83.62    |  6: 26.14    |  7: 57.73    |  8: 49.25    |  9: 92.84    |  10: 89.52    |  11: 44.88    |  12: 67.07    |  13: 83.96    |  14: 94.84    |  15: 85.21    |  16: 95.81    |  17: 73.95    |  18: 76.73    |  19: 82.41   
[Batch: 2234/2400] mIoU: 75.48  |  FB-IoU: 86.33 |  0: 88.53    |  1: 87.24    |  2: 91.34    |  3: 90.86    |  4: 43.35    |  5: 83.62    |  6: 26.14    |  7: 57.73    |  8: 49.25    |  9: 92.84    |  10: 89.52    |  11: 44.88    |  12: 67.07    |  13: 83.96    |  14: 94.84    |  15: 85.21    |  16: 95.81    |  17: 73.95    |  18: 76.73    |  19: 82.41   
[Batch: 2235/2400] mIoU: 75.48  |  FB-IoU: 86.33 |  0: 88.53    |  1: 87.24    |  2: 91.34    |  3: 90.86    |  4: 43.35    |  5: 83.62    |  6: 26.14    |  7: 57.73    |  8: 49.25    |  9: 92.84    |  10: 89.52    |  11: 44.88    |  12: 67.07    |  13: 83.96    |  14: 94.84    |  15: 85.21    |  16: 95.81    |  17: 73.95    |  18: 76.73    |  19: 82.41   
[Batch: 2236/2400] mIoU: 75.48  |  FB-IoU: 86.34 |  0: 88.53    |  1: 87.24    |  2: 91.34    |  3: 90.86    |  4: 43.35    |  5: 83.62    |  6: 26.14    |  7: 57.73    |  8: 49.25    |  9: 92.84    |  10: 89.52    |  11: 44.88    |  12: 67.07    |  13: 83.96    |  14: 94.84    |  15: 85.21    |  16: 95.81    |  17: 73.95    |  18: 76.73    |  19: 82.41   
[Batch: 2237/2400] mIoU: 75.48  |  FB-IoU: 86.34 |  0: 88.53    |  1: 87.24    |  2: 91.34    |  3: 90.86    |  4: 43.35    |  5: 83.62    |  6: 26.14    |  7: 57.73    |  8: 49.25    |  9: 92.84    |  10: 89.52    |  11: 44.88    |  12: 67.07    |  13: 83.96    |  14: 94.84    |  15: 85.21    |  16: 95.81    |  17: 73.95    |  18: 76.73    |  19: 82.41   
[Batch: 2238/2400] mIoU: 75.47  |  FB-IoU: 86.34 |  0: 88.53    |  1: 87.24    |  2: 91.34    |  3: 90.86    |  4: 43.35    |  5: 83.62    |  6: 26.14    |  7: 57.73    |  8: 49.25    |  9: 92.84    |  10: 89.52    |  11: 44.88    |  12: 67.07    |  13: 83.96    |  14: 94.84    |  15: 85.21    |  16: 95.81    |  17: 73.95    |  18: 76.73    |  19: 82.41   
[Batch: 2239/2400] mIoU: 75.47  |  FB-IoU: 86.35 |  0: 88.53    |  1: 87.24    |  2: 91.34    |  3: 90.86    |  4: 43.35    |  5: 83.62    |  6: 26.14    |  7: 57.73    |  8: 49.25    |  9: 92.84    |  10: 89.52    |  11: 44.88    |  12: 67.07    |  13: 83.96    |  14: 94.84    |  15: 85.21    |  16: 95.81    |  17: 73.95    |  18: 76.73    |  19: 82.41   
[Batch: 2240/2400] mIoU: 75.47  |  FB-IoU: 86.35 |  0: 88.53    |  1: 87.24    |  2: 91.34    |  3: 90.86    |  4: 43.35    |  5: 83.62    |  6: 26.14    |  7: 57.73    |  8: 49.25    |  9: 92.84    |  10: 89.52    |  11: 44.88    |  12: 67.07    |  13: 83.96    |  14: 94.84    |  15: 85.21    |  16: 95.81    |  17: 73.95    |  18: 76.73    |  19: 82.41   
[Batch: 2241/2400] mIoU: 75.88  |  FB-IoU: 86.36 |  0: 88.53    |  1: 87.24    |  2: 91.34    |  3: 90.86    |  4: 43.35    |  5: 83.62    |  6: 26.14    |  7: 57.73    |  8: 49.25    |  9: 92.84    |  10: 89.52    |  11: 44.88    |  12: 67.07    |  13: 83.96    |  14: 94.84    |  15: 85.21    |  16: 95.81    |  17: 73.95    |  18: 76.73    |  19: 82.41   
[Batch: 2242/2400] mIoU: 75.88  |  FB-IoU: 86.37 |  0: 88.53    |  1: 87.24    |  2: 91.34    |  3: 90.86    |  4: 43.35    |  5: 83.62    |  6: 26.14    |  7: 57.73    |  8: 49.25    |  9: 92.84    |  10: 89.52    |  11: 44.88    |  12: 67.07    |  13: 83.96    |  14: 94.84    |  15: 85.21    |  16: 95.81    |  17: 73.95    |  18: 76.73    |  19: 82.41   
[Batch: 2243/2400] mIoU: 75.89  |  FB-IoU: 86.37 |  0: 88.53    |  1: 87.24    |  2: 91.34    |  3: 90.86    |  4: 43.35    |  5: 83.62    |  6: 26.14    |  7: 57.73    |  8: 49.25    |  9: 92.84    |  10: 89.52    |  11: 44.88    |  12: 67.07    |  13: 83.96    |  14: 94.84    |  15: 85.21    |  16: 95.81    |  17: 73.95    |  18: 76.73    |  19: 82.41   
[Batch: 2244/2400] mIoU: 75.88  |  FB-IoU: 86.38 |  0: 88.53    |  1: 87.24    |  2: 91.34    |  3: 90.86    |  4: 43.35    |  5: 83.62    |  6: 26.14    |  7: 57.73    |  8: 49.25    |  9: 92.84    |  10: 89.52    |  11: 44.88    |  12: 67.07    |  13: 83.96    |  14: 94.84    |  15: 85.21    |  16: 95.81    |  17: 73.95    |  18: 76.73    |  19: 82.41   
[Batch: 2245/2400] mIoU: 75.88  |  FB-IoU: 86.38 |  0: 88.53    |  1: 87.24    |  2: 91.34    |  3: 90.86    |  4: 43.35    |  5: 83.62    |  6: 26.14    |  7: 57.73    |  8: 49.25    |  9: 92.84    |  10: 89.52    |  11: 44.88    |  12: 67.07    |  13: 83.96    |  14: 94.84    |  15: 85.21    |  16: 95.81    |  17: 73.95    |  18: 76.73    |  19: 82.41   
[Batch: 2246/2400] mIoU: 75.88  |  FB-IoU: 86.39 |  0: 88.53    |  1: 87.24    |  2: 91.34    |  3: 90.86    |  4: 43.35    |  5: 83.62    |  6: 26.14    |  7: 57.73    |  8: 49.25    |  9: 92.84    |  10: 89.52    |  11: 44.88    |  12: 67.07    |  13: 83.96    |  14: 94.84    |  15: 85.21    |  16: 95.81    |  17: 73.95    |  18: 76.73    |  19: 82.41   
[Batch: 2247/2400] mIoU: 75.88  |  FB-IoU: 86.40 |  0: 88.53    |  1: 87.24    |  2: 91.34    |  3: 90.86    |  4: 43.35    |  5: 83.62    |  6: 26.14    |  7: 57.73    |  8: 49.25    |  9: 92.84    |  10: 89.52    |  11: 44.88    |  12: 67.07    |  13: 83.96    |  14: 94.84    |  15: 85.21    |  16: 95.81    |  17: 73.95    |  18: 76.73    |  19: 82.41   
[Batch: 2248/2400] mIoU: 75.88  |  FB-IoU: 86.40 |  0: 88.53    |  1: 87.24    |  2: 91.34    |  3: 90.86    |  4: 43.35    |  5: 83.62    |  6: 26.14    |  7: 57.73    |  8: 49.25    |  9: 92.84    |  10: 89.52    |  11: 44.88    |  12: 67.07    |  13: 83.96    |  14: 94.84    |  15: 85.21    |  16: 95.81    |  17: 73.95    |  18: 76.73    |  19: 82.41   
[Batch: 2249/2400] mIoU: 75.88  |  FB-IoU: 86.41 |  0: 88.53    |  1: 87.24    |  2: 91.34    |  3: 90.86    |  4: 43.35    |  5: 83.62    |  6: 26.14    |  7: 57.73    |  8: 49.25    |  9: 92.84    |  10: 89.52    |  11: 44.88    |  12: 67.07    |  13: 83.96    |  14: 94.84    |  15: 85.21    |  16: 95.81    |  17: 73.95    |  18: 76.73    |  19: 82.41   
[Batch: 2250/2400] mIoU: 75.88  |  FB-IoU: 86.41 |  0: 88.53    |  1: 87.24    |  2: 91.34    |  3: 90.86    |  4: 43.35    |  5: 83.62    |  6: 26.14    |  7: 57.73    |  8: 49.25    |  9: 92.84    |  10: 89.52    |  11: 44.88    |  12: 67.07    |  13: 83.96    |  14: 94.84    |  15: 85.21    |  16: 95.81    |  17: 73.95    |  18: 76.73    |  19: 82.41   
[Batch: 2251/2400] mIoU: 76.26  |  FB-IoU: 86.41 |  0: 88.53    |  1: 87.24    |  2: 91.34    |  3: 90.86    |  4: 43.35    |  5: 83.62    |  6: 26.14    |  7: 57.73    |  8: 49.25    |  9: 92.84    |  10: 89.52    |  11: 44.88    |  12: 67.07    |  13: 83.96    |  14: 94.84    |  15: 85.21    |  16: 95.81    |  17: 73.95    |  18: 76.73    |  19: 82.41   
[Batch: 2252/2400] mIoU: 76.25  |  FB-IoU: 86.42 |  0: 88.53    |  1: 87.24    |  2: 91.34    |  3: 90.86    |  4: 43.35    |  5: 83.62    |  6: 26.14    |  7: 57.73    |  8: 49.25    |  9: 92.84    |  10: 89.52    |  11: 44.88    |  12: 67.07    |  13: 83.96    |  14: 94.84    |  15: 85.21    |  16: 95.81    |  17: 73.95    |  18: 76.73    |  19: 82.41   
[Batch: 2253/2400] mIoU: 76.26  |  FB-IoU: 86.42 |  0: 88.53    |  1: 87.24    |  2: 91.34    |  3: 90.86    |  4: 43.35    |  5: 83.62    |  6: 26.14    |  7: 57.73    |  8: 49.25    |  9: 92.84    |  10: 89.52    |  11: 44.88    |  12: 67.07    |  13: 83.96    |  14: 94.84    |  15: 85.21    |  16: 95.81    |  17: 73.95    |  18: 76.73    |  19: 82.41   
[Batch: 2254/2400] mIoU: 76.25  |  FB-IoU: 86.42 |  0: 88.53    |  1: 87.24    |  2: 91.34    |  3: 90.86    |  4: 43.35    |  5: 83.62    |  6: 26.14    |  7: 57.73    |  8: 49.25    |  9: 92.84    |  10: 89.52    |  11: 44.88    |  12: 67.07    |  13: 83.96    |  14: 94.84    |  15: 85.21    |  16: 95.81    |  17: 73.95    |  18: 76.73    |  19: 82.41   
[Batch: 2255/2400] mIoU: 76.26  |  FB-IoU: 86.42 |  0: 88.53    |  1: 87.24    |  2: 91.34    |  3: 90.86    |  4: 43.35    |  5: 83.62    |  6: 26.14    |  7: 57.73    |  8: 49.25    |  9: 92.84    |  10: 89.52    |  11: 44.88    |  12: 67.07    |  13: 83.96    |  14: 94.84    |  15: 85.21    |  16: 95.81    |  17: 73.95    |  18: 76.73    |  19: 82.41   
[Batch: 2256/2400] mIoU: 76.26  |  FB-IoU: 86.43 |  0: 88.53    |  1: 87.24    |  2: 91.34    |  3: 90.86    |  4: 43.35    |  5: 83.62    |  6: 26.14    |  7: 57.73    |  8: 49.25    |  9: 92.84    |  10: 89.52    |  11: 44.88    |  12: 67.07    |  13: 83.96    |  14: 94.84    |  15: 85.21    |  16: 95.81    |  17: 73.95    |  18: 76.73    |  19: 82.41   
[Batch: 2257/2400] mIoU: 76.26  |  FB-IoU: 86.43 |  0: 88.53    |  1: 87.24    |  2: 91.34    |  3: 90.86    |  4: 43.35    |  5: 83.62    |  6: 26.14    |  7: 57.73    |  8: 49.25    |  9: 92.84    |  10: 89.52    |  11: 44.88    |  12: 67.07    |  13: 83.96    |  14: 94.84    |  15: 85.21    |  16: 95.81    |  17: 73.95    |  18: 76.73    |  19: 82.41   
[Batch: 2258/2400] mIoU: 76.25  |  FB-IoU: 86.43 |  0: 88.53    |  1: 87.24    |  2: 91.34    |  3: 90.86    |  4: 43.35    |  5: 83.62    |  6: 26.14    |  7: 57.73    |  8: 49.25    |  9: 92.84    |  10: 89.52    |  11: 44.88    |  12: 67.07    |  13: 83.96    |  14: 94.84    |  15: 85.21    |  16: 95.81    |  17: 73.95    |  18: 76.73    |  19: 82.41   
[Batch: 2259/2400] mIoU: 76.25  |  FB-IoU: 86.43 |  0: 88.53    |  1: 87.24    |  2: 91.34    |  3: 90.86    |  4: 43.35    |  5: 83.62    |  6: 26.14    |  7: 57.73    |  8: 49.25    |  9: 92.84    |  10: 89.52    |  11: 44.88    |  12: 67.07    |  13: 83.96    |  14: 94.84    |  15: 85.21    |  16: 95.81    |  17: 73.95    |  18: 76.73    |  19: 82.41   
[Batch: 2260/2400] mIoU: 76.25  |  FB-IoU: 86.43 |  0: 88.53    |  1: 87.24    |  2: 91.34    |  3: 90.86    |  4: 43.35    |  5: 83.62    |  6: 26.14    |  7: 57.73    |  8: 49.25    |  9: 92.84    |  10: 89.52    |  11: 44.88    |  12: 67.07    |  13: 83.96    |  14: 94.84    |  15: 85.21    |  16: 95.81    |  17: 73.95    |  18: 76.73    |  19: 82.41   
[Batch: 2261/2400] mIoU: 76.65  |  FB-IoU: 86.44 |  0: 88.53    |  1: 87.24    |  2: 91.34    |  3: 90.86    |  4: 43.35    |  5: 83.62    |  6: 26.14    |  7: 57.73    |  8: 49.25    |  9: 92.84    |  10: 89.52    |  11: 44.88    |  12: 67.07    |  13: 83.96    |  14: 94.84    |  15: 85.21    |  16: 95.81    |  17: 73.95    |  18: 76.73    |  19: 82.41   
[Batch: 2262/2400] mIoU: 76.65  |  FB-IoU: 86.44 |  0: 88.53    |  1: 87.24    |  2: 91.34    |  3: 90.86    |  4: 43.35    |  5: 83.62    |  6: 26.14    |  7: 57.73    |  8: 49.25    |  9: 92.84    |  10: 89.52    |  11: 44.88    |  12: 67.07    |  13: 83.96    |  14: 94.84    |  15: 85.21    |  16: 95.81    |  17: 73.95    |  18: 76.73    |  19: 82.41   
[Batch: 2263/2400] mIoU: 76.65  |  FB-IoU: 86.45 |  0: 88.53    |  1: 87.24    |  2: 91.34    |  3: 90.86    |  4: 43.35    |  5: 83.62    |  6: 26.14    |  7: 57.73    |  8: 49.25    |  9: 92.84    |  10: 89.52    |  11: 44.88    |  12: 67.07    |  13: 83.96    |  14: 94.84    |  15: 85.21    |  16: 95.81    |  17: 73.95    |  18: 76.73    |  19: 82.41   
[Batch: 2264/2400] mIoU: 76.64  |  FB-IoU: 86.45 |  0: 88.53    |  1: 87.24    |  2: 91.34    |  3: 90.86    |  4: 43.35    |  5: 83.62    |  6: 26.14    |  7: 57.73    |  8: 49.25    |  9: 92.84    |  10: 89.52    |  11: 44.88    |  12: 67.07    |  13: 83.96    |  14: 94.84    |  15: 85.21    |  16: 95.81    |  17: 73.95    |  18: 76.73    |  19: 82.41   
[Batch: 2265/2400] mIoU: 76.60  |  FB-IoU: 86.44 |  0: 88.53    |  1: 87.24    |  2: 91.34    |  3: 90.86    |  4: 43.35    |  5: 83.62    |  6: 26.14    |  7: 57.73    |  8: 49.25    |  9: 92.84    |  10: 89.52    |  11: 44.88    |  12: 67.07    |  13: 83.96    |  14: 94.84    |  15: 85.21    |  16: 95.81    |  17: 73.95    |  18: 76.73    |  19: 82.41   
[Batch: 2266/2400] mIoU: 76.61  |  FB-IoU: 86.44 |  0: 88.53    |  1: 87.24    |  2: 91.34    |  3: 90.86    |  4: 43.35    |  5: 83.62    |  6: 26.14    |  7: 57.73    |  8: 49.25    |  9: 92.84    |  10: 89.52    |  11: 44.88    |  12: 67.07    |  13: 83.96    |  14: 94.84    |  15: 85.21    |  16: 95.81    |  17: 73.95    |  18: 76.73    |  19: 82.41   
[Batch: 2267/2400] mIoU: 76.61  |  FB-IoU: 86.45 |  0: 88.53    |  1: 87.24    |  2: 91.34    |  3: 90.86    |  4: 43.35    |  5: 83.62    |  6: 26.14    |  7: 57.73    |  8: 49.25    |  9: 92.84    |  10: 89.52    |  11: 44.88    |  12: 67.07    |  13: 83.96    |  14: 94.84    |  15: 85.21    |  16: 95.81    |  17: 73.95    |  18: 76.73    |  19: 82.41   
[Batch: 2268/2400] mIoU: 76.61  |  FB-IoU: 86.45 |  0: 88.53    |  1: 87.24    |  2: 91.34    |  3: 90.86    |  4: 43.35    |  5: 83.62    |  6: 26.14    |  7: 57.73    |  8: 49.25    |  9: 92.84    |  10: 89.52    |  11: 44.88    |  12: 67.07    |  13: 83.96    |  14: 94.84    |  15: 85.21    |  16: 95.81    |  17: 73.95    |  18: 76.73    |  19: 82.41   
[Batch: 2269/2400] mIoU: 76.61  |  FB-IoU: 86.45 |  0: 88.53    |  1: 87.24    |  2: 91.34    |  3: 90.86    |  4: 43.35    |  5: 83.62    |  6: 26.14    |  7: 57.73    |  8: 49.25    |  9: 92.84    |  10: 89.52    |  11: 44.88    |  12: 67.07    |  13: 83.96    |  14: 94.84    |  15: 85.21    |  16: 95.81    |  17: 73.95    |  18: 76.73    |  19: 82.41   
[Batch: 2270/2400] mIoU: 76.62  |  FB-IoU: 86.46 |  0: 88.53    |  1: 87.24    |  2: 91.34    |  3: 90.86    |  4: 43.35    |  5: 83.62    |  6: 26.14    |  7: 57.73    |  8: 49.25    |  9: 92.84    |  10: 89.52    |  11: 44.88    |  12: 67.07    |  13: 83.96    |  14: 94.84    |  15: 85.21    |  16: 95.81    |  17: 73.95    |  18: 76.73    |  19: 82.41   
[Batch: 2271/2400] mIoU: 77.02  |  FB-IoU: 86.46 |  0: 88.53    |  1: 87.24    |  2: 91.34    |  3: 90.86    |  4: 43.35    |  5: 83.62    |  6: 26.14    |  7: 57.73    |  8: 49.25    |  9: 92.84    |  10: 89.52    |  11: 44.88    |  12: 67.07    |  13: 83.96    |  14: 94.84    |  15: 85.21    |  16: 95.81    |  17: 73.95    |  18: 76.73    |  19: 82.41   
[Batch: 2272/2400] mIoU: 76.96  |  FB-IoU: 86.46 |  0: 88.53    |  1: 87.24    |  2: 91.34    |  3: 90.86    |  4: 43.35    |  5: 83.62    |  6: 26.14    |  7: 57.73    |  8: 49.25    |  9: 92.84    |  10: 89.52    |  11: 44.88    |  12: 67.07    |  13: 83.96    |  14: 94.84    |  15: 85.21    |  16: 95.81    |  17: 73.95    |  18: 76.73    |  19: 82.41   
[Batch: 2273/2400] mIoU: 76.93  |  FB-IoU: 86.45 |  0: 88.53    |  1: 87.24    |  2: 91.34    |  3: 90.86    |  4: 43.35    |  5: 83.62    |  6: 26.14    |  7: 57.73    |  8: 49.25    |  9: 92.84    |  10: 89.52    |  11: 44.88    |  12: 67.07    |  13: 83.96    |  14: 94.84    |  15: 85.21    |  16: 95.81    |  17: 73.95    |  18: 76.73    |  19: 82.41   
[Batch: 2274/2400] mIoU: 76.96  |  FB-IoU: 86.46 |  0: 88.53    |  1: 87.24    |  2: 91.34    |  3: 90.86    |  4: 43.35    |  5: 83.62    |  6: 26.14    |  7: 57.73    |  8: 49.25    |  9: 92.84    |  10: 89.52    |  11: 44.88    |  12: 67.07    |  13: 83.96    |  14: 94.84    |  15: 85.21    |  16: 95.81    |  17: 73.95    |  18: 76.73    |  19: 82.41   
[Batch: 2275/2400] mIoU: 76.83  |  FB-IoU: 86.37 |  0: 88.53    |  1: 87.24    |  2: 91.34    |  3: 90.86    |  4: 43.35    |  5: 83.62    |  6: 26.14    |  7: 57.73    |  8: 49.25    |  9: 92.84    |  10: 89.52    |  11: 44.88    |  12: 67.07    |  13: 83.96    |  14: 94.84    |  15: 85.21    |  16: 95.81    |  17: 73.95    |  18: 76.73    |  19: 82.41   
[Batch: 2276/2400] mIoU: 76.86  |  FB-IoU: 86.38 |  0: 88.53    |  1: 87.24    |  2: 91.34    |  3: 90.86    |  4: 43.35    |  5: 83.62    |  6: 26.14    |  7: 57.73    |  8: 49.25    |  9: 92.84    |  10: 89.52    |  11: 44.88    |  12: 67.07    |  13: 83.96    |  14: 94.84    |  15: 85.21    |  16: 95.81    |  17: 73.95    |  18: 76.73    |  19: 82.41   
[Batch: 2277/2400] mIoU: 76.88  |  FB-IoU: 86.39 |  0: 88.53    |  1: 87.24    |  2: 91.34    |  3: 90.86    |  4: 43.35    |  5: 83.62    |  6: 26.14    |  7: 57.73    |  8: 49.25    |  9: 92.84    |  10: 89.52    |  11: 44.88    |  12: 67.07    |  13: 83.96    |  14: 94.84    |  15: 85.21    |  16: 95.81    |  17: 73.95    |  18: 76.73    |  19: 82.41   
[Batch: 2278/2400] mIoU: 76.89  |  FB-IoU: 86.39 |  0: 88.53    |  1: 87.24    |  2: 91.34    |  3: 90.86    |  4: 43.35    |  5: 83.62    |  6: 26.14    |  7: 57.73    |  8: 49.25    |  9: 92.84    |  10: 89.52    |  11: 44.88    |  12: 67.07    |  13: 83.96    |  14: 94.84    |  15: 85.21    |  16: 95.81    |  17: 73.95    |  18: 76.73    |  19: 82.41   
[Batch: 2279/2400] mIoU: 76.90  |  FB-IoU: 86.40 |  0: 88.53    |  1: 87.24    |  2: 91.34    |  3: 90.86    |  4: 43.35    |  5: 83.62    |  6: 26.14    |  7: 57.73    |  8: 49.25    |  9: 92.84    |  10: 89.52    |  11: 44.88    |  12: 67.07    |  13: 83.96    |  14: 94.84    |  15: 85.21    |  16: 95.81    |  17: 73.95    |  18: 76.73    |  19: 82.41   
[Batch: 2280/2400] mIoU: 76.91  |  FB-IoU: 86.40 |  0: 88.53    |  1: 87.24    |  2: 91.34    |  3: 90.86    |  4: 43.35    |  5: 83.62    |  6: 26.14    |  7: 57.73    |  8: 49.25    |  9: 92.84    |  10: 89.52    |  11: 44.88    |  12: 67.07    |  13: 83.96    |  14: 94.84    |  15: 85.21    |  16: 95.81    |  17: 73.95    |  18: 76.73    |  19: 82.41   
[Batch: 2281/2400] mIoU: 77.30  |  FB-IoU: 86.40 |  0: 88.53    |  1: 87.24    |  2: 91.34    |  3: 90.86    |  4: 43.35    |  5: 83.62    |  6: 26.14    |  7: 57.73    |  8: 49.25    |  9: 92.84    |  10: 89.52    |  11: 44.88    |  12: 67.07    |  13: 83.96    |  14: 94.84    |  15: 85.21    |  16: 95.81    |  17: 73.95    |  18: 76.73    |  19: 82.41   
[Batch: 2282/2400] mIoU: 77.31  |  FB-IoU: 86.41 |  0: 88.53    |  1: 87.24    |  2: 91.34    |  3: 90.86    |  4: 43.35    |  5: 83.62    |  6: 26.14    |  7: 57.73    |  8: 49.25    |  9: 92.84    |  10: 89.52    |  11: 44.88    |  12: 67.07    |  13: 83.96    |  14: 94.84    |  15: 85.21    |  16: 95.81    |  17: 73.95    |  18: 76.73    |  19: 82.41   
[Batch: 2283/2400] mIoU: 77.31  |  FB-IoU: 86.41 |  0: 88.53    |  1: 87.24    |  2: 91.34    |  3: 90.86    |  4: 43.35    |  5: 83.62    |  6: 26.14    |  7: 57.73    |  8: 49.25    |  9: 92.84    |  10: 89.52    |  11: 44.88    |  12: 67.07    |  13: 83.96    |  14: 94.84    |  15: 85.21    |  16: 95.81    |  17: 73.95    |  18: 76.73    |  19: 82.41   
[Batch: 2284/2400] mIoU: 77.31  |  FB-IoU: 86.42 |  0: 88.53    |  1: 87.24    |  2: 91.34    |  3: 90.86    |  4: 43.35    |  5: 83.62    |  6: 26.14    |  7: 57.73    |  8: 49.25    |  9: 92.84    |  10: 89.52    |  11: 44.88    |  12: 67.07    |  13: 83.96    |  14: 94.84    |  15: 85.21    |  16: 95.81    |  17: 73.95    |  18: 76.73    |  19: 82.41   
[Batch: 2285/2400] mIoU: 77.31  |  FB-IoU: 86.42 |  0: 88.53    |  1: 87.24    |  2: 91.34    |  3: 90.86    |  4: 43.35    |  5: 83.62    |  6: 26.14    |  7: 57.73    |  8: 49.25    |  9: 92.84    |  10: 89.52    |  11: 44.88    |  12: 67.07    |  13: 83.96    |  14: 94.84    |  15: 85.21    |  16: 95.81    |  17: 73.95    |  18: 76.73    |  19: 82.41   
[Batch: 2286/2400] mIoU: 77.31  |  FB-IoU: 86.42 |  0: 88.53    |  1: 87.24    |  2: 91.34    |  3: 90.86    |  4: 43.35    |  5: 83.62    |  6: 26.14    |  7: 57.73    |  8: 49.25    |  9: 92.84    |  10: 89.52    |  11: 44.88    |  12: 67.07    |  13: 83.96    |  14: 94.84    |  15: 85.21    |  16: 95.81    |  17: 73.95    |  18: 76.73    |  19: 82.41   
[Batch: 2287/2400] mIoU: 77.30  |  FB-IoU: 86.43 |  0: 88.53    |  1: 87.24    |  2: 91.34    |  3: 90.86    |  4: 43.35    |  5: 83.62    |  6: 26.14    |  7: 57.73    |  8: 49.25    |  9: 92.84    |  10: 89.52    |  11: 44.88    |  12: 67.07    |  13: 83.96    |  14: 94.84    |  15: 85.21    |  16: 95.81    |  17: 73.95    |  18: 76.73    |  19: 82.41   
[Batch: 2288/2400] mIoU: 77.31  |  FB-IoU: 86.43 |  0: 88.53    |  1: 87.24    |  2: 91.34    |  3: 90.86    |  4: 43.35    |  5: 83.62    |  6: 26.14    |  7: 57.73    |  8: 49.25    |  9: 92.84    |  10: 89.52    |  11: 44.88    |  12: 67.07    |  13: 83.96    |  14: 94.84    |  15: 85.21    |  16: 95.81    |  17: 73.95    |  18: 76.73    |  19: 82.41   
[Batch: 2289/2400] mIoU: 77.31  |  FB-IoU: 86.43 |  0: 88.53    |  1: 87.24    |  2: 91.34    |  3: 90.86    |  4: 43.35    |  5: 83.62    |  6: 26.14    |  7: 57.73    |  8: 49.25    |  9: 92.84    |  10: 89.52    |  11: 44.88    |  12: 67.07    |  13: 83.96    |  14: 94.84    |  15: 85.21    |  16: 95.81    |  17: 73.95    |  18: 76.73    |  19: 82.41   
[Batch: 2290/2400] mIoU: 77.31  |  FB-IoU: 86.44 |  0: 88.53    |  1: 87.24    |  2: 91.34    |  3: 90.86    |  4: 43.35    |  5: 83.62    |  6: 26.14    |  7: 57.73    |  8: 49.25    |  9: 92.84    |  10: 89.52    |  11: 44.88    |  12: 67.07    |  13: 83.96    |  14: 94.84    |  15: 85.21    |  16: 95.81    |  17: 73.95    |  18: 76.73    |  19: 82.41   
[Batch: 2291/2400] mIoU: 77.36  |  FB-IoU: 86.37 |  0: 88.53    |  1: 87.24    |  2: 91.34    |  3: 90.86    |  4: 43.35    |  5: 83.62    |  6: 26.14    |  7: 57.73    |  8: 49.25    |  9: 92.84    |  10: 89.52    |  11: 44.88    |  12: 67.07    |  13: 83.96    |  14: 94.84    |  15: 85.21    |  16: 95.81    |  17: 73.95    |  18: 76.73    |  19: 82.41   
[Batch: 2292/2400] mIoU: 77.41  |  FB-IoU: 86.37 |  0: 88.53    |  1: 87.24    |  2: 91.34    |  3: 90.86    |  4: 43.35    |  5: 83.62    |  6: 26.14    |  7: 57.73    |  8: 49.25    |  9: 92.84    |  10: 89.52    |  11: 44.88    |  12: 67.07    |  13: 83.96    |  14: 94.84    |  15: 85.21    |  16: 95.81    |  17: 73.95    |  18: 76.73    |  19: 82.41   
[Batch: 2293/2400] mIoU: 77.43  |  FB-IoU: 86.37 |  0: 88.53    |  1: 87.24    |  2: 91.34    |  3: 90.86    |  4: 43.35    |  5: 83.62    |  6: 26.14    |  7: 57.73    |  8: 49.25    |  9: 92.84    |  10: 89.52    |  11: 44.88    |  12: 67.07    |  13: 83.96    |  14: 94.84    |  15: 85.21    |  16: 95.81    |  17: 73.95    |  18: 76.73    |  19: 82.41   
[Batch: 2294/2400] mIoU: 77.45  |  FB-IoU: 86.36 |  0: 88.53    |  1: 87.24    |  2: 91.34    |  3: 90.86    |  4: 43.35    |  5: 83.62    |  6: 26.14    |  7: 57.73    |  8: 49.25    |  9: 92.84    |  10: 89.52    |  11: 44.88    |  12: 67.07    |  13: 83.96    |  14: 94.84    |  15: 85.21    |  16: 95.81    |  17: 73.95    |  18: 76.73    |  19: 82.41   
[Batch: 2295/2400] mIoU: 77.47  |  FB-IoU: 86.36 |  0: 88.53    |  1: 87.24    |  2: 91.34    |  3: 90.86    |  4: 43.35    |  5: 83.62    |  6: 26.14    |  7: 57.73    |  8: 49.25    |  9: 92.84    |  10: 89.52    |  11: 44.88    |  12: 67.07    |  13: 83.96    |  14: 94.84    |  15: 85.21    |  16: 95.81    |  17: 73.95    |  18: 76.73    |  19: 82.41   
[Batch: 2296/2400] mIoU: 77.49  |  FB-IoU: 86.37 |  0: 88.53    |  1: 87.24    |  2: 91.34    |  3: 90.86    |  4: 43.35    |  5: 83.62    |  6: 26.14    |  7: 57.73    |  8: 49.25    |  9: 92.84    |  10: 89.52    |  11: 44.88    |  12: 67.07    |  13: 83.96    |  14: 94.84    |  15: 85.21    |  16: 95.81    |  17: 73.95    |  18: 76.73    |  19: 82.41   
[Batch: 2297/2400] mIoU: 77.49  |  FB-IoU: 86.36 |  0: 88.53    |  1: 87.24    |  2: 91.34    |  3: 90.86    |  4: 43.35    |  5: 83.62    |  6: 26.14    |  7: 57.73    |  8: 49.25    |  9: 92.84    |  10: 89.52    |  11: 44.88    |  12: 67.07    |  13: 83.96    |  14: 94.84    |  15: 85.21    |  16: 95.81    |  17: 73.95    |  18: 76.73    |  19: 82.41   
[Batch: 2298/2400] mIoU: 77.50  |  FB-IoU: 86.37 |  0: 88.53    |  1: 87.24    |  2: 91.34    |  3: 90.86    |  4: 43.35    |  5: 83.62    |  6: 26.14    |  7: 57.73    |  8: 49.25    |  9: 92.84    |  10: 89.52    |  11: 44.88    |  12: 67.07    |  13: 83.96    |  14: 94.84    |  15: 85.21    |  16: 95.81    |  17: 73.95    |  18: 76.73    |  19: 82.41   
[Batch: 2299/2400] mIoU: 77.51  |  FB-IoU: 86.36 |  0: 88.53    |  1: 87.24    |  2: 91.34    |  3: 90.86    |  4: 43.35    |  5: 83.62    |  6: 26.14    |  7: 57.73    |  8: 49.25    |  9: 92.84    |  10: 89.52    |  11: 44.88    |  12: 67.07    |  13: 83.96    |  14: 94.84    |  15: 85.21    |  16: 95.81    |  17: 73.95    |  18: 76.73    |  19: 82.41   
[Batch: 2300/2400] mIoU: 77.51  |  FB-IoU: 86.36 |  0: 88.53    |  1: 87.24    |  2: 91.34    |  3: 90.86    |  4: 43.35    |  5: 83.62    |  6: 26.14    |  7: 57.73    |  8: 49.25    |  9: 92.84    |  10: 89.52    |  11: 44.88    |  12: 67.07    |  13: 83.96    |  14: 94.84    |  15: 85.21    |  16: 95.81    |  17: 73.95    |  18: 76.73    |  19: 82.41   
[Batch: 2301/2400] mIoU: 77.91  |  FB-IoU: 86.36 |  0: 88.53    |  1: 87.24    |  2: 91.34    |  3: 90.86    |  4: 43.35    |  5: 83.62    |  6: 26.14    |  7: 57.73    |  8: 49.25    |  9: 92.84    |  10: 89.52    |  11: 44.88    |  12: 67.07    |  13: 83.96    |  14: 94.84    |  15: 85.21    |  16: 95.81    |  17: 73.95    |  18: 76.73    |  19: 82.41   
[Batch: 2302/2400] mIoU: 77.91  |  FB-IoU: 86.37 |  0: 88.53    |  1: 87.24    |  2: 91.34    |  3: 90.86    |  4: 43.35    |  5: 83.62    |  6: 26.14    |  7: 57.73    |  8: 49.25    |  9: 92.84    |  10: 89.52    |  11: 44.88    |  12: 67.07    |  13: 83.96    |  14: 94.84    |  15: 85.21    |  16: 95.81    |  17: 73.95    |  18: 76.73    |  19: 82.41   
[Batch: 2303/2400] mIoU: 77.91  |  FB-IoU: 86.37 |  0: 88.53    |  1: 87.24    |  2: 91.34    |  3: 90.86    |  4: 43.35    |  5: 83.62    |  6: 26.14    |  7: 57.73    |  8: 49.25    |  9: 92.84    |  10: 89.52    |  11: 44.88    |  12: 67.07    |  13: 83.96    |  14: 94.84    |  15: 85.21    |  16: 95.81    |  17: 73.95    |  18: 76.73    |  19: 82.41   
[Batch: 2304/2400] mIoU: 77.91  |  FB-IoU: 86.38 |  0: 88.53    |  1: 87.24    |  2: 91.34    |  3: 90.86    |  4: 43.35    |  5: 83.62    |  6: 26.14    |  7: 57.73    |  8: 49.25    |  9: 92.84    |  10: 89.52    |  11: 44.88    |  12: 67.07    |  13: 83.96    |  14: 94.84    |  15: 85.21    |  16: 95.81    |  17: 73.95    |  18: 76.73    |  19: 82.41   
[Batch: 2305/2400] mIoU: 77.91  |  FB-IoU: 86.38 |  0: 88.53    |  1: 87.24    |  2: 91.34    |  3: 90.86    |  4: 43.35    |  5: 83.62    |  6: 26.14    |  7: 57.73    |  8: 49.25    |  9: 92.84    |  10: 89.52    |  11: 44.88    |  12: 67.07    |  13: 83.96    |  14: 94.84    |  15: 85.21    |  16: 95.81    |  17: 73.95    |  18: 76.73    |  19: 82.41   
[Batch: 2306/2400] mIoU: 77.91  |  FB-IoU: 86.39 |  0: 88.53    |  1: 87.24    |  2: 91.34    |  3: 90.86    |  4: 43.35    |  5: 83.62    |  6: 26.14    |  7: 57.73    |  8: 49.25    |  9: 92.84    |  10: 89.52    |  11: 44.88    |  12: 67.07    |  13: 83.96    |  14: 94.84    |  15: 85.21    |  16: 95.81    |  17: 73.95    |  18: 76.73    |  19: 82.41   
[Batch: 2307/2400] mIoU: 77.91  |  FB-IoU: 86.39 |  0: 88.53    |  1: 87.24    |  2: 91.34    |  3: 90.86    |  4: 43.35    |  5: 83.62    |  6: 26.14    |  7: 57.73    |  8: 49.25    |  9: 92.84    |  10: 89.52    |  11: 44.88    |  12: 67.07    |  13: 83.96    |  14: 94.84    |  15: 85.21    |  16: 95.81    |  17: 73.95    |  18: 76.73    |  19: 82.41   
[Batch: 2308/2400] mIoU: 77.91  |  FB-IoU: 86.40 |  0: 88.53    |  1: 87.24    |  2: 91.34    |  3: 90.86    |  4: 43.35    |  5: 83.62    |  6: 26.14    |  7: 57.73    |  8: 49.25    |  9: 92.84    |  10: 89.52    |  11: 44.88    |  12: 67.07    |  13: 83.96    |  14: 94.84    |  15: 85.21    |  16: 95.81    |  17: 73.95    |  18: 76.73    |  19: 82.41   
[Batch: 2309/2400] mIoU: 77.91  |  FB-IoU: 86.40 |  0: 88.53    |  1: 87.24    |  2: 91.34    |  3: 90.86    |  4: 43.35    |  5: 83.62    |  6: 26.14    |  7: 57.73    |  8: 49.25    |  9: 92.84    |  10: 89.52    |  11: 44.88    |  12: 67.07    |  13: 83.96    |  14: 94.84    |  15: 85.21    |  16: 95.81    |  17: 73.95    |  18: 76.73    |  19: 82.41   
[Batch: 2310/2400] mIoU: 77.91  |  FB-IoU: 86.41 |  0: 88.53    |  1: 87.24    |  2: 91.34    |  3: 90.86    |  4: 43.35    |  5: 83.62    |  6: 26.14    |  7: 57.73    |  8: 49.25    |  9: 92.84    |  10: 89.52    |  11: 44.88    |  12: 67.07    |  13: 83.96    |  14: 94.84    |  15: 85.21    |  16: 95.81    |  17: 73.95    |  18: 76.73    |  19: 82.41   
[Batch: 2311/2400] mIoU: 78.19  |  FB-IoU: 86.40 |  0: 88.53    |  1: 87.24    |  2: 91.34    |  3: 90.86    |  4: 43.35    |  5: 83.62    |  6: 26.14    |  7: 57.73    |  8: 49.25    |  9: 92.84    |  10: 89.52    |  11: 44.88    |  12: 67.07    |  13: 83.96    |  14: 94.84    |  15: 85.21    |  16: 95.81    |  17: 73.95    |  18: 76.73    |  19: 82.41   
[Batch: 2312/2400] mIoU: 78.27  |  FB-IoU: 86.41 |  0: 88.53    |  1: 87.24    |  2: 91.34    |  3: 90.86    |  4: 43.35    |  5: 83.62    |  6: 26.14    |  7: 57.73    |  8: 49.25    |  9: 92.84    |  10: 89.52    |  11: 44.88    |  12: 67.07    |  13: 83.96    |  14: 94.84    |  15: 85.21    |  16: 95.81    |  17: 73.95    |  18: 76.73    |  19: 82.41   
[Batch: 2313/2400] mIoU: 78.27  |  FB-IoU: 86.41 |  0: 88.53    |  1: 87.24    |  2: 91.34    |  3: 90.86    |  4: 43.35    |  5: 83.62    |  6: 26.14    |  7: 57.73    |  8: 49.25    |  9: 92.84    |  10: 89.52    |  11: 44.88    |  12: 67.07    |  13: 83.96    |  14: 94.84    |  15: 85.21    |  16: 95.81    |  17: 73.95    |  18: 76.73    |  19: 82.41   
[Batch: 2314/2400] mIoU: 78.28  |  FB-IoU: 86.42 |  0: 88.53    |  1: 87.24    |  2: 91.34    |  3: 90.86    |  4: 43.35    |  5: 83.62    |  6: 26.14    |  7: 57.73    |  8: 49.25    |  9: 92.84    |  10: 89.52    |  11: 44.88    |  12: 67.07    |  13: 83.96    |  14: 94.84    |  15: 85.21    |  16: 95.81    |  17: 73.95    |  18: 76.73    |  19: 82.41   
[Batch: 2315/2400] mIoU: 78.21  |  FB-IoU: 86.39 |  0: 88.53    |  1: 87.24    |  2: 91.34    |  3: 90.86    |  4: 43.35    |  5: 83.62    |  6: 26.14    |  7: 57.73    |  8: 49.25    |  9: 92.84    |  10: 89.52    |  11: 44.88    |  12: 67.07    |  13: 83.96    |  14: 94.84    |  15: 85.21    |  16: 95.81    |  17: 73.95    |  18: 76.73    |  19: 82.41   
[Batch: 2316/2400] mIoU: 78.22  |  FB-IoU: 86.39 |  0: 88.53    |  1: 87.24    |  2: 91.34    |  3: 90.86    |  4: 43.35    |  5: 83.62    |  6: 26.14    |  7: 57.73    |  8: 49.25    |  9: 92.84    |  10: 89.52    |  11: 44.88    |  12: 67.07    |  13: 83.96    |  14: 94.84    |  15: 85.21    |  16: 95.81    |  17: 73.95    |  18: 76.73    |  19: 82.41   
[Batch: 2317/2400] mIoU: 78.23  |  FB-IoU: 86.39 |  0: 88.53    |  1: 87.24    |  2: 91.34    |  3: 90.86    |  4: 43.35    |  5: 83.62    |  6: 26.14    |  7: 57.73    |  8: 49.25    |  9: 92.84    |  10: 89.52    |  11: 44.88    |  12: 67.07    |  13: 83.96    |  14: 94.84    |  15: 85.21    |  16: 95.81    |  17: 73.95    |  18: 76.73    |  19: 82.41   
[Batch: 2318/2400] mIoU: 78.24  |  FB-IoU: 86.40 |  0: 88.53    |  1: 87.24    |  2: 91.34    |  3: 90.86    |  4: 43.35    |  5: 83.62    |  6: 26.14    |  7: 57.73    |  8: 49.25    |  9: 92.84    |  10: 89.52    |  11: 44.88    |  12: 67.07    |  13: 83.96    |  14: 94.84    |  15: 85.21    |  16: 95.81    |  17: 73.95    |  18: 76.73    |  19: 82.41   
[Batch: 2319/2400] mIoU: 78.25  |  FB-IoU: 86.41 |  0: 88.53    |  1: 87.24    |  2: 91.34    |  3: 90.86    |  4: 43.35    |  5: 83.62    |  6: 26.14    |  7: 57.73    |  8: 49.25    |  9: 92.84    |  10: 89.52    |  11: 44.88    |  12: 67.07    |  13: 83.96    |  14: 94.84    |  15: 85.21    |  16: 95.81    |  17: 73.95    |  18: 76.73    |  19: 82.41   
[Batch: 2320/2400] mIoU: 78.26  |  FB-IoU: 86.41 |  0: 88.53    |  1: 87.24    |  2: 91.34    |  3: 90.86    |  4: 43.35    |  5: 83.62    |  6: 26.14    |  7: 57.73    |  8: 49.25    |  9: 92.84    |  10: 89.52    |  11: 44.88    |  12: 67.07    |  13: 83.96    |  14: 94.84    |  15: 85.21    |  16: 95.81    |  17: 73.95    |  18: 76.73    |  19: 82.41   
[Batch: 2321/2400] mIoU: 78.59  |  FB-IoU: 86.41 |  0: 88.53    |  1: 87.24    |  2: 91.34    |  3: 90.86    |  4: 43.35    |  5: 83.62    |  6: 26.14    |  7: 57.73    |  8: 49.25    |  9: 92.84    |  10: 89.52    |  11: 44.88    |  12: 67.07    |  13: 83.96    |  14: 94.84    |  15: 85.21    |  16: 95.81    |  17: 73.95    |  18: 76.73    |  19: 82.41   
[Batch: 2322/2400] mIoU: 78.58  |  FB-IoU: 86.41 |  0: 88.53    |  1: 87.24    |  2: 91.34    |  3: 90.86    |  4: 43.35    |  5: 83.62    |  6: 26.14    |  7: 57.73    |  8: 49.25    |  9: 92.84    |  10: 89.52    |  11: 44.88    |  12: 67.07    |  13: 83.96    |  14: 94.84    |  15: 85.21    |  16: 95.81    |  17: 73.95    |  18: 76.73    |  19: 82.41   
[Batch: 2323/2400] mIoU: 78.56  |  FB-IoU: 86.40 |  0: 88.53    |  1: 87.24    |  2: 91.34    |  3: 90.86    |  4: 43.35    |  5: 83.62    |  6: 26.14    |  7: 57.73    |  8: 49.25    |  9: 92.84    |  10: 89.52    |  11: 44.88    |  12: 67.07    |  13: 83.96    |  14: 94.84    |  15: 85.21    |  16: 95.81    |  17: 73.95    |  18: 76.73    |  19: 82.41   
[Batch: 2324/2400] mIoU: 78.59  |  FB-IoU: 86.41 |  0: 88.53    |  1: 87.24    |  2: 91.34    |  3: 90.86    |  4: 43.35    |  5: 83.62    |  6: 26.14    |  7: 57.73    |  8: 49.25    |  9: 92.84    |  10: 89.52    |  11: 44.88    |  12: 67.07    |  13: 83.96    |  14: 94.84    |  15: 85.21    |  16: 95.81    |  17: 73.95    |  18: 76.73    |  19: 82.41   
[Batch: 2325/2400] mIoU: 78.57  |  FB-IoU: 86.39 |  0: 88.53    |  1: 87.24    |  2: 91.34    |  3: 90.86    |  4: 43.35    |  5: 83.62    |  6: 26.14    |  7: 57.73    |  8: 49.25    |  9: 92.84    |  10: 89.52    |  11: 44.88    |  12: 67.07    |  13: 83.96    |  14: 94.84    |  15: 85.21    |  16: 95.81    |  17: 73.95    |  18: 76.73    |  19: 82.41   
[Batch: 2326/2400] mIoU: 78.57  |  FB-IoU: 86.39 |  0: 88.53    |  1: 87.24    |  2: 91.34    |  3: 90.86    |  4: 43.35    |  5: 83.62    |  6: 26.14    |  7: 57.73    |  8: 49.25    |  9: 92.84    |  10: 89.52    |  11: 44.88    |  12: 67.07    |  13: 83.96    |  14: 94.84    |  15: 85.21    |  16: 95.81    |  17: 73.95    |  18: 76.73    |  19: 82.41   
[Batch: 2327/2400] mIoU: 78.57  |  FB-IoU: 86.39 |  0: 88.53    |  1: 87.24    |  2: 91.34    |  3: 90.86    |  4: 43.35    |  5: 83.62    |  6: 26.14    |  7: 57.73    |  8: 49.25    |  9: 92.84    |  10: 89.52    |  11: 44.88    |  12: 67.07    |  13: 83.96    |  14: 94.84    |  15: 85.21    |  16: 95.81    |  17: 73.95    |  18: 76.73    |  19: 82.41   
[Batch: 2328/2400] mIoU: 78.53  |  FB-IoU: 86.36 |  0: 88.53    |  1: 87.24    |  2: 91.34    |  3: 90.86    |  4: 43.35    |  5: 83.62    |  6: 26.14    |  7: 57.73    |  8: 49.25    |  9: 92.84    |  10: 89.52    |  11: 44.88    |  12: 67.07    |  13: 83.96    |  14: 94.84    |  15: 85.21    |  16: 95.81    |  17: 73.95    |  18: 76.73    |  19: 82.41   
[Batch: 2329/2400] mIoU: 78.53  |  FB-IoU: 86.36 |  0: 88.53    |  1: 87.24    |  2: 91.34    |  3: 90.86    |  4: 43.35    |  5: 83.62    |  6: 26.14    |  7: 57.73    |  8: 49.25    |  9: 92.84    |  10: 89.52    |  11: 44.88    |  12: 67.07    |  13: 83.96    |  14: 94.84    |  15: 85.21    |  16: 95.81    |  17: 73.95    |  18: 76.73    |  19: 82.41   
[Batch: 2330/2400] mIoU: 78.54  |  FB-IoU: 86.36 |  0: 88.53    |  1: 87.24    |  2: 91.34    |  3: 90.86    |  4: 43.35    |  5: 83.62    |  6: 26.14    |  7: 57.73    |  8: 49.25    |  9: 92.84    |  10: 89.52    |  11: 44.88    |  12: 67.07    |  13: 83.96    |  14: 94.84    |  15: 85.21    |  16: 95.81    |  17: 73.95    |  18: 76.73    |  19: 82.41   
[Batch: 2331/2400] mIoU: 78.93  |  FB-IoU: 86.37 |  0: 88.53    |  1: 87.24    |  2: 91.34    |  3: 90.86    |  4: 43.35    |  5: 83.62    |  6: 26.14    |  7: 57.73    |  8: 49.25    |  9: 92.84    |  10: 89.52    |  11: 44.88    |  12: 67.07    |  13: 83.96    |  14: 94.84    |  15: 85.21    |  16: 95.81    |  17: 73.95    |  18: 76.73    |  19: 82.41   
[Batch: 2332/2400] mIoU: 78.91  |  FB-IoU: 86.37 |  0: 88.53    |  1: 87.24    |  2: 91.34    |  3: 90.86    |  4: 43.35    |  5: 83.62    |  6: 26.14    |  7: 57.73    |  8: 49.25    |  9: 92.84    |  10: 89.52    |  11: 44.88    |  12: 67.07    |  13: 83.96    |  14: 94.84    |  15: 85.21    |  16: 95.81    |  17: 73.95    |  18: 76.73    |  19: 82.41   
[Batch: 2333/2400] mIoU: 78.92  |  FB-IoU: 86.37 |  0: 88.53    |  1: 87.24    |  2: 91.34    |  3: 90.86    |  4: 43.35    |  5: 83.62    |  6: 26.14    |  7: 57.73    |  8: 49.25    |  9: 92.84    |  10: 89.52    |  11: 44.88    |  12: 67.07    |  13: 83.96    |  14: 94.84    |  15: 85.21    |  16: 95.81    |  17: 73.95    |  18: 76.73    |  19: 82.41   
[Batch: 2334/2400] mIoU: 78.92  |  FB-IoU: 86.37 |  0: 88.53    |  1: 87.24    |  2: 91.34    |  3: 90.86    |  4: 43.35    |  5: 83.62    |  6: 26.14    |  7: 57.73    |  8: 49.25    |  9: 92.84    |  10: 89.52    |  11: 44.88    |  12: 67.07    |  13: 83.96    |  14: 94.84    |  15: 85.21    |  16: 95.81    |  17: 73.95    |  18: 76.73    |  19: 82.41   
[Batch: 2335/2400] mIoU: 78.92  |  FB-IoU: 86.38 |  0: 88.53    |  1: 87.24    |  2: 91.34    |  3: 90.86    |  4: 43.35    |  5: 83.62    |  6: 26.14    |  7: 57.73    |  8: 49.25    |  9: 92.84    |  10: 89.52    |  11: 44.88    |  12: 67.07    |  13: 83.96    |  14: 94.84    |  15: 85.21    |  16: 95.81    |  17: 73.95    |  18: 76.73    |  19: 82.41   
[Batch: 2336/2400] mIoU: 78.92  |  FB-IoU: 86.38 |  0: 88.53    |  1: 87.24    |  2: 91.34    |  3: 90.86    |  4: 43.35    |  5: 83.62    |  6: 26.14    |  7: 57.73    |  8: 49.25    |  9: 92.84    |  10: 89.52    |  11: 44.88    |  12: 67.07    |  13: 83.96    |  14: 94.84    |  15: 85.21    |  16: 95.81    |  17: 73.95    |  18: 76.73    |  19: 82.41   
[Batch: 2337/2400] mIoU: 78.92  |  FB-IoU: 86.38 |  0: 88.53    |  1: 87.24    |  2: 91.34    |  3: 90.86    |  4: 43.35    |  5: 83.62    |  6: 26.14    |  7: 57.73    |  8: 49.25    |  9: 92.84    |  10: 89.52    |  11: 44.88    |  12: 67.07    |  13: 83.96    |  14: 94.84    |  15: 85.21    |  16: 95.81    |  17: 73.95    |  18: 76.73    |  19: 82.41   
[Batch: 2338/2400] mIoU: 78.92  |  FB-IoU: 86.38 |  0: 88.53    |  1: 87.24    |  2: 91.34    |  3: 90.86    |  4: 43.35    |  5: 83.62    |  6: 26.14    |  7: 57.73    |  8: 49.25    |  9: 92.84    |  10: 89.52    |  11: 44.88    |  12: 67.07    |  13: 83.96    |  14: 94.84    |  15: 85.21    |  16: 95.81    |  17: 73.95    |  18: 76.73    |  19: 82.41   
[Batch: 2339/2400] mIoU: 78.91  |  FB-IoU: 86.39 |  0: 88.53    |  1: 87.24    |  2: 91.34    |  3: 90.86    |  4: 43.35    |  5: 83.62    |  6: 26.14    |  7: 57.73    |  8: 49.25    |  9: 92.84    |  10: 89.52    |  11: 44.88    |  12: 67.07    |  13: 83.96    |  14: 94.84    |  15: 85.21    |  16: 95.81    |  17: 73.95    |  18: 76.73    |  19: 82.41   
[Batch: 2340/2400] mIoU: 78.91  |  FB-IoU: 86.39 |  0: 88.53    |  1: 87.24    |  2: 91.34    |  3: 90.86    |  4: 43.35    |  5: 83.62    |  6: 26.14    |  7: 57.73    |  8: 49.25    |  9: 92.84    |  10: 89.52    |  11: 44.88    |  12: 67.07    |  13: 83.96    |  14: 94.84    |  15: 85.21    |  16: 95.81    |  17: 73.95    |  18: 76.73    |  19: 82.41   
[Batch: 2341/2400] mIoU: 79.30  |  FB-IoU: 86.39 |  0: 88.53    |  1: 87.24    |  2: 91.34    |  3: 90.86    |  4: 43.35    |  5: 83.62    |  6: 26.14    |  7: 57.73    |  8: 49.25    |  9: 92.84    |  10: 89.52    |  11: 44.88    |  12: 67.07    |  13: 83.96    |  14: 94.84    |  15: 85.21    |  16: 95.81    |  17: 73.95    |  18: 76.73    |  19: 82.41   
[Batch: 2342/2400] mIoU: 79.30  |  FB-IoU: 86.39 |  0: 88.53    |  1: 87.24    |  2: 91.34    |  3: 90.86    |  4: 43.35    |  5: 83.62    |  6: 26.14    |  7: 57.73    |  8: 49.25    |  9: 92.84    |  10: 89.52    |  11: 44.88    |  12: 67.07    |  13: 83.96    |  14: 94.84    |  15: 85.21    |  16: 95.81    |  17: 73.95    |  18: 76.73    |  19: 82.41   
[Batch: 2343/2400] mIoU: 79.31  |  FB-IoU: 86.40 |  0: 88.53    |  1: 87.24    |  2: 91.34    |  3: 90.86    |  4: 43.35    |  5: 83.62    |  6: 26.14    |  7: 57.73    |  8: 49.25    |  9: 92.84    |  10: 89.52    |  11: 44.88    |  12: 67.07    |  13: 83.96    |  14: 94.84    |  15: 85.21    |  16: 95.81    |  17: 73.95    |  18: 76.73    |  19: 82.41   
[Batch: 2344/2400] mIoU: 79.31  |  FB-IoU: 86.40 |  0: 88.53    |  1: 87.24    |  2: 91.34    |  3: 90.86    |  4: 43.35    |  5: 83.62    |  6: 26.14    |  7: 57.73    |  8: 49.25    |  9: 92.84    |  10: 89.52    |  11: 44.88    |  12: 67.07    |  13: 83.96    |  14: 94.84    |  15: 85.21    |  16: 95.81    |  17: 73.95    |  18: 76.73    |  19: 82.41   
[Batch: 2345/2400] mIoU: 79.31  |  FB-IoU: 86.41 |  0: 88.53    |  1: 87.24    |  2: 91.34    |  3: 90.86    |  4: 43.35    |  5: 83.62    |  6: 26.14    |  7: 57.73    |  8: 49.25    |  9: 92.84    |  10: 89.52    |  11: 44.88    |  12: 67.07    |  13: 83.96    |  14: 94.84    |  15: 85.21    |  16: 95.81    |  17: 73.95    |  18: 76.73    |  19: 82.41   
[Batch: 2346/2400] mIoU: 79.31  |  FB-IoU: 86.41 |  0: 88.53    |  1: 87.24    |  2: 91.34    |  3: 90.86    |  4: 43.35    |  5: 83.62    |  6: 26.14    |  7: 57.73    |  8: 49.25    |  9: 92.84    |  10: 89.52    |  11: 44.88    |  12: 67.07    |  13: 83.96    |  14: 94.84    |  15: 85.21    |  16: 95.81    |  17: 73.95    |  18: 76.73    |  19: 82.41   
[Batch: 2347/2400] mIoU: 79.31  |  FB-IoU: 86.41 |  0: 88.53    |  1: 87.24    |  2: 91.34    |  3: 90.86    |  4: 43.35    |  5: 83.62    |  6: 26.14    |  7: 57.73    |  8: 49.25    |  9: 92.84    |  10: 89.52    |  11: 44.88    |  12: 67.07    |  13: 83.96    |  14: 94.84    |  15: 85.21    |  16: 95.81    |  17: 73.95    |  18: 76.73    |  19: 82.41   
[Batch: 2348/2400] mIoU: 79.31  |  FB-IoU: 86.42 |  0: 88.53    |  1: 87.24    |  2: 91.34    |  3: 90.86    |  4: 43.35    |  5: 83.62    |  6: 26.14    |  7: 57.73    |  8: 49.25    |  9: 92.84    |  10: 89.52    |  11: 44.88    |  12: 67.07    |  13: 83.96    |  14: 94.84    |  15: 85.21    |  16: 95.81    |  17: 73.95    |  18: 76.73    |  19: 82.41   
[Batch: 2349/2400] mIoU: 79.31  |  FB-IoU: 86.42 |  0: 88.53    |  1: 87.24    |  2: 91.34    |  3: 90.86    |  4: 43.35    |  5: 83.62    |  6: 26.14    |  7: 57.73    |  8: 49.25    |  9: 92.84    |  10: 89.52    |  11: 44.88    |  12: 67.07    |  13: 83.96    |  14: 94.84    |  15: 85.21    |  16: 95.81    |  17: 73.95    |  18: 76.73    |  19: 82.41   
[Batch: 2350/2400] mIoU: 79.31  |  FB-IoU: 86.43 |  0: 88.53    |  1: 87.24    |  2: 91.34    |  3: 90.86    |  4: 43.35    |  5: 83.62    |  6: 26.14    |  7: 57.73    |  8: 49.25    |  9: 92.84    |  10: 89.52    |  11: 44.88    |  12: 67.07    |  13: 83.96    |  14: 94.84    |  15: 85.21    |  16: 95.81    |  17: 73.95    |  18: 76.73    |  19: 82.41   
[Batch: 2351/2400] mIoU: 79.70  |  FB-IoU: 86.43 |  0: 88.53    |  1: 87.24    |  2: 91.34    |  3: 90.86    |  4: 43.35    |  5: 83.62    |  6: 26.14    |  7: 57.73    |  8: 49.25    |  9: 92.84    |  10: 89.52    |  11: 44.88    |  12: 67.07    |  13: 83.96    |  14: 94.84    |  15: 85.21    |  16: 95.81    |  17: 73.95    |  18: 76.73    |  19: 82.41   
[Batch: 2352/2400] mIoU: 79.70  |  FB-IoU: 86.43 |  0: 88.53    |  1: 87.24    |  2: 91.34    |  3: 90.86    |  4: 43.35    |  5: 83.62    |  6: 26.14    |  7: 57.73    |  8: 49.25    |  9: 92.84    |  10: 89.52    |  11: 44.88    |  12: 67.07    |  13: 83.96    |  14: 94.84    |  15: 85.21    |  16: 95.81    |  17: 73.95    |  18: 76.73    |  19: 82.41   
[Batch: 2353/2400] mIoU: 79.68  |  FB-IoU: 86.43 |  0: 88.53    |  1: 87.24    |  2: 91.34    |  3: 90.86    |  4: 43.35    |  5: 83.62    |  6: 26.14    |  7: 57.73    |  8: 49.25    |  9: 92.84    |  10: 89.52    |  11: 44.88    |  12: 67.07    |  13: 83.96    |  14: 94.84    |  15: 85.21    |  16: 95.81    |  17: 73.95    |  18: 76.73    |  19: 82.41   
[Batch: 2354/2400] mIoU: 79.61  |  FB-IoU: 86.41 |  0: 88.53    |  1: 87.24    |  2: 91.34    |  3: 90.86    |  4: 43.35    |  5: 83.62    |  6: 26.14    |  7: 57.73    |  8: 49.25    |  9: 92.84    |  10: 89.52    |  11: 44.88    |  12: 67.07    |  13: 83.96    |  14: 94.84    |  15: 85.21    |  16: 95.81    |  17: 73.95    |  18: 76.73    |  19: 82.41   
[Batch: 2355/2400] mIoU: 79.53  |  FB-IoU: 86.37 |  0: 88.53    |  1: 87.24    |  2: 91.34    |  3: 90.86    |  4: 43.35    |  5: 83.62    |  6: 26.14    |  7: 57.73    |  8: 49.25    |  9: 92.84    |  10: 89.52    |  11: 44.88    |  12: 67.07    |  13: 83.96    |  14: 94.84    |  15: 85.21    |  16: 95.81    |  17: 73.95    |  18: 76.73    |  19: 82.41   
[Batch: 2356/2400] mIoU: 79.47  |  FB-IoU: 86.30 |  0: 88.53    |  1: 87.24    |  2: 91.34    |  3: 90.86    |  4: 43.35    |  5: 83.62    |  6: 26.14    |  7: 57.73    |  8: 49.25    |  9: 92.84    |  10: 89.52    |  11: 44.88    |  12: 67.07    |  13: 83.96    |  14: 94.84    |  15: 85.21    |  16: 95.81    |  17: 73.95    |  18: 76.73    |  19: 82.41   
[Batch: 2357/2400] mIoU: 79.49  |  FB-IoU: 86.30 |  0: 88.53    |  1: 87.24    |  2: 91.34    |  3: 90.86    |  4: 43.35    |  5: 83.62    |  6: 26.14    |  7: 57.73    |  8: 49.25    |  9: 92.84    |  10: 89.52    |  11: 44.88    |  12: 67.07    |  13: 83.96    |  14: 94.84    |  15: 85.21    |  16: 95.81    |  17: 73.95    |  18: 76.73    |  19: 82.41   
[Batch: 2358/2400] mIoU: 79.50  |  FB-IoU: 86.30 |  0: 88.53    |  1: 87.24    |  2: 91.34    |  3: 90.86    |  4: 43.35    |  5: 83.62    |  6: 26.14    |  7: 57.73    |  8: 49.25    |  9: 92.84    |  10: 89.52    |  11: 44.88    |  12: 67.07    |  13: 83.96    |  14: 94.84    |  15: 85.21    |  16: 95.81    |  17: 73.95    |  18: 76.73    |  19: 82.41   
[Batch: 2359/2400] mIoU: 79.50  |  FB-IoU: 86.29 |  0: 88.53    |  1: 87.24    |  2: 91.34    |  3: 90.86    |  4: 43.35    |  5: 83.62    |  6: 26.14    |  7: 57.73    |  8: 49.25    |  9: 92.84    |  10: 89.52    |  11: 44.88    |  12: 67.07    |  13: 83.96    |  14: 94.84    |  15: 85.21    |  16: 95.81    |  17: 73.95    |  18: 76.73    |  19: 82.41   
[Batch: 2360/2400] mIoU: 79.51  |  FB-IoU: 86.29 |  0: 88.53    |  1: 87.24    |  2: 91.34    |  3: 90.86    |  4: 43.35    |  5: 83.62    |  6: 26.14    |  7: 57.73    |  8: 49.25    |  9: 92.84    |  10: 89.52    |  11: 44.88    |  12: 67.07    |  13: 83.96    |  14: 94.84    |  15: 85.21    |  16: 95.81    |  17: 73.95    |  18: 76.73    |  19: 82.41   
[Batch: 2361/2400] mIoU: 79.54  |  FB-IoU: 86.24 |  0: 88.53    |  1: 87.24    |  2: 91.34    |  3: 90.86    |  4: 43.35    |  5: 83.62    |  6: 26.14    |  7: 57.73    |  8: 49.25    |  9: 92.84    |  10: 89.52    |  11: 44.88    |  12: 67.07    |  13: 83.96    |  14: 94.84    |  15: 85.21    |  16: 95.81    |  17: 73.95    |  18: 76.73    |  19: 82.41   
[Batch: 2362/2400] mIoU: 79.63  |  FB-IoU: 86.24 |  0: 88.53    |  1: 87.24    |  2: 91.34    |  3: 90.86    |  4: 43.35    |  5: 83.62    |  6: 26.14    |  7: 57.73    |  8: 49.25    |  9: 92.84    |  10: 89.52    |  11: 44.88    |  12: 67.07    |  13: 83.96    |  14: 94.84    |  15: 85.21    |  16: 95.81    |  17: 73.95    |  18: 76.73    |  19: 82.41   
[Batch: 2363/2400] mIoU: 79.65  |  FB-IoU: 86.24 |  0: 88.53    |  1: 87.24    |  2: 91.34    |  3: 90.86    |  4: 43.35    |  5: 83.62    |  6: 26.14    |  7: 57.73    |  8: 49.25    |  9: 92.84    |  10: 89.52    |  11: 44.88    |  12: 67.07    |  13: 83.96    |  14: 94.84    |  15: 85.21    |  16: 95.81    |  17: 73.95    |  18: 76.73    |  19: 82.41   
[Batch: 2364/2400] mIoU: 79.66  |  FB-IoU: 86.24 |  0: 88.53    |  1: 87.24    |  2: 91.34    |  3: 90.86    |  4: 43.35    |  5: 83.62    |  6: 26.14    |  7: 57.73    |  8: 49.25    |  9: 92.84    |  10: 89.52    |  11: 44.88    |  12: 67.07    |  13: 83.96    |  14: 94.84    |  15: 85.21    |  16: 95.81    |  17: 73.95    |  18: 76.73    |  19: 82.41   
[Batch: 2365/2400] mIoU: 79.68  |  FB-IoU: 86.24 |  0: 88.53    |  1: 87.24    |  2: 91.34    |  3: 90.86    |  4: 43.35    |  5: 83.62    |  6: 26.14    |  7: 57.73    |  8: 49.25    |  9: 92.84    |  10: 89.52    |  11: 44.88    |  12: 67.07    |  13: 83.96    |  14: 94.84    |  15: 85.21    |  16: 95.81    |  17: 73.95    |  18: 76.73    |  19: 82.41   
[Batch: 2366/2400] mIoU: 79.69  |  FB-IoU: 86.25 |  0: 88.53    |  1: 87.24    |  2: 91.34    |  3: 90.86    |  4: 43.35    |  5: 83.62    |  6: 26.14    |  7: 57.73    |  8: 49.25    |  9: 92.84    |  10: 89.52    |  11: 44.88    |  12: 67.07    |  13: 83.96    |  14: 94.84    |  15: 85.21    |  16: 95.81    |  17: 73.95    |  18: 76.73    |  19: 82.41   
[Batch: 2367/2400] mIoU: 79.69  |  FB-IoU: 86.25 |  0: 88.53    |  1: 87.24    |  2: 91.34    |  3: 90.86    |  4: 43.35    |  5: 83.62    |  6: 26.14    |  7: 57.73    |  8: 49.25    |  9: 92.84    |  10: 89.52    |  11: 44.88    |  12: 67.07    |  13: 83.96    |  14: 94.84    |  15: 85.21    |  16: 95.81    |  17: 73.95    |  18: 76.73    |  19: 82.41   
[Batch: 2368/2400] mIoU: 79.70  |  FB-IoU: 86.25 |  0: 88.53    |  1: 87.24    |  2: 91.34    |  3: 90.86    |  4: 43.35    |  5: 83.62    |  6: 26.14    |  7: 57.73    |  8: 49.25    |  9: 92.84    |  10: 89.52    |  11: 44.88    |  12: 67.07    |  13: 83.96    |  14: 94.84    |  15: 85.21    |  16: 95.81    |  17: 73.95    |  18: 76.73    |  19: 82.41   
[Batch: 2369/2400] mIoU: 79.72  |  FB-IoU: 86.25 |  0: 88.53    |  1: 87.24    |  2: 91.34    |  3: 90.86    |  4: 43.35    |  5: 83.62    |  6: 26.14    |  7: 57.73    |  8: 49.25    |  9: 92.84    |  10: 89.52    |  11: 44.88    |  12: 67.07    |  13: 83.96    |  14: 94.84    |  15: 85.21    |  16: 95.81    |  17: 73.95    |  18: 76.73    |  19: 82.41   
[Batch: 2370/2400] mIoU: 79.72  |  FB-IoU: 86.25 |  0: 88.53    |  1: 87.24    |  2: 91.34    |  3: 90.86    |  4: 43.35    |  5: 83.62    |  6: 26.14    |  7: 57.73    |  8: 49.25    |  9: 92.84    |  10: 89.52    |  11: 44.88    |  12: 67.07    |  13: 83.96    |  14: 94.84    |  15: 85.21    |  16: 95.81    |  17: 73.95    |  18: 76.73    |  19: 82.41   
[Batch: 2371/2400] mIoU: 80.09  |  FB-IoU: 86.25 |  0: 88.53    |  1: 87.24    |  2: 91.34    |  3: 90.86    |  4: 43.35    |  5: 83.62    |  6: 26.14    |  7: 57.73    |  8: 49.25    |  9: 92.84    |  10: 89.52    |  11: 44.88    |  12: 67.07    |  13: 83.96    |  14: 94.84    |  15: 85.21    |  16: 95.81    |  17: 73.95    |  18: 76.73    |  19: 82.41   
[Batch: 2372/2400] mIoU: 80.02  |  FB-IoU: 86.23 |  0: 88.53    |  1: 87.24    |  2: 91.34    |  3: 90.86    |  4: 43.35    |  5: 83.62    |  6: 26.14    |  7: 57.73    |  8: 49.25    |  9: 92.84    |  10: 89.52    |  11: 44.88    |  12: 67.07    |  13: 83.96    |  14: 94.84    |  15: 85.21    |  16: 95.81    |  17: 73.95    |  18: 76.73    |  19: 82.41   
[Batch: 2373/2400] mIoU: 80.06  |  FB-IoU: 86.24 |  0: 88.53    |  1: 87.24    |  2: 91.34    |  3: 90.86    |  4: 43.35    |  5: 83.62    |  6: 26.14    |  7: 57.73    |  8: 49.25    |  9: 92.84    |  10: 89.52    |  11: 44.88    |  12: 67.07    |  13: 83.96    |  14: 94.84    |  15: 85.21    |  16: 95.81    |  17: 73.95    |  18: 76.73    |  19: 82.41   
[Batch: 2374/2400] mIoU: 80.01  |  FB-IoU: 86.20 |  0: 88.53    |  1: 87.24    |  2: 91.34    |  3: 90.86    |  4: 43.35    |  5: 83.62    |  6: 26.14    |  7: 57.73    |  8: 49.25    |  9: 92.84    |  10: 89.52    |  11: 44.88    |  12: 67.07    |  13: 83.96    |  14: 94.84    |  15: 85.21    |  16: 95.81    |  17: 73.95    |  18: 76.73    |  19: 82.41   
[Batch: 2375/2400] mIoU: 79.99  |  FB-IoU: 86.18 |  0: 88.53    |  1: 87.24    |  2: 91.34    |  3: 90.86    |  4: 43.35    |  5: 83.62    |  6: 26.14    |  7: 57.73    |  8: 49.25    |  9: 92.84    |  10: 89.52    |  11: 44.88    |  12: 67.07    |  13: 83.96    |  14: 94.84    |  15: 85.21    |  16: 95.81    |  17: 73.95    |  18: 76.73    |  19: 82.41   
[Batch: 2376/2400] mIoU: 80.01  |  FB-IoU: 86.19 |  0: 88.53    |  1: 87.24    |  2: 91.34    |  3: 90.86    |  4: 43.35    |  5: 83.62    |  6: 26.14    |  7: 57.73    |  8: 49.25    |  9: 92.84    |  10: 89.52    |  11: 44.88    |  12: 67.07    |  13: 83.96    |  14: 94.84    |  15: 85.21    |  16: 95.81    |  17: 73.95    |  18: 76.73    |  19: 82.41   
[Batch: 2377/2400] mIoU: 80.00  |  FB-IoU: 86.16 |  0: 88.53    |  1: 87.24    |  2: 91.34    |  3: 90.86    |  4: 43.35    |  5: 83.62    |  6: 26.14    |  7: 57.73    |  8: 49.25    |  9: 92.84    |  10: 89.52    |  11: 44.88    |  12: 67.07    |  13: 83.96    |  14: 94.84    |  15: 85.21    |  16: 95.81    |  17: 73.95    |  18: 76.73    |  19: 82.41   
[Batch: 2378/2400] mIoU: 80.00  |  FB-IoU: 86.15 |  0: 88.53    |  1: 87.24    |  2: 91.34    |  3: 90.86    |  4: 43.35    |  5: 83.62    |  6: 26.14    |  7: 57.73    |  8: 49.25    |  9: 92.84    |  10: 89.52    |  11: 44.88    |  12: 67.07    |  13: 83.96    |  14: 94.84    |  15: 85.21    |  16: 95.81    |  17: 73.95    |  18: 76.73    |  19: 82.41   
[Batch: 2379/2400] mIoU: 80.00  |  FB-IoU: 86.14 |  0: 88.53    |  1: 87.24    |  2: 91.34    |  3: 90.86    |  4: 43.35    |  5: 83.62    |  6: 26.14    |  7: 57.73    |  8: 49.25    |  9: 92.84    |  10: 89.52    |  11: 44.88    |  12: 67.07    |  13: 83.96    |  14: 94.84    |  15: 85.21    |  16: 95.81    |  17: 73.95    |  18: 76.73    |  19: 82.41   
[Batch: 2380/2400] mIoU: 80.01  |  FB-IoU: 86.15 |  0: 88.53    |  1: 87.24    |  2: 91.34    |  3: 90.86    |  4: 43.35    |  5: 83.62    |  6: 26.14    |  7: 57.73    |  8: 49.25    |  9: 92.84    |  10: 89.52    |  11: 44.88    |  12: 67.07    |  13: 83.96    |  14: 94.84    |  15: 85.21    |  16: 95.81    |  17: 73.95    |  18: 76.73    |  19: 82.41   
[Batch: 2381/2400] mIoU: 80.41  |  FB-IoU: 86.16 |  0: 88.53    |  1: 87.24    |  2: 91.34    |  3: 90.86    |  4: 43.35    |  5: 83.62    |  6: 26.14    |  7: 57.73    |  8: 49.25    |  9: 92.84    |  10: 89.52    |  11: 44.88    |  12: 67.07    |  13: 83.96    |  14: 94.84    |  15: 85.21    |  16: 95.81    |  17: 73.95    |  18: 76.73    |  19: 82.41   
[Batch: 2382/2400] mIoU: 80.41  |  FB-IoU: 86.16 |  0: 88.53    |  1: 87.24    |  2: 91.34    |  3: 90.86    |  4: 43.35    |  5: 83.62    |  6: 26.14    |  7: 57.73    |  8: 49.25    |  9: 92.84    |  10: 89.52    |  11: 44.88    |  12: 67.07    |  13: 83.96    |  14: 94.84    |  15: 85.21    |  16: 95.81    |  17: 73.95    |  18: 76.73    |  19: 82.41   
[Batch: 2383/2400] mIoU: 80.41  |  FB-IoU: 86.17 |  0: 88.53    |  1: 87.24    |  2: 91.34    |  3: 90.86    |  4: 43.35    |  5: 83.62    |  6: 26.14    |  7: 57.73    |  8: 49.25    |  9: 92.84    |  10: 89.52    |  11: 44.88    |  12: 67.07    |  13: 83.96    |  14: 94.84    |  15: 85.21    |  16: 95.81    |  17: 73.95    |  18: 76.73    |  19: 82.41   
[Batch: 2384/2400] mIoU: 80.40  |  FB-IoU: 86.17 |  0: 88.53    |  1: 87.24    |  2: 91.34    |  3: 90.86    |  4: 43.35    |  5: 83.62    |  6: 26.14    |  7: 57.73    |  8: 49.25    |  9: 92.84    |  10: 89.52    |  11: 44.88    |  12: 67.07    |  13: 83.96    |  14: 94.84    |  15: 85.21    |  16: 95.81    |  17: 73.95    |  18: 76.73    |  19: 82.41   
[Batch: 2385/2400] mIoU: 80.40  |  FB-IoU: 86.17 |  0: 88.53    |  1: 87.24    |  2: 91.34    |  3: 90.86    |  4: 43.35    |  5: 83.62    |  6: 26.14    |  7: 57.73    |  8: 49.25    |  9: 92.84    |  10: 89.52    |  11: 44.88    |  12: 67.07    |  13: 83.96    |  14: 94.84    |  15: 85.21    |  16: 95.81    |  17: 73.95    |  18: 76.73    |  19: 82.41   
[Batch: 2386/2400] mIoU: 80.40  |  FB-IoU: 86.17 |  0: 88.53    |  1: 87.24    |  2: 91.34    |  3: 90.86    |  4: 43.35    |  5: 83.62    |  6: 26.14    |  7: 57.73    |  8: 49.25    |  9: 92.84    |  10: 89.52    |  11: 44.88    |  12: 67.07    |  13: 83.96    |  14: 94.84    |  15: 85.21    |  16: 95.81    |  17: 73.95    |  18: 76.73    |  19: 82.41   
[Batch: 2387/2400] mIoU: 80.40  |  FB-IoU: 86.18 |  0: 88.53    |  1: 87.24    |  2: 91.34    |  3: 90.86    |  4: 43.35    |  5: 83.62    |  6: 26.14    |  7: 57.73    |  8: 49.25    |  9: 92.84    |  10: 89.52    |  11: 44.88    |  12: 67.07    |  13: 83.96    |  14: 94.84    |  15: 85.21    |  16: 95.81    |  17: 73.95    |  18: 76.73    |  19: 82.41   
[Batch: 2388/2400] mIoU: 80.40  |  FB-IoU: 86.18 |  0: 88.53    |  1: 87.24    |  2: 91.34    |  3: 90.86    |  4: 43.35    |  5: 83.62    |  6: 26.14    |  7: 57.73    |  8: 49.25    |  9: 92.84    |  10: 89.52    |  11: 44.88    |  12: 67.07    |  13: 83.96    |  14: 94.84    |  15: 85.21    |  16: 95.81    |  17: 73.95    |  18: 76.73    |  19: 82.41   
[Batch: 2389/2400] mIoU: 80.40  |  FB-IoU: 86.19 |  0: 88.53    |  1: 87.24    |  2: 91.34    |  3: 90.86    |  4: 43.35    |  5: 83.62    |  6: 26.14    |  7: 57.73    |  8: 49.25    |  9: 92.84    |  10: 89.52    |  11: 44.88    |  12: 67.07    |  13: 83.96    |  14: 94.84    |  15: 85.21    |  16: 95.81    |  17: 73.95    |  18: 76.73    |  19: 82.41   
[Batch: 2390/2400] mIoU: 80.40  |  FB-IoU: 86.19 |  0: 88.53    |  1: 87.24    |  2: 91.34    |  3: 90.86    |  4: 43.35    |  5: 83.62    |  6: 26.14    |  7: 57.73    |  8: 49.25    |  9: 92.84    |  10: 89.52    |  11: 44.88    |  12: 67.07    |  13: 83.96    |  14: 94.84    |  15: 85.21    |  16: 95.81    |  17: 73.95    |  18: 76.73    |  19: 82.41   
[Batch: 2391/2400] mIoU: 80.79  |  FB-IoU: 86.19 |  0: 88.53    |  1: 87.24    |  2: 91.34    |  3: 90.86    |  4: 43.35    |  5: 83.62    |  6: 26.14    |  7: 57.73    |  8: 49.25    |  9: 92.84    |  10: 89.52    |  11: 44.88    |  12: 67.07    |  13: 83.96    |  14: 94.84    |  15: 85.21    |  16: 95.81    |  17: 73.95    |  18: 76.73    |  19: 82.41   
[Batch: 2392/2400] mIoU: 80.79  |  FB-IoU: 86.20 |  0: 88.53    |  1: 87.24    |  2: 91.34    |  3: 90.86    |  4: 43.35    |  5: 83.62    |  6: 26.14    |  7: 57.73    |  8: 49.25    |  9: 92.84    |  10: 89.52    |  11: 44.88    |  12: 67.07    |  13: 83.96    |  14: 94.84    |  15: 85.21    |  16: 95.81    |  17: 73.95    |  18: 76.73    |  19: 82.41   
[Batch: 2393/2400] mIoU: 80.79  |  FB-IoU: 86.20 |  0: 88.53    |  1: 87.24    |  2: 91.34    |  3: 90.86    |  4: 43.35    |  5: 83.62    |  6: 26.14    |  7: 57.73    |  8: 49.25    |  9: 92.84    |  10: 89.52    |  11: 44.88    |  12: 67.07    |  13: 83.96    |  14: 94.84    |  15: 85.21    |  16: 95.81    |  17: 73.95    |  18: 76.73    |  19: 82.41   
[Batch: 2394/2400] mIoU: 80.79  |  FB-IoU: 86.20 |  0: 88.53    |  1: 87.24    |  2: 91.34    |  3: 90.86    |  4: 43.35    |  5: 83.62    |  6: 26.14    |  7: 57.73    |  8: 49.25    |  9: 92.84    |  10: 89.52    |  11: 44.88    |  12: 67.07    |  13: 83.96    |  14: 94.84    |  15: 85.21    |  16: 95.81    |  17: 73.95    |  18: 76.73    |  19: 82.41   
[Batch: 2395/2400] mIoU: 80.78  |  FB-IoU: 86.20 |  0: 88.53    |  1: 87.24    |  2: 91.34    |  3: 90.86    |  4: 43.35    |  5: 83.62    |  6: 26.14    |  7: 57.73    |  8: 49.25    |  9: 92.84    |  10: 89.52    |  11: 44.88    |  12: 67.07    |  13: 83.96    |  14: 94.84    |  15: 85.21    |  16: 95.81    |  17: 73.95    |  18: 76.73    |  19: 82.41   
[Batch: 2396/2400] mIoU: 80.77  |  FB-IoU: 86.20 |  0: 88.53    |  1: 87.24    |  2: 91.34    |  3: 90.86    |  4: 43.35    |  5: 83.62    |  6: 26.14    |  7: 57.73    |  8: 49.25    |  9: 92.84    |  10: 89.52    |  11: 44.88    |  12: 67.07    |  13: 83.96    |  14: 94.84    |  15: 85.21    |  16: 95.81    |  17: 73.95    |  18: 76.73    |  19: 82.41   
[Batch: 2397/2400] mIoU: 80.76  |  FB-IoU: 86.21 |  0: 88.53    |  1: 87.24    |  2: 91.34    |  3: 90.86    |  4: 43.35    |  5: 83.62    |  6: 26.14    |  7: 57.73    |  8: 49.25    |  9: 92.84    |  10: 89.52    |  11: 44.88    |  12: 67.07    |  13: 83.96    |  14: 94.84    |  15: 85.21    |  16: 95.81    |  17: 73.95    |  18: 76.73    |  19: 82.41   
[Batch: 2398/2400] mIoU: 80.76  |  FB-IoU: 86.21 |  0: 88.53    |  1: 87.24    |  2: 91.34    |  3: 90.86    |  4: 43.35    |  5: 83.62    |  6: 26.14    |  7: 57.73    |  8: 49.25    |  9: 92.84    |  10: 89.52    |  11: 44.88    |  12: 67.07    |  13: 83.96    |  14: 94.84    |  15: 85.21    |  16: 95.81    |  17: 73.95    |  18: 76.73    |  19: 82.41   
[Batch: 2399/2400] mIoU: 80.76  |  FB-IoU: 86.21 |  0: 88.53    |  1: 87.24    |  2: 91.34    |  3: 90.86    |  4: 43.35    |  5: 83.62    |  6: 26.14    |  7: 57.73    |  8: 49.25    |  9: 92.84    |  10: 89.52    |  11: 44.88    |  12: 67.07    |  13: 83.96    |  14: 94.84    |  15: 85.21    |  16: 95.81    |  17: 73.95    |  18: 76.73    |  19: 82.41   
[Batch: 2400/2400] mIoU: 80.77  |  FB-IoU: 86.21 |  0: 88.53    |  1: 87.24    |  2: 91.34    |  3: 90.86    |  4: 43.35    |  5: 83.62    |  6: 26.14    |  7: 57.73    |  8: 49.25    |  9: 92.84    |  10: 89.52    |  11: 44.88    |  12: 67.07    |  13: 83.96    |  14: 94.84    |  15: 85.21    |  16: 95.81    |  17: 73.95    |  18: 76.73    |  19: 82.41   

*** Test [@Epoch 00] Avg L: 0.00000  mIoU: 80.77   FB-IoU: 86.21    |  0: 88.53    |  1: 87.24    |  2: 91.34    |  3: 90.86    |  4: 43.35    |  5: 83.62    |  6: 26.14    |  7: 57.73    |  8: 49.25    |  9: 92.84    |  10: 89.52    |  11: 44.88    |  12: 67.07    |  13: 83.96    |  14: 94.84    |  15: 85.21    |  16: 95.81    |  17: 73.95    |  18: 76.73    |  19: 82.41   ***

Fold 0 mIoU: 80.77 	 FB-IoU: 86.21
==================== Finished Testing ====================
